# port=/dev/cu.usbmodem1101 baud=115200
ESP-ROM:esp32s3-20210327
Build:Mar 27 2021
rst:0x15 (USB_UART_CHIP_RESET),boot:0x2b (SPI_FAST_FLASH_BOOT)
Saved PC:0x40374283
SPIWP:0xee
mode:DIO, clock div:1
load:0x3fce3808,len:0x4bc
load:0x403c9700,len:0xbd8
load:0x403cc700,len:0x2a0c
entry 0x403c98d0
ESP-ROM:esp32s3-20210327
Build:Mar 27 2021
rst:0x15 (USB_UART_CHIP_RESET),boot:0x2b (SPI_FAST_FLASH_BOOT)
Saved PC:0x403ce237
SPIWP:0xee
mode:DIO, clock div:1
load:0x3fce3808,len:0x4bc
load:0x403c9700,len:0xbd8
load:0x403cc700,len:0x2a0c
entry 0x403c98d0
Guru Meditation Error: Core  0 panic'ed (Cache disabled but cached memory region accessed). 


Core  0 register dump:
PC      : 0x4202d3b2  PS      : 0x00060034  A0      : 0x803779f8  A1      : 0x3fc97d50  
A2      : 0x3fc97d5f  A3      : 0x00000001  A4      : 0x00060021  A5      : 0x3fcf3e80  
A6      : 0x00000000  A7      : 0x3fc97d50  A8      : 0x803754a8  A9      : 0x00060d23  
A10     : 0x00000001  A11     : 0x00000001  A12     : 0x00000001  A13     : 0x600c4130  
A14     : 0x00000000  A15     : 0x4004e950  SAR     : 0x0000000e  EXCCAUSE: 0x00000007  
EXCVADDR: 0x00000000  LBEG    : 0x40056f5c  LEND    : 0x40056f72  LCOUNT  : 0xffffffff  


Backtrace: 0x4202d3af:0x3fc97d50 0x403779f5:0x3fc97d80 0x4037f2d8:0x3fc97da0 0x4037dc47:0x3fc97dc0 0x40379d50:0x3fc97de0 0x40379b75:0x3fc97e00 0x40385e52:0x3fcf3ed0 0x403771de:0x3fcf3f50 0x4203cc11:0x3fcf3f90 0x4203e716:0x3fcf3fb0 0x4203f63f:0x3fcf3fd0 0x4203f97a:0x3fcf4060 0x4203fcc6:0x3fcf40b0 0x4203e407:0x3fcf4120 0x4203e8ff:0x3fcf4180 0x4203e9af:0x3fcf41b0 0x4203d0bd:0x3fcf41e0 0x4203d0e2:0x3fcf4210 0x420320a0:0x3fcf4230 0x420336cf:0x3fcf4260 0x420d4e43:0x3fcf4290




ELF file SHA256: d31ea98e27c05196

Rebooting...
ESP-ROM:esp32s3-20210327
Build:Mar 27 2021
rst:0xc (RTC_SW_CPU_RST),boot:0x2b (SPI_FAST_FLASH_BOOT)
Saved PC:0x40377ff0
SPIWP:0xee
mode:DIO, clock div:1
load:0x3fce3808,len:0x4bc
load:0x403c9700,len:0xbd8
load:0x403cc700,len:0x2a0c
entry 0x403c98d0
Guru Meditation Error: Core  0 panic'ed (Cache disabled but cached memory region accessed). 


Core  0 register dump:
PC      : 0x4202d3b2  PS      : 0x00060034  A0      : 0x803779f8  A1      : 0x3fc97d50  
A2      : 0x3fc97d5f  A3      : 0x00000001  A4      : 0x00060021  A5      : 0x3fcf3e80  
A6      : 0x00000000  A7      : 0x3fc97d50  A8      : 0x803754a8  A9      : 0x00060d23  
A10     : 0x00000001  A11     : 0x00000001  A12     : 0x00000001  A13     : 0x600c4130  
A14     : 0x00000000  A15     : 0x4004e950  SAR     : 0x0000000e  EXCCAUSE: 0x00000007  
EXCVADDR: 0x00000000  LBEG    : 0x40056f5c  LEND    : 0x40056f72  LCOUNT  : 0xffffffff  


Backtrace: 0x4202d3af:0x3fc97d50 0x403779f5:0x3fc97d80 0x4037f2d8:0x3fc97da0 0x4037dc47:0x3fc97dc0 0x40379d50:0x3fc97de0 0x40379b75:0x3fc97e00 0x4037b8c6:0x3fcf3f30 0x40377211:0x3fcf3f50 0x4203cc11:0x3fcf3f90 0x4203e716:0x3fcf3fb0 0x4203f63f:0x3fcf3fd0 0x4203f97a:0x3fcf4060 0x4203fcc6:0x3fcf40b0 0x4203e407:0x3fcf4120 0x4203e8ff:0x3fcf4180 0x4203e9af:0x3fcf41b0 0x4203d0bd:0x3fcf41e0 0x4203d0e2:0x3fcf4210 0x420320a0:0x3fcf4230 0x420336cf:0x3fcf4260 0x420d4e43:0x3fcf4290




ELF file SHA256: d31ea98e27c05196

Rebooting...
ESP-ROM:esp32s3-20210327
Build:Mar 27 2021
rst:0xc (RTC_SW_CPU_RST),boot:0x2b (SPI_FAST_FLASH_BOOT)
Saved PC:0x40377ff0
SPIWP:0xee
mode:DIO, clock div:1
load:0x3fce3808,len:0x4bc
load:0x403c9700,len:0xbd8
load:0x403cc700,len:0x2a0c
entry 0x403c98d0
Guru Meditation Error: Core  0 panic'ed (Cache disabled but cached memory region accessed). 


Core  0 register dump:
PC      : 0x4202d3b2  PS      : 0x00060034  A0      : 0x803779f8  A1      : 0x3fc97d50  
A2      : 0x3fc97d5f  A3      : 0x00000001  A4      : 0x00060021  A5      : 0x600c4130  
A6      : 0x00000000  A7      : 0x3fc97d50  A8      : 0x803754a8  A9      : 0x00000000  
A10     : 0x00ffffff  A11     : 0x00ffffff  A12     : 0x3fcf3f90  A13     : 0x3fcf3f50  
A14     : 0x3fc99c04  A15     : 0x3fcf3ff4  SAR     : 0x0000000e  EXCCAUSE: 0x00000007  
EXCVADDR: 0x00000000  LBEG    : 0x40056f5c  LEND    : 0x40056f72  LCOUNT  : 0xffffffff  


Backtrace: 0x4202d3af:0x3fc97d50 0x403779f5:0x3fc97d80 0x4037f2d8:0x3fc97da0 0x4037dc47:0x3fc97dc0 0x40379d50:0x3fc97de0 0x40379b75:0x3fc97e00 0x40056f8b:0x3fcf3ec0 0x40385e49:0x3fcf3ed0 0x403771de:0x3fcf3f50 0x4203cc11:0x3fcf3f90 0x4203e716:0x3fcf3fb0 0x4203f63f:0x3fcf3fd0 0x4203f97a:0x3fcf4060 0x4203fcc6:0x3fcf40b0 0x4203e407:0x3fcf4120 0x4203e8ff:0x3fcf4180 0x4203e9af:0x3fcf41b0 0x4203d0bd:0x3fcf41e0 0x4203d0e2:0x3fcf4210 0x420320a0:0x3fcf4230 0x420336cf:0x3fcf4260 0x420d4e43:0x3fcf4290




ELF file SHA256: d31ea98e27c05196

Rebooting...
ESP-ROM:esp32s3-20210327
Build:Mar 27 2021
rst:0xc (RTC_SW_CPU_RST),boot:0x2b (SPI_FAST_FLASH_BOOT)
Saved PC:0x40377ff0
SPIWP:0xee
mode:DIO, clock div:1
load:0x3fce3808,len:0x4bc
load:0x403c9700,len:0xbd8
load:0x403cc700,len:0x2a0c
entry 0x403c98d0
Guru Meditation Error: Core  0 panic'ed (Cache disabled but cached memory region accessed). 


Core  0 register dump:
PC      : 0x4202d3b2  PS      : 0x00060034  A0      : 0x803779f8  A1      : 0x3fc97d50  
A2      : 0x3fc97d5f  A3      : 0x00000001  A4      : 0x00060021  A5      : 0x3fcf3ea0  
A6      : 0x00000000  A7      : 0x3fc97d50  A8      : 0x803754a8  A9      : 0x1300120c  
A10     : 0x3fcf4410  A11     : 0x3fcf4410  A12     : 0x00000000  A13     : 0x3fcf3e80  
A14     : 0x00000000  A15     : 0x1300020c  SAR     : 0x0000000e  EXCCAUSE: 0x00000007  
EXCVADDR: 0x00000000  LBEG    : 0x40056f5c  LEND    : 0x40056f72  LCOUNT  : 0xffffffff  


Backtrace: 0x4202d3af:0x3fc97d50 0x403779f5:0x3fc97d80 0x4037f2d8:0x3fc97da0 0x4037dc47:0x3fc97dc0 0x40379d50:0x3fc97de0 0x40379b75:0x3fc97e00 0x403771e0:0x3fcf3f50 0x4203cc11:0x3fcf3f90 0x4203e716:0x3fcf3fb0 0x4203f63f:0x3fcf3fd0 0x4203f97a:0x3fcf4060 0x4203fcc6:0x3fcf40b0 0x4203e407:0x3fcf4120 0x4203e8ff:0x3fcf4180 0x4203e9af:0x3fcf41b0 0x4203d0bd:0x3fcf41e0 0x4203d0e2:0x3fcf4210 0x420320a0:0x3fcf4230 0x420336cf:0x3fcf4260 0x420d4e43:0x3fcf4290




ELF file SHA256: d31ea98e27c05196

Rebooting...
ESP-ROM:esp32s3-20210327
Build:Mar 27 2021
rst:0xc (RTC_SW_CPU_RST),boot:0x2b (SPI_FAST_FLASH_BOOT)
Saved PC:0x40377ff0
SPIWP:0xee
mode:DIO, clock div:1
load:0x3fce3808,len:0x4bc
load:0x403c9700,len:0xbd8
load:0x403cc700,len:0x2a0c
entry 0x403c98d0
Guru Meditation Error: Core  0 panic'ed (Cache disabled but cached memory region accessed). 


Core  0 register dump:
PC      : 0x4202d3b2  PS      : 0x00060034  A0      : 0x803779f8  A1      : 0x3fc97d50  
A2      : 0x3fc97d5f  A3      : 0x00000001  A4      : 0x00060021  A5      : 0x3fcf3e80  
A6      : 0x00000000  A7      : 0x3fc97d50  A8      : 0x803754a8  A9      : 0x00060d23  
A10     : 0x00000001  A11     : 0x00000001  A12     : 0x00000001  A13     : 0x600c4130  
A14     : 0x00000000  A15     : 0x4004e950  SAR     : 0x0000000e  EXCCAUSE: 0x00000007  
EXCVADDR: 0x00000000  LBEG    : 0x40056f5c  LEND    : 0x40056f72  LCOUNT  : 0xffffffff  


Backtrace: 0x4202d3af:0x3fc97d50 0x403779f5:0x3fc97d80 0x4037f2d8:0x3fc97da0 0x4037dc47:0x3fc97dc0 0x40379d50:0x3fc97de0 0x40379b75:0x3fc97e00 0x40385e52:0x3fcf3ed0 0x403771de:0x3fcf3f50 0x4203cc11:0x3fcf3f90 0x4203e716:0x3fcf3fb0 0x4203f63f:0x3fcf3fd0 0x4203f97a:0x3fcf4060 0x4203fcc6:0x3fcf40b0 0x4203e407:0x3fcf4120 0x4203e8ff:0x3fcf4180 0x4203e9af:0x3fcf41b0 0x4203d0bd:0x3fcf41e0 0x4203d0e2:0x3fcf4210 0x420320a0:0x3fcf4230 0x420336cf:0x3fcf4260 0x420d4e43:0x3fcf4290




ELF file SHA256: d31ea98e27c05196

Rebooting...
ESP-ROM:esp32s3-20210327
Build:Mar 27 2021
rst:0xc (RTC_SW_CPU_RST),boot:0x2b (SPI_FAST_FLASH_BOOT)
Saved PC:0x40377ff0
SPIWP:0xee
mode:DIO, clock div:1
load:0x3fce3808,len:0x4bc
load:0x403c9700,len:0xbd8
load:0x403cc700,len:0x2a0c
entry 0x403c98d0
Guru Meditation Error: Core  0 panic'ed (Cache disabled but cached memory region accessed). 


Core  0 register dump:
PC      : 0x4202d3b2  PS      : 0x00060034  A0      : 0x803779f8  A1      : 0x3fc97d50  
A2      : 0x3fc97d5f  A3      : 0x00000001  A4      : 0x00060021  A5      : 0x3fcf3e80  
A6      : 0x00000000  A7      : 0x3fc97d50  A8      : 0x803754a8  A9      : 0x00060d23  
A10     : 0x00000001  A11     : 0x00000001  A12     : 0x00000001  A13     : 0x600c4130  
A14     : 0x00000000  A15     : 0x4004e950  SAR     : 0x0000000e  EXCCAUSE: 0x00000007  
EXCVADDR: 0x00000000  LBEG    : 0x40056f5c  LEND    : 0x40056f72  LCOUNT  : 0xffffffff  


Backtrace: 0x4202d3af:0x3fc97d50 0x403779f5:0x3fc97d80 0x4037f2d8:0x3fc97da0 0x4037dc47:0x3fc97dc0 0x40379d50:0x3fc97de0 0x40379b75:0x3fc97e00 0x4037b8ca:0x3fcf3f30 0x40377211:0x3fcf3f50 0x4203cc11:0x3fcf3f90 0x4203e716:0x3fcf3fb0 0x4203f63f:0x3fcf3fd0 0x4203f97a:0x3fcf4060 0x4203fcc6:0x3fcf40b0 0x4203e407:0x3fcf4120 0x4203e8ff:0x3fcf4180 0x4203e9af:0x3fcf41b0 0x4203d0bd:0x3fcf41e0 0x4203d0e2:0x3fcf4210 0x420320a0:0x3fcf4230 0x420336cf:0x3fcf4260 0x420d4e43:0x3fcf4290




ELF file SHA256: d31ea98e27c05196

Rebooting...
ESP-ROM:esp32s3-20210327
Build:Mar 27 2021
rst:0xc (RTC_SW_CPU_RST),boot:0x2b (SPI_FAST_FLASH_BOOT)
Saved PC:0x40377ff0
SPIWP:0xee
mode:DIO, clock div:1
load:0x3fce3808,len:0x4bc
load:0x403c9700,len:0xbd8
load:0x403cc700,len:0x2a0c
entry 0x403c98d0
Guru Meditation Error: Core  0 panic'ed (Cache disabled but cached memory region accessed). 


Core  0 register dump:
PC      : 0x4202d3b2  PS      : 0x00060034  A0      : 0x803779f8  A1      : 0x3fc97d50  
A2      : 0x3fc97d5f  A3      : 0x00000001  A4      : 0x00060021  A5      : 0x3fcf3ed0  
A6      : 0x3fc99c18  A7      : 0x3fc97d50  A8      : 0x803754a8  A9      : 0x00000004  
A10     : 0x00000000  A11     : 0x00000000  A12     : 0x3fcf3ed0  A13     : 0x3fcf3eb0  
A14     : 0x3fc99c38  A15     : 0x3fcf3eec  SAR     : 0x0000000e  EXCCAUSE: 0x00000007  
EXCVADDR: 0x00000000  LBEG    : 0x40056f5c  LEND    : 0x40056f72  LCOUNT  : 0xffffffff  


Backtrace: 0x4202d3af:0x3fc97d50 0x403779f5:0x3fc97d80 0x4037f2d8:0x3fc97da0 0x4037dc47:0x3fc97dc0 0x40379d50:0x3fc97de0 0x40379b75:0x3fc97e00 0x40056f7e:0x3fcf3e60 0x40381a89:0x3fcf3e70 0x40381f3f:0x3fcf3eb0 0x40385e35:0x3fcf3ed0 0x403771de:0x3fcf3f50 0x4203cc11:0x3fcf3f90 0x4203e716:0x3fcf3fb0 0x4203f63f:0x3fcf3fd0 0x4203f97a:0x3fcf4060 0x4203fcc6:0x3fcf40b0 0x4203e407:0x3fcf4120 0x4203e8ff:0x3fcf4180 0x4203e9af:0x3fcf41b0 0x4203d0bd:0x3fcf41e0 0x4203d0e2:0x3fcf4210 0x420320a0:0x3fcf4230 0x420336cf:0x3fcf4260 0x420d4e43:0x3fcf4290




ELF file SHA256: d31ea98e27c05196

Rebooting...
ESP-ROM:esp32s3-20210327
Build:Mar 27 2021
rst:0xc (RTC_SW_CPU_RST),boot:0x2b (SPI_FAST_FLASH_BOOT)
Saved PC:0x40377ff0
SPIWP:0xee
mode:DIO, clock div:1
load:0x3fce3808,len:0x4bc
load:0x403c9700,len:0xbd8
load:0x403cc700,len:0x2a0c
entry 0x403c98d0
Guru Meditation Error: Core  0 panic'ed (Cache disabled but cached memory region accessed). 


Core  0 register dump:
PC      : 0x4202d3b2  PS      : 0x00060034  A0      : 0x803779f8  A1      : 0x3fc97d50  
A2      : 0x3fc97d5f  A3      : 0x00000001  A4      : 0x00060021  A5      : 0x3fcf3ea0  
A6      : 0x00000000  A7      : 0x3fc97d50  A8      : 0x803754a8  A9      : 0x1300120c  
A10     : 0x3fcf4410  A11     : 0x3fcf4410  A12     : 0x00000000  A13     : 0x3fcf3e80  
A14     : 0x00000000  A15     : 0x1300020c  SAR     : 0x0000000e  EXCCAUSE: 0x00000007  
EXCVADDR: 0x00000000  LBEG    : 0x40056f5c  LEND    : 0x40056f72  LCOUNT  : 0xffffffff  


Backtrace: 0x4202d3af:0x3fc97d50 0x403779f5:0x3fc97d80 0x4037f2d8:0x3fc97da0 0x4037dc47:0x3fc97dc0 0x40379d50:0x3fc97de0 0x40379b75:0x3fc97e00 0x403771e0:0x3fcf3f50 0x4203cc11:0x3fcf3f90 0x4203e716:0x3fcf3fb0 0x4203f63f:0x3fcf3fd0 0x4203f97a:0x3fcf4060 0x4203fcc6:0x3fcf40b0 0x4203e407:0x3fcf4120 0x4203e8ff:0x3fcf4180 0x4203e9af:0x3fcf41b0 0x4203d0bd:0x3fcf41e0 0x4203d0e2:0x3fcf4210 0x420320a0:0x3fcf4230 0x420336cf:0x3fcf4260 0x420d4e43:0x3fcf4290




ELF file SHA256: d31ea98e27c05196

Rebooting...
ESP-ROM:esp32s3-20210327
Build:Mar 27 2021
rst:0xc (RTC_SW_CPU_RST),boot:0x2b (SPI_FAST_FLASH_BOOT)
Saved PC:0x40377ff0
SPIWP:0xee
mode:DIO, clock div:1
load:0x3fce3808,len:0x4bc
load:0x403c9700,len:0xbd8
load:0x403cc700,len:0x2a0c
entry 0x403c98d0
Guru Meditation Error: Core  0 panic'ed (Cache disabled but cached memory region accessed). 


Core  0 register dump:
PC      : 0x4202d3b2  PS      : 0x00060034  A0      : 0x803779f8  A1      : 0x3fc97d50  
A2      : 0x3fc97d5f  A3      : 0x00000001  A4      : 0x00060021  A5      : 0x3fcf3f30  
A6      : 0x3fc99c18  A7      : 0x3fc97d50  A8      : 0x803754a8  A9      : 0x00000000  
A10     : 0x00000000  A11     : 0x00000000  A12     : 0x3fcf3f30  A13     : 0x3fcf3f10  
A14     : 0x3fc99c84  A15     : 0x3fcf3ef0  SAR     : 0x0000000e  EXCCAUSE: 0x00000007  
EXCVADDR: 0x00000000  LBEG    : 0x40056f5c  LEND    : 0x40056f72  LCOUNT  : 0xffffffff  


Backtrace: 0x4202d3af:0x3fc97d50 0x403779f5:0x3fc97d80 0x4037f2d8:0x3fc97da0 0x4037dc47:0x3fc97dc0 0x40379d50:0x3fc97de0 0x40379b75:0x3fc97e00 0x4037781c:0x3fcf3ed0 0x403775c1:0x3fcf3ef0 0x403775ff:0x3fcf3f10 0x4037b8cd:0x3fcf3f30 0x40377211:0x3fcf3f50 0x4203cc11:0x3fcf3f90 0x4203e716:0x3fcf3fb0 0x4203f63f:0x3fcf3fd0 0x4203f97a:0x3fcf4060 0x4203fcc6:0x3fcf40b0 0x4203e407:0x3fcf4120 0x4203e8ff:0x3fcf4180 0x4203e9af:0x3fcf41b0 0x4203d0bd:0x3fcf41e0 0x4203d0e2:0x3fcf4210 0x420320a0:0x3fcf4230 0x420336cf:0x3fcf4260 0x420d4e43:0x3fcf4290




ELF file SHA256: d31ea98e27c05196

Rebooting...
ESP-ROM:esp32s3-20210327
Build:Mar 27 2021
rst:0xc (RTC_SW_CPU_RST),boot:0x2b (SPI_FAST_FLASH_BOOT)
Saved PC:0x40377ff0
SPIWP:0xee
mode:DIO, clock div:1
load:0x3fce3808,len:0x4bc
load:0x403c9700,len:0xbd8
load:0x403cc700,len:0x2a0c
entry 0x403c98d0
Guru Meditation Error: Core  0 panic'ed (Cache disabled but cached memory region accessed). 


Core  0 register dump:
PC      : 0x4202d3b2  PS      : 0x00060034  A0      : 0x803779f8  A1      : 0x3fc97d50  
A2      : 0x3fc97d5f  A3      : 0x00000001  A4      : 0x00060021  A5      : 0x3fcf3e80  
A6      : 0x00000000  A7      : 0x3fc97d50  A8      : 0x803754a8  A9      : 0x00060d23  
A10     : 0x00000001  A11     : 0x00000001  A12     : 0x00000001  A13     : 0x600c4130  
A14     : 0x00000000  A15     : 0x4004e950  SAR     : 0x0000000e  EXCCAUSE: 0x00000007  
EXCVADDR: 0x00000000  LBEG    : 0x40056f5c  LEND    : 0x40056f72  LCOUNT  : 0xffffffff  


Backtrace: 0x4202d3af:0x3fc97d50 0x403779f5:0x3fc97d80 0x4037f2d8:0x3fc97da0 0x4037dc47:0x3fc97dc0 0x40379d50:0x3fc97de0 0x40379b75:0x3fc97e00 0x4037b8c6:0x3fcf3f30 0x40377211:0x3fcf3f50 0x4203cc11:0x3fcf3f90 0x4203e716:0x3fcf3fb0 0x4203f63f:0x3fcf3fd0 0x4203f97a:0x3fcf4060 0x4203fcc6:0x3fcf40b0 0x4203e407:0x3fcf4120 0x4203e8ff:0x3fcf4180 0x4203e9af:0x3fcf41b0 0x4203d0bd:0x3fcf41e0 0x4203d0e2:0x3fcf4210 0x420320a0:0x3fcf4230 0x420336cf:0x3fcf4260 0x420d4e43:0x3fcf4290




ELF file SHA256: d31ea98e27c05196

Rebooting...
ESP-ROM:esp32s3-20210327
Build:Mar 27 2021
rst:0xc (RTC_SW_CPU_RST),boot:0x2b (SPI_FAST_FLASH_BOOT)
Saved PC:0x40377ff0
SPIWP:0xee
mode:DIO, clock div:1
load:0x3fce3808,len:0x4bc
load:0x403c9700,len:0xbd8
load:0x403cc700,len:0x2a0c
entry 0x403c98d0
Guru Meditation Error: Core  0 panic'ed (Cache disabled but cached memory region accessed). 


Core  0 register dump:
PC      : 0x4202d3b2  PS      : 0x00060034  A0      : 0x803779f8  A1      : 0x3fc97d50  
A2      : 0x3fc97d5f  A3      : 0x00000001  A4      : 0x00060021  A5      : 0x3fcf3e80  
A6      : 0x00000000  A7      : 0x3fc97d50  A8      : 0x803754a8  A9      : 0x00060d23  
A10     : 0x00000001  A11     : 0x00000001  A12     : 0x00000001  A13     : 0x600c4130  
A14     : 0x00000000  A15     : 0x4004e950  SAR     : 0x0000000e  EXCCAUSE: 0x00000007  
EXCVADDR: 0x00000000  LBEG    : 0x40056f5c  LEND    : 0x40056f72  LCOUNT  : 0xffffffff  


Backtrace: 0x4202d3af:0x3fc97d50 0x403779f5:0x3fc97d80 0x4037f2d8:0x3fc97da0 0x4037dc47:0x3fc97dc0 0x40379d50:0x3fc97de0 0x40379b75:0x3fc97e00 0x40385de0:0x3fcf3ed0 0x403771de:0x3fcf3f50 0x4203cc11:0x3fcf3f90 0x4203e716:0x3fcf3fb0 0x4203f63f:0x3fcf3fd0 0x4203f97a:0x3fcf4060 0x4203fcc6:0x3fcf40b0 0x4203e407:0x3fcf4120 0x4203e8ff:0x3fcf4180 0x4203e9af:0x3fcf41b0 0x4203d0bd:0x3fcf41e0 0x4203d0e2:0x3fcf4210 0x420320a0:0x3fcf4230 0x420336cf:0x3fcf4260 0x420d4e43:0x3fcf4290




ELF file SHA256: d31ea98e27c05196

Rebooting...
ESP-ROM:esp32s3-20210327
Build:Mar 27 2021
rst:0xc (RTC_SW_CPU_RST),boot:0x2b (SPI_FAST_FLASH_BOOT)
Saved PC:0x40377ff0
SPIWP:0xee
mode:DIO, clock div:1
load:0x3fce3808,len:0x4bc
load:0x403c9700,len:0xbd8
load:0x403cc700,len:0x2a0c
entry 0x403c98d0
Guru Meditation Error: Core  0 panic'ed (Cache disabled but cached memory region accessed). 


Core  0 register dump:
PC      : 0x4202d3b2  PS      : 0x00060034  A0      : 0x803779f8  A1      : 0x3fc97d50  
A2      : 0x3fc97d5f  A3      : 0x00000001  A4      : 0x00060021  A5      : 0x600c4130  
A6      : 0x00000000  A7      : 0x3fc97d50  A8      : 0x803754a8  A9      : 0x00000000  
A10     : 0x00ffffff  A11     : 0x00ffffff  A12     : 0x3fcf3f90  A13     : 0x3fcf3f50  
A14     : 0x3fc99c04  A15     : 0x3fcf3ff4  SAR     : 0x0000000e  EXCCAUSE: 0x00000007  
EXCVADDR: 0x00000000  LBEG    : 0x40056f5c  LEND    : 0x40056f72  LCOUNT  : 0xffffffff  


Backtrace: 0x4202d3af:0x3fc97d50 0x403779f5:0x3fc97d80 0x4037f2d8:0x3fc97da0 0x4037dc47:0x3fc97dc0 0x40379d50:0x3fc97de0 0x40379b75:0x3fc97e00 0x40056f91:0x3fcf3ec0 0x40385e49:0x3fcf3ed0 0x403771de:0x3fcf3f50 0x4203cc11:0x3fcf3f90 0x4203e716:0x3fcf3fb0 0x4203f63f:0x3fcf3fd0 0x4203f97a:0x3fcf4060 0x4203fcc6:0x3fcf40b0 0x4203e407:0x3fcf4120 0x4203e8ff:0x3fcf4180 0x4203e9af:0x3fcf41b0 0x4203d0bd:0x3fcf41e0 0x4203d0e2:0x3fcf4210 0x420320a0:0x3fcf4230 0x420336cf:0x3fcf4260 0x420d4e43:0x3fcf4290




ELF file SHA256: d31ea98e27c05196

Rebooting...
ESP-ROM:esp32s3-20210327
Build:Mar 27 2021
rst:0xc (RTC_SW_CPU_RST),boot:0x2b (SPI_FAST_FLASH_BOOT)
Saved PC:0x40377ff0
SPIWP:0xee
mode:DIO, clock div:1
load:0x3fce3808,len:0x4bc
load:0x403c9700,len:0xbd8
load:0x403cc700,len:0x2a0c
entry 0x403c98d0
Guru Meditation Error: Core  0 panic'ed (Cache disabled but cached memory region accessed). 


Core  0 register dump:
PC      : 0x4202d3b2  PS      : 0x00060034  A0      : 0x803779f8  A1      : 0x3fc97d50  
A2      : 0x3fc97d5f  A3      : 0x00000001  A4      : 0x00060021  A5      : 0x3fcf3ed0  
A6      : 0x3fc99c18  A7      : 0x3fc97d50  A8      : 0x803754a8  A9      : 0x00000004  
A10     : 0x00000000  A11     : 0x00000000  A12     : 0x3fcf3ed0  A13     : 0x3fcf3eb0  
A14     : 0x3fc99c38  A15     : 0x3fcf3eec  SAR     : 0x0000000e  EXCCAUSE: 0x00000007  
EXCVADDR: 0x00000000  LBEG    : 0x40056f5c  LEND    : 0x40056f72  LCOUNT  : 0xffffffff  


Backtrace: 0x4202d3af:0x3fc97d50 0x403779f5:0x3fc97d80 0x4037f2d8:0x3fc97da0 0x4037dc47:0x3fc97dc0 0x40379d50:0x3fc97de0 0x40379b75:0x3fc97e00 0x40056f7e:0x3fcf3e60 0x40381a89:0x3fcf3e70 0x40381f3f:0x3fcf3eb0 0x40385e35:0x3fcf3ed0 0x403771de:0x3fcf3f50 0x4203cc11:0x3fcf3f90 0x4203e716:0x3fcf3fb0 0x4203f63f:0x3fcf3fd0 0x4203f97a:0x3fcf4060 0x4203fcc6:0x3fcf40b0 0x4203e407:0x3fcf4120 0x4203e8ff:0x3fcf4180 0x4203e9af:0x3fcf41b0 0x4203d0bd:0x3fcf41e0 0x4203d0e2:0x3fcf4210 0x420320a0:0x3fcf4230 0x420336cf:0x3fcf4260 0x420d4e43:0x3fcf4290




ELF file SHA256: d31ea98e27c05196

Rebooting...
ESP-ROM:esp32s3-20210327
Build:Mar 27 2021
rst:0xc (RTC_SW_CPU_RST),boot:0x2b (SPI_FAST_FLASH_BOOT)
Saved PC:0x40377ff0
SPIWP:0xee
mode:DIO, clock div:1
load:0x3fce3808,len:0x4bc
load:0x403c9700,len:0xbd8
load:0x403cc700,len:0x2a0c
entry 0x403c98d0
Guru Meditation Error: Core  0 panic'ed (Cache disabled but cached memory region accessed). 


Core  0 register dump:
PC      : 0x4202d3b2  PS      : 0x00060034  A0      : 0x803779f8  A1      : 0x3fc97d50  
A2      : 0x3fc97d5f  A3      : 0x00000001  A4      : 0x00060021  A5      : 0x3fcf3e80  
A6      : 0x00000000  A7      : 0x3fc97d50  A8      : 0x803754a8  A9      : 0x00060d23  
A10     : 0x00000001  A11     : 0x00000001  A12     : 0x00000001  A13     : 0x600c4130  
A14     : 0x00000000  A15     : 0x4004e950  SAR     : 0x0000000e  EXCCAUSE: 0x00000007  
EXCVADDR: 0x00000000  LBEG    : 0x40056f5c  LEND    : 0x40056f72  LCOUNT  : 0xffffffff  


Backtrace: 0x4202d3af:0x3fc97d50 0x403779f5:0x3fc97d80 0x4037f2d8:0x3fc97da0 0x4037dc47:0x3fc97dc0 0x40379d50:0x3fc97de0 0x40379b75:0x3fc97e00 0x40385de0:0x3fcf3ed0 0x403771de:0x3fcf3f50 0x4203cc11:0x3fcf3f90 0x4203e716:0x3fcf3fb0 0x4203f63f:0x3fcf3fd0 0x4203f97a:0x3fcf4060 0x4203fcc6:0x3fcf40b0 0x4203e407:0x3fcf4120 0x4203e8ff:0x3fcf4180 0x4203e9af:0x3fcf41b0 0x4203d0bd:0x3fcf41e0 0x4203d0e2:0x3fcf4210 0x420320a0:0x3fcf4230 0x420336cf:0x3fcf4260 0x420d4e43:0x3fcf4290




ELF file SHA256: d31ea98e27c05196

Rebooting...
ESP-ROM:esp32s3-20210327
Build:Mar 27 2021
rst:0xc (RTC_SW_CPU_RST),boot:0x2b (SPI_FAST_FLASH_BOOT)
Saved PC:0x40377ff0
SPIWP:0xee
mode:DIO, clock div:1
load:0x3fce3808,len:0x4bc
load:0x403c9700,len:0xbd8
load:0x403cc700,len:0x2a0c
entry 0x403c98d0
Guru Meditation Error: Core  0 panic'ed (Cache disabled but cached memory region accessed). 


Core  0 register dump:
PC      : 0x4202d3b2  PS      : 0x00060034  A0      : 0x803779f8  A1      : 0x3fc97d50  
A2      : 0x3fc97d5f  A3      : 0x00000001  A4      : 0x00060021  A5      : 0x3fcf3f30  
A6      : 0x3fc99c18  A7      : 0x3fc97d50  A8      : 0x803754a8  A9      : 0x00000000  
A10     : 0x00000000  A11     : 0x00000000  A12     : 0x3fcf3f30  A13     : 0x3fcf3f10  
A14     : 0x3fc99c84  A15     : 0x3fcf3ef0  SAR     : 0x0000000e  EXCCAUSE: 0x00000007  
EXCVADDR: 0x00000000  LBEG    : 0x40056f5c  LEND    : 0x40056f72  LCOUNT  : 0xffffffff  


Backtrace: 0x4202d3af:0x3fc97d50 0x403779f5:0x3fc97d80 0x4037f2d8:0x3fc97da0 0x4037dc47:0x3fc97dc0 0x40379d50:0x3fc97de0 0x40379b75:0x3fc97e00 0x4037781c:0x3fcf3ed0 0x403775c1:0x3fcf3ef0 0x403775ff:0x3fcf3f10 0x4037b8cd:0x3fcf3f30 0x40377211:0x3fcf3f50 0x4203cc11:0x3fcf3f90 0x4203e716:0x3fcf3fb0 0x4203f63f:0x3fcf3fd0 0x4203f97a:0x3fcf4060 0x4203fcc6:0x3fcf40b0 0x4203e407:0x3fcf4120 0x4203e8ff:0x3fcf4180 0x4203e9af:0x3fcf41b0 0x4203d0bd:0x3fcf41e0 0x4203d0e2:0x3fcf4210 0x420320a0:0x3fcf4230 0x420336cf:0x3fcf4260 0x420d4e43:0x3fcf4290




ELF file SHA256: d31ea98e27c05196

Rebooting...
ESP-ROM:esp32s3-20210327
Build:Mar 27 2021
rst:0xc (RTC_SW_CPU_RST),boot:0x2b (SPI_FAST_FLASH_BOOT)
Saved PC:0x40377ff0
SPIWP:0xee
mode:DIO, clock div:1
load:0x3fce3808,len:0x4bc
load:0x403c9700,len:0xbd8
load:0x403cc700,len:0x2a0c
entry 0x403c98d0
Guru Meditation Error: Core  0 panic'ed (Cache disabled but cached memory region accessed). 


Core  0 register dump:
PC      : 0x4202d3b2  PS      : 0x00060034  A0      : 0x803779f8  A1      : 0x3fc97d50  
A2      : 0x3fc97d5f  A3      : 0x00000001  A4      : 0x00060021  A5      : 0x3fcf3e80  
A6      : 0x00000000  A7      : 0x3fc97d50  A8      : 0x803754a8  A9      : 0x00060d23  
A10     : 0x00000001  A11     : 0x00000001  A12     : 0x00000001  A13     : 0x600c4130  
A14     : 0x00000000  A15     : 0x4004e950  SAR     : 0x0000000e  EXCCAUSE: 0x00000007  
EXCVADDR: 0x00000000  LBEG    : 0x40056f5c  LEND    : 0x40056f72  LCOUNT  : 0xffffffff  


Backtrace: 0x4202d3af:0x3fc97d50 0x403779f5:0x3fc97d80 0x4037f2d8:0x3fc97da0 0x4037dc47:0x3fc97dc0 0x40379d50:0x3fc97de0 0x40379b75:0x3fc97e00 0x40385e49:0x3fcf3ed0 0x403771de:0x3fcf3f50 0x4203cc11:0x3fcf3f90 0x4203e716:0x3fcf3fb0 0x4203f63f:0x3fcf3fd0 0x4203f97a:0x3fcf4060 0x4203fcc6:0x3fcf40b0 0x4203e407:0x3fcf4120 0x4203e8ff:0x3fcf4180 0x4203e9af:0x3fcf41b0 0x4203d0bd:0x3fcf41e0 0x4203d0e2:0x3fcf4210 0x420320a0:0x3fcf4230 0x420336cf:0x3fcf4260 0x420d4e43:0x3fcf4290




ELF file SHA256: d31ea98e27c05196

Rebooting...
ESP-ROM:esp32s3-20210327
Build:Mar 27 2021
rst:0xc (RTC_SW_CPU_RST),boot:0x2b (SPI_FAST_FLASH_BOOT)
Saved PC:0x40377ff0
SPIWP:0xee
mode:DIO, clock div:1
load:0x3fce3808,len:0x4bc
load:0x403c9700,len:0xbd8
load:0x403cc700,len:0x2a0c
entry 0x403c98d0
Guru Meditation Error: Core  0 panic'ed (Cache disabled but cached memory region accessed). 


Core  0 register dump:
PC      : 0x4202d3b2  PS      : 0x00060034  A0      : 0x803779f8  A1      : 0x3fc97d50  
A2      : 0x3fc97d5f  A3      : 0x00000001  A4      : 0x00060021  A5      : 0x600c4130  
A6      : 0x00000000  A7      : 0x3fc97d50  A8      : 0x803754a8  A9      : 0x00000000  
A10     : 0x00ffffff  A11     : 0x00ffffff  A12     : 0x3fcf3f90  A13     : 0x3fcf3f50  
A14     : 0x3fc99c04  A15     : 0x3fcf3ff4  SAR     : 0x0000000e  EXCCAUSE: 0x00000007  
EXCVADDR: 0x00000000  LBEG    : 0x40056f5c  LEND    : 0x40056f72  LCOUNT  : 0xffffffff  


Backtrace: 0x4202d3af:0x3fc97d50 0x403779f5:0x3fc97d80 0x4037f2d8:0x3fc97da0 0x4037dc47:0x3fc97dc0 0x40379d50:0x3fc97de0 0x40379b75:0x3fc97e00 0x40056f91:0x3fcf3ec0 0x40385e49:0x3fcf3ed0 0x403771de:0x3fcf3f50 0x4203cc11:0x3fcf3f90 0x4203e716:0x3fcf3fb0 0x4203f63f:0x3fcf3fd0 0x4203f97a:0x3fcf4060 0x4203fcc6:0x3fcf40b0 0x4203e407:0x3fcf4120 0x4203e8ff:0x3fcf4180 0x4203e9af:0x3fcf41b0 0x4203d0bd:0x3fcf41e0 0x4203d0e2:0x3fcf4210 0x420320a0:0x3fcf4230 0x420336cf:0x3fcf4260 0x420d4e43:0x3fcf4290




ELF file SHA256: d31ea98e27c05196

Rebooting...
ESP-ROM:esp32s3-20210327
Build:Mar 27 2021
rst:0xc (RTC_SW_CPU_RST),boot:0x2b (SPI_FAST_FLASH_BOOT)
Saved PC:0x40377ff0
SPIWP:0xee
mode:DIO, clock div:1
load:0x3fce3808,len:0x4bc
load:0x403c9700,len:0xbd8
load:0x403cc700,len:0x2a0c
entry 0x403c98d0
Guru Meditation Error: Core  0 panic'ed (Cache disabled but cached memory region accessed). 


Core  0 register dump:
PC      : 0x4202d3b2  PS      : 0x00060034  A0      : 0x803779f8  A1      : 0x3fc97d50  
A2      : 0x3fc97d5f  A3      : 0x00000001  A4      : 0x00060021  A5      : 0x3fcf3ed0  
A6      : 0x3fc99c18  A7      : 0x3fc97d50  A8      : 0x803754a8  A9      : 0x00000004  
A10     : 0x00000000  A11     : 0x00000000  A12     : 0x3fcf3ed0  A13     : 0x3fcf3eb0  
A14     : 0x3fc99c38  A15     : 0x3fcf3eec  SAR     : 0x0000000e  EXCCAUSE: 0x00000007  
EXCVADDR: 0x00000000  LBEG    : 0x40056f5c  LEND    : 0x40056f72  LCOUNT  : 0xffffffff  


Backtrace: 0x4202d3af:0x3fc97d50 0x403779f5:0x3fc97d80 0x4037f2d8:0x3fc97da0 0x4037dc47:0x3fc97dc0 0x40379d50:0x3fc97de0 0x40379b75:0x3fc97e00 0x40056f7e:0x3fcf3e60 0x40381a89:0x3fcf3e70 0x40381f3f:0x3fcf3eb0 0x40385e35:0x3fcf3ed0 0x403771de:0x3fcf3f50 0x4203cc11:0x3fcf3f90 0x4203e716:0x3fcf3fb0 0x4203f63f:0x3fcf3fd0 0x4203f97a:0x3fcf4060 0x4203fcc6:0x3fcf40b0 0x4203e407:0x3fcf4120 0x4203e8ff:0x3fcf4180 0x4203e9af:0x3fcf41b0 0x4203d0bd:0x3fcf41e0 0x4203d0e2:0x3fcf4210 0x420320a0:0x3fcf4230 0x420336cf:0x3fcf4260 0x420d4e43:0x3fcf4290




ELF file SHA256: d31ea98e27c05196

Rebooting...
ESP-ROM:esp32s3-20210327
Build:Mar 27 2021
rst:0xc (RTC_SW_CPU_RST),boot:0x2b (SPI_FAST_FLASH_BOOT)
Saved PC:0x40377ff0
SPIWP:0xee
mode:DIO, clock div:1
load:0x3fce3808,len:0x4bc
load:0x403c9700,len:0xbd8
load:0x403cc700,len:0x2a0c
entry 0x403c98d0
Guru Meditation Error: Core  0 panic'ed (Cache disabled but cached memory region accessed). 


Core  0 register dump:
PC      : 0x4202d3b2  PS      : 0x00060034  A0      : 0x803779f8  A1      : 0x3fc97d50  
A2      : 0x3fc97d5f  A3      : 0x00000001  A4      : 0x00060021  A5      : 0x3fcf3ea0  
A6      : 0x00000000  A7      : 0x3fc97d50  A8      : 0x803754a8  A9      : 0x1300120c  
A10     : 0x3fcf4410  A11     : 0x3fcf4410  A12     : 0x00000000  A13     : 0x3fcf3e80  
A14     : 0x00000000  A15     : 0x1300020c  SAR     : 0x0000000e  EXCCAUSE: 0x00000007  
EXCVADDR: 0x00000000  LBEG    : 0x40056f5c  LEND    : 0x40056f72  LCOUNT  : 0xffffffff  


Backtrace: 0x4202d3af:0x3fc97d50 0x403779f5:0x3fc97d80 0x4037f2d8:0x3fc97da0 0x4037dc47:0x3fc97dc0 0x40379d50:0x3fc97de0 0x40379b75:0x3fc97e00 0x403771e0:0x3fcf3f50 0x4203cc11:0x3fcf3f90 0x4203e716:0x3fcf3fb0 0x4203f63f:0x3fcf3fd0 0x4203f97a:0x3fcf4060 0x4203fcc6:0x3fcf40b0 0x4203e407:0x3fcf4120 0x4203e8ff:0x3fcf4180 0x4203e9af:0x3fcf41b0 0x4203d0bd:0x3fcf41e0 0x4203d0e2:0x3fcf4210 0x420320a0:0x3fcf4230 0x420336cf:0x3fcf4260 0x420d4e43:0x3fcf4290




ELF file SHA256: d31ea98e27c05196

Rebooting...
ESP-ROM:esp32s3-20210327
Build:Mar 27 2021
rst:0xc (RTC_SW_CPU_RST),boot:0x2b (SPI_FAST_FLASH_BOOT)
Saved PC:0x40377ff0
SPIWP:0xee
mode:DIO, clock div:1
load:0x3fce3808,len:0x4bc
load:0x403c9700,len:0xbd8
load:0x403cc700,len:0x2a0c
entry 0x403c98d0
Guru Meditation Error: Core  0 panic'ed (Cache disabled but cached memory region accessed). 


Core  0 register dump:
PC      : 0x4202d3b2  PS      : 0x00060034  A0      : 0x803779f8  A1      : 0x3fc97d50  
A2      : 0x3fc97d5f  A3      : 0x00000001  A4      : 0x00060021  A5      : 0x3fcf3e80  
A6      : 0x00000000  A7      : 0x3fc97d50  A8      : 0x803754a8  A9      : 0x00060d23  
A10     : 0x00000001  A11     : 0x00000001  A12     : 0x00000001  A13     : 0x600c4130  
A14     : 0x00000000  A15     : 0x4004e950  SAR     : 0x0000000e  EXCCAUSE: 0x00000007  
EXCVADDR: 0x00000000  LBEG    : 0x40056f5c  LEND    : 0x40056f72  LCOUNT  : 0xffffffff  


Backtrace: 0x4202d3af:0x3fc97d50 0x403779f5:0x3fc97d80 0x4037f2d8:0x3fc97da0 0x4037dc47:0x3fc97dc0 0x40379d50:0x3fc97de0 0x40379b75:0x3fc97e00 0x40385e52:0x3fcf3ed0 0x403771de:0x3fcf3f50 0x4203cc11:0x3fcf3f90 0x4203e716:0x3fcf3fb0 0x4203f63f:0x3fcf3fd0 0x4203f97a:0x3fcf4060 0x4203fcc6:0x3fcf40b0 0x4203e407:0x3fcf4120 0x4203e8ff:0x3fcf4180 0x4203e9af:0x3fcf41b0 0x4203d0bd:0x3fcf41e0 0x4203d0e2:0x3fcf4210 0x420320a0:0x3fcf4230 0x420336cf:0x3fcf4260 0x420d4e43:0x3fcf4290




ELF file SHA256: d31ea98e27c05196

Rebooting...
ESP-ROM:esp32s3-20210327
Build:Mar 27 2021
rst:0xc (RTC_SW_CPU_RST),boot:0x2b (SPI_FAST_FLASH_BOOT)
Saved PC:0x40377ff0
SPIWP:0xee
mode:DIO, clock div:1
load:0x3fce3808,len:0x4bc
load:0x403c9700,len:0xbd8
load:0x403cc700,len:0x2a0c
entry 0x403c98d0
Guru Meditation Error: Core  0 panic'ed (Cache disabled but cached memory region accessed). 


Core  0 register dump:
PC      : 0x4202d3b2  PS      : 0x00060034  A0      : 0x803779f8  A1      : 0x3fc97d50  
A2      : 0x3fc97d5f  A3      : 0x00000001  A4      : 0x00060021  A5      : 0x3fcf3e80  
A6      : 0x00000000  A7      : 0x3fc97d50  A8      : 0x803754a8  A9      : 0x00060d23  
A10     : 0x00000001  A11     : 0x00000001  A12     : 0x00000001  A13     : 0x600c4130  
A14     : 0x00000000  A15     : 0x4004e950  SAR     : 0x0000000e  EXCCAUSE: 0x00000007  
EXCVADDR: 0x00000000  LBEG    : 0x40056f5c  LEND    : 0x40056f72  LCOUNT  : 0xffffffff  


Backtrace: 0x4202d3af:0x3fc97d50 0x403779f5:0x3fc97d80 0x4037f2d8:0x3fc97da0 0x4037dc47:0x3fc97dc0 0x40379d50:0x3fc97de0 0x40379b75:0x3fc97e00 0x40385e5b:0x3fcf3ed0 0x403771de:0x3fcf3f50 0x4203cc11:0x3fcf3f90 0x4203e716:0x3fcf3fb0 0x4203f63f:0x3fcf3fd0 0x4203f97a:0x3fcf4060 0x4203fcc6:0x3fcf40b0 0x4203e407:0x3fcf4120 0x4203e8ff:0x3fcf4180 0x4203e9af:0x3fcf41b0 0x4203d0bd:0x3fcf41e0 0x4203d0e2:0x3fcf4210 0x420320a0:0x3fcf4230 0x420336cf:0x3fcf4260 0x420d4e43:0x3fcf4290




ELF file SHA256: d31ea98e27c05196

Rebooting...
ESP-ROM:esp32s3-20210327
Build:Mar 27 2021
rst:0xc (RTC_SW_CPU_RST),boot:0x2b (SPI_FAST_FLASH_BOOT)
Saved PC:0x40377ff0
SPIWP:0xee
mode:DIO, clock div:1
load:0x3fce3808,len:0x4bc
load:0x403c9700,len:0xbd8
load:0x403cc700,len:0x2a0c
entry 0x403c98d0
Guru Meditation Error: Core  0 panic'ed (Cache disabled but cached memory region accessed). 


Core  0 register dump:
PC      : 0x4202d3b2  PS      : 0x00060034  A0      : 0x803779f8  A1      : 0x3fc97d50  
A2      : 0x3fc97d5f  A3      : 0x00000001  A4      : 0x00060021  A5      : 0x3fcf3e80  
A6      : 0x00000000  A7      : 0x3fc97d50  A8      : 0x803754a8  A9      : 0x00060d23  
A10     : 0x00000001  A11     : 0x00000001  A12     : 0x00000001  A13     : 0x600c4130  
A14     : 0x00000000  A15     : 0x4004e950  SAR     : 0x0000000e  EXCCAUSE: 0x00000007  
EXCVADDR: 0x00000000  LBEG    : 0x40056f5c  LEND    : 0x40056f72  LCOUNT  : 0xffffffff  


Backtrace: 0x4202d3af:0x3fc97d50 0x403779f5:0x3fc97d80 0x4037f2d8:0x3fc97da0 0x4037dc47:0x3fc97dc0 0x40379d50:0x3fc97de0 0x40379b75:0x3fc97e00 0x4037b8c6:0x3fcf3f30 0x40377211:0x3fcf3f50 0x4203cc11:0x3fcf3f90 0x4203e716:0x3fcf3fb0 0x4203f63f:0x3fcf3fd0 0x4203f97a:0x3fcf4060 0x4203fcc6:0x3fcf40b0 0x4203e407:0x3fcf4120 0x4203e8ff:0x3fcf4180 0x4203e9af:0x3fcf41b0 0x4203d0bd:0x3fcf41e0 0x4203d0e2:0x3fcf4210 0x420320a0:0x3fcf4230 0x420336cf:0x3fcf4260 0x420d4e43:0x3fcf4290




ELF file SHA256: d31ea98e27c05196

Rebooting...
ESP-ROM:esp32s3-20210327
Build:Mar 27 2021
rst:0xc (RTC_SW_CPU_RST),boot:0x2b (SPI_FAST_FLASH_BOOT)
Saved PC:0x40377ff0
SPIWP:0xee
mode:DIO, clock div:1
load:0x3fce3808,len:0x4bc
load:0x403c9700,len:0xbd8
load:0x403cc700,len:0x2a0c
entry 0x403c98d0
Guru Meditation Error: Core  0 panic'ed (Cache disabled but cached memory region accessed). 


Core  0 register dump:
PC      : 0x4202d3b2  PS      : 0x00060034  A0      : 0x803779f8  A1      : 0x3fc97d50  
A2      : 0x3fc97d5f  A3      : 0x00000001  A4      : 0x00060021  A5      : 0x3fcf3ed0  
A6      : 0x3fc99c18  A7      : 0x3fc97d50  A8      : 0x803754a8  A9      : 0x00000004  
A10     : 0x00000000  A11     : 0x00000000  A12     : 0x3fcf3ed0  A13     : 0x3fcf3eb0  
A14     : 0x3fc99c38  A15     : 0x3fcf3eec  SAR     : 0x0000000e  EXCCAUSE: 0x00000007  
EXCVADDR: 0x00000000  LBEG    : 0x40056f5c  LEND    : 0x40056f72  LCOUNT  : 0xffffffff  


Backtrace: 0x4202d3af:0x3fc97d50 0x403779f5:0x3fc97d80 0x4037f2d8:0x3fc97da0 0x4037dc47:0x3fc97dc0 0x40379d50:0x3fc97de0 0x40379b75:0x3fc97e00 0x40056f7e:0x3fcf3e60 0x40381a89:0x3fcf3e70 0x40381f3f:0x3fcf3eb0 0x40385e35:0x3fcf3ed0 0x403771de:0x3fcf3f50 0x4203cc11:0x3fcf3f90 0x4203e716:0x3fcf3fb0 0x4203f63f:0x3fcf3fd0 0x4203f97a:0x3fcf4060 0x4203fcc6:0x3fcf40b0 0x4203e407:0x3fcf4120 0x4203e8ff:0x3fcf4180 0x4203e9af:0x3fcf41b0 0x4203d0bd:0x3fcf41e0 0x4203d0e2:0x3fcf4210 0x420320a0:0x3fcf4230 0x420336cf:0x3fcf4260 0x420d4e43:0x3fcf4290




ELF file SHA256: d31ea98e27c05196

Rebooting...
ESP-ROM:esp32s3-20210327
Build:Mar 27 2021
rst:0xc (RTC_SW_CPU_RST),boot:0x2b (SPI_FAST_FLASH_BOOT)
Saved PC:0x40377ff0
SPIWP:0xee
mode:DIO, clock div:1
load:0x3fce3808,len:0x4bc
load:0x403c9700,len:0xbd8
load:0x403cc700,len:0x2a0c
entry 0x403c98d0
Guru Meditation Error: Core  0 panic'ed (Cache disabled but cached memory region accessed). 


Core  0 register dump:
PC      : 0x4202d3b2  PS      : 0x00060034  A0      : 0x803779f8  A1      : 0x3fc97d50  
A2      : 0x3fc97d5f  A3      : 0x00000001  A4      : 0x00060021  A5      : 0x3fcf3ed0  
A6      : 0x3fc99c18  A7      : 0x3fc97d50  A8      : 0x803754a8  A9      : 0x00000004  
A10     : 0x00000000  A11     : 0x00000000  A12     : 0x3fcf3ed0  A13     : 0x3fcf3eb0  
A14     : 0x3fc99c38  A15     : 0x3fcf3eec  SAR     : 0x0000000e  EXCCAUSE: 0x00000007  
EXCVADDR: 0x00000000  LBEG    : 0x400570e8  LEND    : 0x400570f3  LCOUNT  : 0x00000000  


Backtrace: 0x4202d3af:0x3fc97d50 0x403779f5:0x3fc97d80 0x4037f2d8:0x3fc97da0 0x4037dc47:0x3fc97dc0 0x40379d50:0x3fc97de0 0x40379b75:0x3fc97e00 0x40056f44:0x3fcf3e60 0x40381a89:0x3fcf3e70 0x40381f3f:0x3fcf3eb0 0x40385e35:0x3fcf3ed0 0x403771de:0x3fcf3f50 0x4203cc11:0x3fcf3f90 0x4203e716:0x3fcf3fb0 0x4203f63f:0x3fcf3fd0 0x4203f97a:0x3fcf4060 0x4203fcc6:0x3fcf40b0 0x4203e407:0x3fcf4120 0x4203e8ff:0x3fcf4180 0x4203e9af:0x3fcf41b0 0x4203d0bd:0x3fcf41e0 0x4203d0e2:0x3fcf4210 0x420320a0:0x3fcf4230 0x420336cf:0x3fcf4260 0x420d4e43:0x3fcf4290




ELF file SHA256: d31ea98e27c05196

Rebooting...
ESP-ROM:esp32s3-20210327
Build:Mar 27 2021
rst:0xc (RTC_SW_CPU_RST),boot:0x2b (SPI_FAST_FLASH_BOOT)
Saved PC:0x40377ff0
SPIWP:0xee
mode:DIO, clock div:1
load:0x3fce3808,len:0x4bc
load:0x403c9700,len:0xbd8
load:0x403cc700,len:0x2a0c
entry 0x403c98d0
Guru Meditation Error: Core  0 panic'ed (Cache disabled but cached memory region accessed). 


Core  0 register dump:
PC      : 0x4202d3b2  PS      : 0x00060034  A0      : 0x803779f8  A1      : 0x3fc97d50  
A2      : 0x3fc97d5f  A3      : 0x00000001  A4      : 0x00060021  A5      : 0x3fcf3ea0  
A6      : 0x00000000  A7      : 0x3fc97d50  A8      : 0x803754a8  A9      : 0x1300120c  
A10     : 0x3fcf4410  A11     : 0x3fcf4410  A12     : 0x00000000  A13     : 0x3fcf3e80  
A14     : 0x00000000  A15     : 0x1300020c  SAR     : 0x0000000e  EXCCAUSE: 0x00000007  
EXCVADDR: 0x00000000  LBEG    : 0x40056f5c  LEND    : 0x40056f72  LCOUNT  : 0xffffffff  


Backtrace: 0x4202d3af:0x3fc97d50 0x403779f5:0x3fc97d80 0x4037f2d8:0x3fc97da0 0x4037dc47:0x3fc97dc0 0x40379d50:0x3fc97de0 0x40379b75:0x3fc97e00 0x403771de:0x3fcf3f50 0x4203cc11:0x3fcf3f90 0x4203e716:0x3fcf3fb0 0x4203f63f:0x3fcf3fd0 0x4203f97a:0x3fcf4060 0x4203fcc6:0x3fcf40b0 0x4203e407:0x3fcf4120 0x4203e8ff:0x3fcf4180 0x4203e9af:0x3fcf41b0 0x4203d0bd:0x3fcf41e0 0x4203d0e2:0x3fcf4210 0x420320a0:0x3fcf4230 0x420336cf:0x3fcf4260 0x420d4e43:0x3fcf4290




ELF file SHA256: d31ea98e27c05196

Rebooting...
ESP-ROM:esp32s3-20210327
Build:Mar 27 2021
rst:0xc (RTC_SW_CPU_RST),boot:0x2b (SPI_FAST_FLASH_BOOT)
Saved PC:0x40377ff0
SPIWP:0xee
mode:DIO, clock div:1
load:0x3fce3808,len:0x4bc
load:0x403c9700,len:0xbd8
load:0x403cc700,len:0x2a0c
entry 0x403c98d0
Guru Meditation Error: Core  0 panic'ed (Cache disabled but cached memory region accessed). 


Core  0 register dump:
PC      : 0x4202d3b2  PS      : 0x00060034  A0      : 0x803779f8  A1      : 0x3fc97d50  
A2      : 0x3fc97d5f  A3      : 0x00000001  A4      : 0x00060021  A5      : 0x3fcf3f30  
A6      : 0x3fc99c18  A7      : 0x3fc97d50  A8      : 0x803754a8  A9      : 0x00000000  
A10     : 0x00000000  A11     : 0x00000000  A12     : 0x3fcf3f30  A13     : 0x3fcf3f10  
A14     : 0x3fc99c84  A15     : 0x3fcf3ef0  SAR     : 0x0000000e  EXCCAUSE: 0x00000007  
EXCVADDR: 0x00000000  LBEG    : 0x40056f5c  LEND    : 0x40056f72  LCOUNT  : 0xffffffff  


Backtrace: 0x4202d3af:0x3fc97d50 0x403779f5:0x3fc97d80 0x4037f2d8:0x3fc97da0 0x4037dc47:0x3fc97dc0 0x40379d50:0x3fc97de0 0x40379b75:0x3fc97e00 0x4037781c:0x3fcf3ed0 0x403775c1:0x3fcf3ef0 0x403775ff:0x3fcf3f10 0x4037b8cd:0x3fcf3f30 0x40377211:0x3fcf3f50 0x4203cc11:0x3fcf3f90 0x4203e716:0x3fcf3fb0 0x4203f63f:0x3fcf3fd0 0x4203f97a:0x3fcf4060 0x4203fcc6:0x3fcf40b0 0x4203e407:0x3fcf4120 0x4203e8ff:0x3fcf4180 0x4203e9af:0x3fcf41b0 0x4203d0bd:0x3fcf41e0 0x4203d0e2:0x3fcf4210 0x420320a0:0x3fcf4230 0x420336cf:0x3fcf4260 0x420d4e43:0x3fcf4290




ELF file SHA256: d31ea98e27c05196

Rebooting...
ESP-ROM:esp32s3-20210327
Build:Mar 27 2021
rst:0xc (RTC_SW_CPU_RST),boot:0x2b (SPI_FAST_FLASH_BOOT)
Saved PC:0x40377ff0
SPIWP:0xee
mode:DIO, clock div:1
load:0x3fce3808,len:0x4bc
load:0x403c9700,len:0xbd8
load:0x403cc700,len:0x2a0c
entry 0x403c98d0
Guru Meditation Error: Core  0 panic'ed (Cache disabled but cached memory region accessed). 


Core  0 register dump:
PC      : 0x4202d3b2  PS      : 0x00060034  A0      : 0x803779f8  A1      : 0x3fc97d50  
A2      : 0x3fc97d5f  A3      : 0x00000001  A4      : 0x00060021  A5      : 0x3fcf3e80  
A6      : 0x00000000  A7      : 0x3fc97d50  A8      : 0x803754a8  A9      : 0x00060d23  
A10     : 0x00000001  A11     : 0x00000001  A12     : 0x00000001  A13     : 0x600c4130  
A14     : 0x00000000  A15     : 0x4004e950  SAR     : 0x0000000e  EXCCAUSE: 0x00000007  
EXCVADDR: 0x00000000  LBEG    : 0x40056f5c  LEND    : 0x40056f72  LCOUNT  : 0xffffffff  


Backtrace: 0x4202d3af:0x3fc97d50 0x403779f5:0x3fc97d80 0x4037f2d8:0x3fc97da0 0x4037dc47:0x3fc97dc0 0x40379d50:0x3fc97de0 0x40379b75:0x3fc97e00 0x40385e5b:0x3fcf3ed0 0x403771de:0x3fcf3f50 0x4203cc11:0x3fcf3f90 0x4203e716:0x3fcf3fb0 0x4203f63f:0x3fcf3fd0 0x4203f97a:0x3fcf4060 0x4203fcc6:0x3fcf40b0 0x4203e407:0x3fcf4120 0x4203e8ff:0x3fcf4180 0x4203e9af:0x3fcf41b0 0x4203d0bd:0x3fcf41e0 0x4203d0e2:0x3fcf4210 0x420320a0:0x3fcf4230 0x420336cf:0x3fcf4260 0x420d4e43:0x3fcf4290




ELF file SHA256: d31ea98e27c05196

Rebooting...
ESP-ROM:esp32s3-20210327
Build:Mar 27 2021
rst:0xc (RTC_SW_CPU_RST),boot:0x2b (SPI_FAST_FLASH_BOOT)
Saved PC:0x40377ff0
SPIWP:0xee
mode:DIO, clock div:1
load:0x3fce3808,len:0x4bc
load:0x403c9700,len:0xbd8
load:0x403cc700,len:0x2a0c
entry 0x403c98d0
Guru Meditation Error: Core  0 panic'ed (Cache disabled but cached memory region accessed). 


Core  0 register dump:
PC      : 0x4202d3b2  PS      : 0x00060034  A0      : 0x803779f8  A1      : 0x3fc97d50  
A2      : 0x3fc97d5f  A3      : 0x00000001  A4      : 0x00060021  A5      : 0x3fcf3f30  
A6      : 0x3fc99c18  A7      : 0x3fc97d50  A8      : 0x803754a8  A9      : 0x00000000  
A10     : 0x00000000  A11     : 0x00000000  A12     : 0x3fcf3f30  A13     : 0x3fcf3f10  
A14     : 0x3fc99c84  A15     : 0x3fcf3ef0  SAR     : 0x0000000e  EXCCAUSE: 0x00000007  
EXCVADDR: 0x00000000  LBEG    : 0x40056f5c  LEND    : 0x40056f72  LCOUNT  : 0xffffffff  


Backtrace: 0x4202d3af:0x3fc97d50 0x403779f5:0x3fc97d80 0x4037f2d8:0x3fc97da0 0x4037dc47:0x3fc97dc0 0x40379d50:0x3fc97de0 0x40379b75:0x3fc97e00 0x4037781c:0x3fcf3ed0 0x403775c1:0x3fcf3ef0 0x403775ff:0x3fcf3f10 0x4037b8cd:0x3fcf3f30 0x40377211:0x3fcf3f50 0x4203cc11:0x3fcf3f90 0x4203e716:0x3fcf3fb0 0x4203f63f:0x3fcf3fd0 0x4203f97a:0x3fcf4060 0x4203fcc6:0x3fcf40b0 0x4203e407:0x3fcf4120 0x4203e8ff:0x3fcf4180 0x4203e9af:0x3fcf41b0 0x4203d0bd:0x3fcf41e0 0x4203d0e2:0x3fcf4210 0x420320a0:0x3fcf4230 0x420336cf:0x3fcf4260 0x420d4e43:0x3fcf4290




ELF file SHA256: d31ea98e27c05196

Rebooting...
ESP-ROM:esp32s3-20210327
Build:Mar 27 2021
rst:0xc (RTC_SW_CPU_RST),boot:0x2b (SPI_FAST_FLASH_BOOT)
Saved PC:0x40377ff0
SPIWP:0xee
mode:DIO, clock div:1
load:0x3fce3808,len:0x4bc
load:0x403c9700,len:0xbd8
load:0x403cc700,len:0x2a0c
entry 0x403c98d0
Guru Meditation Error: Core  0 panic'ed (Cache disabled but cached memory region accessed). 


Core  0 register dump:
PC      : 0x4202d3b2  PS      : 0x00060034  A0      : 0x803779f8  A1      : 0x3fc97d50  
A2      : 0x3fc97d5f  A3      : 0x00000001  A4      : 0x00060021  A5      : 0x600c4130  
A6      : 0x00000000  A7      : 0x3fc97d50  A8      : 0x803754a8  A9      : 0x00000000  
A10     : 0x00ffffff  A11     : 0x00ffffff  A12     : 0x3fcf3f90  A13     : 0x3fcf3f50  
A14     : 0x3fc99c04  A15     : 0x3fcf3ff4  SAR     : 0x0000000e  EXCCAUSE: 0x00000007  
EXCVADDR: 0x00000000  LBEG    : 0x40056f5c  LEND    : 0x40056f72  LCOUNT  : 0xffffffff  


Backtrace: 0x4202d3af:0x3fc97d50 0x403779f5:0x3fc97d80 0x4037f2d8:0x3fc97da0 0x4037dc47:0x3fc97dc0 0x40379d50:0x3fc97de0 0x40379b75:0x3fc97e00 0x40056f91:0x3fcf3ec0 0x40385e49:0x3fcf3ed0 0x403771de:0x3fcf3f50 0x4203cc11:0x3fcf3f90 0x4203e716:0x3fcf3fb0 0x4203f63f:0x3fcf3fd0 0x4203f97a:0x3fcf4060 0x4203fcc6:0x3fcf40b0 0x4203e407:0x3fcf4120 0x4203e8ff:0x3fcf4180 0x4203e9af:0x3fcf41b0 0x4203d0bd:0x3fcf41e0 0x4203d0e2:0x3fcf4210 0x420320a0:0x3fcf4230 0x420336cf:0x3fcf4260 0x420d4e43:0x3fcf4290




ELF file SHA256: d31ea98e27c05196

Rebooting...
ESP-ROM:esp32s3-20210327
Build:Mar 27 2021
rst:0xc (RTC_SW_CPU_RST),boot:0x2b (SPI_FAST_FLASH_BOOT)
Saved PC:0x40377ff0
SPIWP:0xee
mode:DIO, clock div:1
load:0x3fce3808,len:0x4bc
load:0x403c9700,len:0xbd8
load:0x403cc700,len:0x2a0c
entry 0x403c98d0
Guru Meditation Error: Core  0 panic'ed (Cache disabled but cached memory region accessed). 


Core  0 register dump:
PC      : 0x4202d3b2  PS      : 0x00060034  A0      : 0x803779f8  A1      : 0x3fc97d50  
A2      : 0x3fc97d5f  A3      : 0x00000001  A4      : 0x00060021  A5      : 0x3fcf3ed0  
A6      : 0x3fc99c18  A7      : 0x3fc97d50  A8      : 0x803754a8  A9      : 0x00000004  
A10     : 0x00000000  A11     : 0x00000000  A12     : 0x3fcf3ed0  A13     : 0x3fcf3eb0  
A14     : 0x3fc99c38  A15     : 0x3fcf3eec  SAR     : 0x0000000e  EXCCAUSE: 0x00000007  
EXCVADDR: 0x00000000  LBEG    : 0x400570e8  LEND    : 0x400570f3  LCOUNT  : 0x00000000  


Backtrace: 0x4202d3af:0x3fc97d50 0x403779f5:0x3fc97d80 0x4037f2d8:0x3fc97da0 0x4037dc47:0x3fc97dc0 0x40379d50:0x3fc97de0 0x40379b75:0x3fc97e00 0x40056f44:0x3fcf3e60 0x40381a89:0x3fcf3e70 0x40381f3f:0x3fcf3eb0 0x40385e35:0x3fcf3ed0 0x403771de:0x3fcf3f50 0x4203cc11:0x3fcf3f90 0x4203e716:0x3fcf3fb0 0x4203f63f:0x3fcf3fd0 0x4203f97a:0x3fcf4060 0x4203fcc6:0x3fcf40b0 0x4203e407:0x3fcf4120 0x4203e8ff:0x3fcf4180 0x4203e9af:0x3fcf41b0 0x4203d0bd:0x3fcf41e0 0x4203d0e2:0x3fcf4210 0x420320a0:0x3fcf4230 0x420336cf:0x3fcf4260 0x420d4e43:0x3fcf4290




ELF file SHA256: d31ea98e27c05196

Rebooting...
ESP-ROM:esp32s3-20210327
Build:Mar 27 2021
rst:0xc (RTC_SW_CPU_RST),boot:0x2b (SPI_FAST_FLASH_BOOT)
Saved PC:0x40377ff0
SPIWP:0xee
mode:DIO, clock div:1
load:0x3fce3808,len:0x4bc
load:0x403c9700,len:0xbd8
load:0x403cc700,len:0x2a0c
entry 0x403c98d0
Guru Meditation Error: Core  0 panic'ed (Cache disabled but cached memory region accessed). 


Core  0 register dump:
PC      : 0x4202d3b2  PS      : 0x00060034  A0      : 0x803779f8  A1      : 0x3fc97d50  
A2      : 0x3fc97d5f  A3      : 0x00000001  A4      : 0x00060021  A5      : 0x3fcf3ed0  
A6      : 0x3fc99c18  A7      : 0x3fc97d50  A8      : 0x803754a8  A9      : 0x00000004  
A10     : 0x00000000  A11     : 0x00000000  A12     : 0x3fcf3ed0  A13     : 0x3fcf3eb0  
A14     : 0x3fc99c38  A15     : 0x3fcf3eec  SAR     : 0x0000000e  EXCCAUSE: 0x00000007  
EXCVADDR: 0x00000000  LBEG    : 0x400570e8  LEND    : 0x400570f3  LCOUNT  : 0x00000000  


Backtrace: 0x4202d3af:0x3fc97d50 0x403779f5:0x3fc97d80 0x4037f2d8:0x3fc97da0 0x4037dc47:0x3fc97dc0 0x40379d50:0x3fc97de0 0x40379b75:0x3fc97e00 0x40056f44:0x3fcf3e60 0x40381a89:0x3fcf3e70 0x40381f3f:0x3fcf3eb0 0x40385e35:0x3fcf3ed0 0x403771de:0x3fcf3f50 0x4203cc11:0x3fcf3f90 0x4203e716:0x3fcf3fb0 0x4203f63f:0x3fcf3fd0 0x4203f97a:0x3fcf4060 0x4203fcc6:0x3fcf40b0 0x4203e407:0x3fcf4120 0x4203e8ff:0x3fcf4180 0x4203e9af:0x3fcf41b0 0x4203d0bd:0x3fcf41e0 0x4203d0e2:0x3fcf4210 0x420320a0:0x3fcf4230 0x420336cf:0x3fcf4260 0x420d4e43:0x3fcf4290




ELF file SHA256: d31ea98e27c05196

Rebooting...
ESP-ROM:esp32s3-20210327
Build:Mar 27 2021
rst:0xc (RTC_SW_CPU_RST),boot:0x2b (SPI_FAST_FLASH_BOOT)
Saved PC:0x40377ff0
SPIWP:0xee
mode:DIO, clock div:1
load:0x3fce3808,len:0x4bc
load:0x403c9700,len:0xbd8
load:0x403cc700,len:0x2a0c
entry 0x403c98d0
Guru Meditation Error: Core  0 panic'ed (Cache disabled but cached memory region accessed). 


Core  0 register dump:
PC      : 0x4202d3b2  PS      : 0x00060034  A0      : 0x803779f8  A1      : 0x3fc97d50  
A2      : 0x3fc97d5f  A3      : 0x00000001  A4      : 0x00060021  A5      : 0x3fcf3ed0  
A6      : 0x3fc99c18  A7      : 0x3fc97d50  A8      : 0x803754a8  A9      : 0x00000004  
A10     : 0x00000000  A11     : 0x00000000  A12     : 0x3fcf3ed0  A13     : 0x3fcf3eb0  
A14     : 0x3fc99c38  A15     : 0x3fcf3eec  SAR     : 0x0000000e  EXCCAUSE: 0x00000007  
EXCVADDR: 0x00000000  LBEG    : 0x40056f5c  LEND    : 0x40056f72  LCOUNT  : 0xffffffff  


Backtrace: 0x4202d3af:0x3fc97d50 0x403779f5:0x3fc97d80 0x4037f2d8:0x3fc97da0 0x4037dc47:0x3fc97dc0 0x40379d50:0x3fc97de0 0x40379b75:0x3fc97e00 0x40056f97:0x3fcf3e60 0x40381a89:0x3fcf3e70 0x40381f3f:0x3fcf3eb0 0x40385e35:0x3fcf3ed0 0x403771de:0x3fcf3f50 0x4203cc11:0x3fcf3f90 0x4203e716:0x3fcf3fb0 0x4203f63f:0x3fcf3fd0 0x4203f97a:0x3fcf4060 0x4203fcc6:0x3fcf40b0 0x4203e407:0x3fcf4120 0x4203e8ff:0x3fcf4180 0x4203e9af:0x3fcf41b0 0x4203d0bd:0x3fcf41e0 0x4203d0e2:0x3fcf4210 0x420320a0:0x3fcf4230 0x420336cf:0x3fcf4260 0x420d4e43:0x3fcf4290




ELF file SHA256: d31ea98e27c05196

Rebooting...
ESP-ROM:esp32s3-20210327
Build:Mar 27 2021
rst:0xc (RTC_SW_CPU_RST),boot:0x2b (SPI_FAST_FLASH_BOOT)
Saved PC:0x40377ff0
SPIWP:0xee
mode:DIO, clock div:1
load:0x3fce3808,len:0x4bc
load:0x403c9700,len:0xbd8
load:0x403cc700,len:0x2a0c
entry 0x403c98d0
Guru Meditation Error: Core  0 panic'ed (Cache disabled but cached memory region accessed). 


Core  0 register dump:
PC      : 0x4202d3b2  PS      : 0x00060034  A0      : 0x803779f8  A1      : 0x3fc97d50  
A2      : 0x3fc97d5f  A3      : 0x00000001  A4      : 0x00060021  A5      : 0x600c4130  
A6      : 0x00000000  A7      : 0x3fc97d50  A8      : 0x803754a8  A9      : 0x00000000  
A10     : 0x00ffffff  A11     : 0x00ffffff  A12     : 0x3fcf3f90  A13     : 0x3fcf3f50  
A14     : 0x3fc99c04  A15     : 0x3fcf3ff4  SAR     : 0x0000000e  EXCCAUSE: 0x00000007  
EXCVADDR: 0x00000000  LBEG    : 0x40056f5c  LEND    : 0x40056f72  LCOUNT  : 0xffffffff  


Backtrace: 0x4202d3af:0x3fc97d50 0x403779f5:0x3fc97d80 0x4037f2d8:0x3fc97da0 0x4037dc47:0x3fc97dc0 0x40379d50:0x3fc97de0 0x40379b75:0x3fc97e00 0x40056f53:0x3fcf3ec0 0x40385e49:0x3fcf3ed0 0x403771de:0x3fcf3f50 0x4203cc11:0x3fcf3f90 0x4203e716:0x3fcf3fb0 0x4203f63f:0x3fcf3fd0 0x4203f97a:0x3fcf4060 0x4203fcc6:0x3fcf40b0 0x4203e407:0x3fcf4120 0x4203e8ff:0x3fcf4180 0x4203e9af:0x3fcf41b0 0x4203d0bd:0x3fcf41e0 0x4203d0e2:0x3fcf4210 0x420320a0:0x3fcf4230 0x420336cf:0x3fcf4260 0x420d4e43:0x3fcf4290




ELF file SHA256: d31ea98e27c05196

Rebooting...
ESP-ROM:esp32s3-20210327
Build:Mar 27 2021
rst:0xc (RTC_SW_CPU_RST),boot:0x2b (SPI_FAST_FLASH_BOOT)
Saved PC:0x40377ff0
SPIWP:0xee
mode:DIO, clock div:1
load:0x3fce3808,len:0x4bc
load:0x403c9700,len:0xbd8
load:0x403cc700,len:0x2a0c
entry 0x403c98d0
Guru Meditation Error: Core  0 panic'ed (Cache disabled but cached memory region accessed). 


Core  0 register dump:
PC      : 0x4202d3b2  PS      : 0x00060034  A0      : 0x803779f8  A1      : 0x3fc97d50  
A2      : 0x3fc97d5f  A3      : 0x00000001  A4      : 0x00060021  A5      : 0x3fcf3ed0  
A6      : 0x3fc99c18  A7      : 0x3fc97d50  A8      : 0x803754a8  A9      : 0x00000004  
A10     : 0x00000000  A11     : 0x00000000  A12     : 0x3fcf3ed0  A13     : 0x3fcf3eb0  
A14     : 0x3fc99c38  A15     : 0x3fcf3eec  SAR     : 0x0000000e  EXCCAUSE: 0x00000007  
EXCVADDR: 0x00000000  LBEG    : 0x40056f5c  LEND    : 0x40056f72  LCOUNT  : 0xffffffff  


Backtrace: 0x4202d3af:0x3fc97d50 0x403779f5:0x3fc97d80 0x4037f2d8:0x3fc97da0 0x4037dc47:0x3fc97dc0 0x40379d50:0x3fc97de0 0x40379b75:0x3fc97e00 0x40056f7e:0x3fcf3e60 0x40381a89:0x3fcf3e70 0x40381f3f:0x3fcf3eb0 0x40385e35:0x3fcf3ed0 0x403771de:0x3fcf3f50 0x4203cc11:0x3fcf3f90 0x4203e716:0x3fcf3fb0 0x4203f63f:0x3fcf3fd0 0x4203f97a:0x3fcf4060 0x4203fcc6:0x3fcf40b0 0x4203e407:0x3fcf4120 0x4203e8ff:0x3fcf4180 0x4203e9af:0x3fcf41b0 0x4203d0bd:0x3fcf41e0 0x4203d0e2:0x3fcf4210 0x420320a0:0x3fcf4230 0x420336cf:0x3fcf4260 0x420d4e43:0x3fcf4290




ELF file SHA256: d31ea98e27c05196

Rebooting...
ESP-ROM:esp32s3-20210327
Build:Mar 27 2021
rst:0xc (RTC_SW_CPU_RST),boot:0x2b (SPI_FAST_FLASH_BOOT)
Saved PC:0x40377ff0
SPIWP:0xee
mode:DIO, clock div:1
load:0x3fce3808,len:0x4bc
load:0x403c9700,len:0xbd8
load:0x403cc700,len:0x2a0c
entry 0x403c98d0
Guru Meditation Error: Core  0 panic'ed (Cache disabled but cached memory region accessed). 


Core  0 register dump:
PC      : 0x4202d3b2  PS      : 0x00060034  A0      : 0x803779f8  A1      : 0x3fc97d50  
A2      : 0x3fc97d5f  A3      : 0x00000001  A4      : 0x00060021  A5      : 0x3fcf3ea0  
A6      : 0x00000000  A7      : 0x3fc97d50  A8      : 0x803754a8  A9      : 0x1300120c  
A10     : 0x3fcf4410  A11     : 0x3fcf4410  A12     : 0x00000000  A13     : 0x3fcf3e80  
A14     : 0x00000000  A15     : 0x1300020c  SAR     : 0x0000000e  EXCCAUSE: 0x00000007  
EXCVADDR: 0x00000000  LBEG    : 0x40056f5c  LEND    : 0x40056f72  LCOUNT  : 0xffffffff  


Backtrace: 0x4202d3af:0x3fc97d50 0x403779f5:0x3fc97d80 0x4037f2d8:0x3fc97da0 0x4037dc47:0x3fc97dc0 0x40379d50:0x3fc97de0 0x40379b75:0x3fc97e00 0x4037720c:0x3fcf3f50 0x4203cc11:0x3fcf3f90 0x4203e716:0x3fcf3fb0 0x4203f63f:0x3fcf3fd0 0x4203f97a:0x3fcf4060 0x4203fcc6:0x3fcf40b0 0x4203e407:0x3fcf4120 0x4203e8ff:0x3fcf4180 0x4203e9af:0x3fcf41b0 0x4203d0bd:0x3fcf41e0 0x4203d0e2:0x3fcf4210 0x420320a0:0x3fcf4230 0x420336cf:0x3fcf4260 0x420d4e43:0x3fcf4290




ELF file SHA256: d31ea98e27c05196

Rebooting...
ESP-ROM:esp32s3-20210327
Build:Mar 27 2021
rst:0xc (RTC_SW_CPU_RST),boot:0x2b (SPI_FAST_FLASH_BOOT)
Saved PC:0x40377ff0
SPIWP:0xee
mode:DIO, clock div:1
load:0x3fce3808,len:0x4bc
load:0x403c9700,len:0xbd8
load:0x403cc700,len:0x2a0c
entry 0x403c98d0
Guru Meditation Error: Core  0 panic'ed (Cache disabled but cached memory region accessed). 


Core  0 register dump:
PC      : 0x4202d3b2  PS      : 0x00060034  A0      : 0x803779f8  A1      : 0x3fc97d50  
A2      : 0x3fc97d5f  A3      : 0x00000001  A4      : 0x00060021  A5      : 0x3fcf3f30  
A6      : 0x3fc99c18  A7      : 0x3fc97d50  A8      : 0x803754a8  A9      : 0x00000000  
A10     : 0x00000000  A11     : 0x00000000  A12     : 0x3fcf3f30  A13     : 0x3fcf3f10  
A14     : 0x3fc99c84  A15     : 0x3fcf3ef0  SAR     : 0x0000000e  EXCCAUSE: 0x00000007  
EXCVADDR: 0x00000000  LBEG    : 0x40056f5c  LEND    : 0x40056f72  LCOUNT  : 0xffffffff  


Backtrace: 0x4202d3af:0x3fc97d50 0x403779f5:0x3fc97d80 0x4037f2d8:0x3fc97da0 0x4037dc47:0x3fc97dc0 0x40379d50:0x3fc97de0 0x40379b75:0x3fc97e00 0x4037781c:0x3fcf3ed0 0x403775c1:0x3fcf3ef0 0x403775ff:0x3fcf3f10 0x4037b8cd:0x3fcf3f30 0x40377211:0x3fcf3f50 0x4203cc11:0x3fcf3f90 0x4203e716:0x3fcf3fb0 0x4203f63f:0x3fcf3fd0 0x4203f97a:0x3fcf4060 0x4203fcc6:0x3fcf40b0 0x4203e407:0x3fcf4120 0x4203e8ff:0x3fcf4180 0x4203e9af:0x3fcf41b0 0x4203d0bd:0x3fcf41e0 0x4203d0e2:0x3fcf4210 0x420320a0:0x3fcf4230 0x420336cf:0x3fcf4260 0x420d4e43:0x3fcf4290




ELF file SHA256: d31ea98e27c05196

Rebooting...
ESP-ROM:esp32s3-20210327
Build:Mar 27 2021
rst:0xc (RTC_SW_CPU_RST),boot:0x2b (SPI_FAST_FLASH_BOOT)
Saved PC:0x40377ff0
SPIWP:0xee
mode:DIO, clock div:1
load:0x3fce3808,len:0x4bc
load:0x403c9700,len:0xbd8
load:0x403cc700,len:0x2a0c
entry 0x403c98d0
Guru Meditation Error: Core  0 panic'ed (Cache disabled but cached memory region accessed). 


Core  0 register dump:
PC      : 0x4202d3b2  PS      : 0x00060034  A0      : 0x803779f8  A1      : 0x3fc97d50  
A2      : 0x3fc97d5f  A3      : 0x00000001  A4      : 0x00060021  A5      : 0x3fcf3e80  
A6      : 0x00000000  A7      : 0x3fc97d50  A8      : 0x803754a8  A9      : 0x00060d23  
A10     : 0x00000001  A11     : 0x00000001  A12     : 0x00000001  A13     : 0x600c4130  
A14     : 0x00000000  A15     : 0x4004e950  SAR     : 0x0000000e  EXCCAUSE: 0x00000007  
EXCVADDR: 0x00000000  LBEG    : 0x40056f5c  LEND    : 0x40056f72  LCOUNT  : 0xffffffff  


Backtrace: 0x4202d3af:0x3fc97d50 0x403779f5:0x3fc97d80 0x4037f2d8:0x3fc97da0 0x4037dc47:0x3fc97dc0 0x40379d50:0x3fc97de0 0x40379b75:0x3fc97e00 0x40385e5b:0x3fcf3ed0 0x403771de:0x3fcf3f50 0x4203cc11:0x3fcf3f90 0x4203e716:0x3fcf3fb0 0x4203f63f:0x3fcf3fd0 0x4203f97a:0x3fcf4060 0x4203fcc6:0x3fcf40b0 0x4203e407:0x3fcf4120 0x4203e8ff:0x3fcf4180 0x4203e9af:0x3fcf41b0 0x4203d0bd:0x3fcf41e0 0x4203d0e2:0x3fcf4210 0x420320a0:0x3fcf4230 0x420336cf:0x3fcf4260 0x420d4e43:0x3fcf4290




ELF file SHA256: d31ea98e27c05196

Rebooting...
ESP-ROM:esp32s3-20210327
Build:Mar 27 2021
rst:0xc (RTC_SW_CPU_RST),boot:0x2b (SPI_FAST_FLASH_BOOT)
Saved PC:0x40377ff0
SPIWP:0xee
mode:DIO, clock div:1
load:0x3fce3808,len:0x4bc
load:0x403c9700,len:0xbd8
load:0x403cc700,len:0x2a0c
entry 0x403c98d0
Guru Meditation Error: Core  0 panic'ed (Cache disabled but cached memory region accessed). 


Core  0 register dump:
PC      : 0x4202d3b2  PS      : 0x00060034  A0      : 0x803779f8  A1      : 0x3fc97d50  
A2      : 0x3fc97d5f  A3      : 0x00000001  A4      : 0x00060021  A5      : 0x3fcf3e80  
A6      : 0x00000000  A7      : 0x3fc97d50  A8      : 0x803754a8  A9      : 0x00060d23  
A10     : 0x00000001  A11     : 0x00000001  A12     : 0x00000001  A13     : 0x600c4130  
A14     : 0x00000000  A15     : 0x4004e950  SAR     : 0x0000000e  EXCCAUSE: 0x00000007  
EXCVADDR: 0x00000000  LBEG    : 0x40056f5c  LEND    : 0x40056f72  LCOUNT  : 0xffffffff  


Backtrace: 0x4202d3af:0x3fc97d50 0x403779f5:0x3fc97d80 0x4037f2d8:0x3fc97da0 0x4037dc47:0x3fc97dc0 0x40379d50:0x3fc97de0 0x40379b75:0x3fc97e00 0x4037b8ca:0x3fcf3f30 0x40377211:0x3fcf3f50 0x4203cc11:0x3fcf3f90 0x4203e716:0x3fcf3fb0 0x4203f63f:0x3fcf3fd0 0x4203f97a:0x3fcf4060 0x4203fcc6:0x3fcf40b0 0x4203e407:0x3fcf4120 0x4203e8ff:0x3fcf4180 0x4203e9af:0x3fcf41b0 0x4203d0bd:0x3fcf41e0 0x4203d0e2:0x3fcf4210 0x420320a0:0x3fcf4230 0x420336cf:0x3fcf4260 0x420d4e43:0x3fcf4290




ELF file SHA256: d31ea98e27c05196

Rebooting...
ESP-ROM:esp32s3-20210327
Build:Mar 27 2021
rst:0xc (RTC_SW_CPU_RST),boot:0x2b (SPI_FAST_FLASH_BOOT)
Saved PC:0x40377ff0
SPIWP:0xee
mode:DIO, clock div:1
load:0x3fce3808,len:0x4bc
load:0x403c9700,len:0xbd8
load:0x403cc700,len:0x2a0c
entry 0x403c98d0
Guru Meditation Error: Core  0 panic'ed (Cache disabled but cached memory region accessed). 


Core  0 register dump:
PC      : 0x4202d3b2  PS      : 0x00060034  A0      : 0x803779f8  A1      : 0x3fc97d50  
A2      : 0x3fc97d5f  A3      : 0x00000001  A4      : 0x00060021  A5      : 0x3fcf3ed0  
A6      : 0x3fc99c18  A7      : 0x3fc97d50  A8      : 0x803754a8  A9      : 0x00000004  
A10     : 0x00000000  A11     : 0x00000000  A12     : 0x3fcf3ed0  A13     : 0x3fcf3eb0  
A14     : 0x3fc99c38  A15     : 0x3fcf3eec  SAR     : 0x0000000e  EXCCAUSE: 0x00000007  
EXCVADDR: 0x00000000  LBEG    : 0x40056f5c  LEND    : 0x40056f72  LCOUNT  : 0xffffffff  


Backtrace: 0x4202d3af:0x3fc97d50 0x403779f5:0x3fc97d80 0x4037f2d8:0x3fc97da0 0x4037dc47:0x3fc97dc0 0x40379d50:0x3fc97de0 0x40379b75:0x3fc97e00 0x40056f7e:0x3fcf3e60 0x40381a89:0x3fcf3e70 0x40381f3f:0x3fcf3eb0 0x40385e35:0x3fcf3ed0 0x403771de:0x3fcf3f50 0x4203cc11:0x3fcf3f90 0x4203e716:0x3fcf3fb0 0x4203f63f:0x3fcf3fd0 0x4203f97a:0x3fcf4060 0x4203fcc6:0x3fcf40b0 0x4203e407:0x3fcf4120 0x4203e8ff:0x3fcf4180 0x4203e9af:0x3fcf41b0 0x4203d0bd:0x3fcf41e0 0x4203d0e2:0x3fcf4210 0x420320a0:0x3fcf4230 0x420336cf:0x3fcf4260 0x420d4e43:0x3fcf4290




ELF file SHA256: d31ea98e27c05196

Rebooting...
ESP-ROM:esp32s3-20210327
Build:Mar 27 2021
rst:0xc (RTC_SW_CPU_RST),boot:0x2b (SPI_FAST_FLASH_BOOT)
Saved PC:0x40377ff0
SPIWP:0xee
mode:DIO, clock div:1
load:0x3fce3808,len:0x4bc
load:0x403c9700,len:0xbd8
load:0x403cc700,len:0x2a0c
entry 0x403c98d0
Guru Meditation Error: Core  0 panic'ed (Cache disabled but cached memory region accessed). 


Core  0 register dump:
PC      : 0x4202d3b2  PS      : 0x00060034  A0      : 0x803779f8  A1      : 0x3fc97d50  
A2      : 0x3fc97d5f  A3      : 0x00000001  A4      : 0x00060021  A5      : 0x3fcf3ed0  
A6      : 0x3fc99c18  A7      : 0x3fc97d50  A8      : 0x803754a8  A9      : 0x00000004  
A10     : 0x00000000  A11     : 0x00000000  A12     : 0x3fcf3ed0  A13     : 0x3fcf3eb0  
A14     : 0x3fc99c38  A15     : 0x3fcf3eec  SAR     : 0x0000000e  EXCCAUSE: 0x00000007  
EXCVADDR: 0x00000000  LBEG    : 0x40056f5c  LEND    : 0x40056f72  LCOUNT  : 0xffffffff  


Backtrace: 0x4202d3af:0x3fc97d50 0x403779f5:0x3fc97d80 0x4037f2d8:0x3fc97da0 0x4037dc47:0x3fc97dc0 0x40379d50:0x3fc97de0 0x40379b75:0x3fc97e00 0x40056f7e:0x3fcf3e60 0x40381a89:0x3fcf3e70 0x40381f3f:0x3fcf3eb0 0x40385e35:0x3fcf3ed0 0x403771de:0x3fcf3f50 0x4203cc11:0x3fcf3f90 0x4203e716:0x3fcf3fb0 0x4203f63f:0x3fcf3fd0 0x4203f97a:0x3fcf4060 0x4203fcc6:0x3fcf40b0 0x4203e407:0x3fcf4120 0x4203e8ff:0x3fcf4180 0x4203e9af:0x3fcf41b0 0x4203d0bd:0x3fcf41e0 0x4203d0e2:0x3fcf4210 0x420320a0:0x3fcf4230 0x420336cf:0x3fcf4260 0x420d4e43:0x3fcf4290




ELF file SHA256: d31ea98e27c05196

Rebooting...
ESP-ROM:esp32s3-20210327
Build:Mar 27 2021
rst:0xc (RTC_SW_CPU_RST),boot:0x2b (SPI_FAST_FLASH_BOOT)
Saved PC:0x40377ff0
SPIWP:0xee
mode:DIO, clock div:1
load:0x3fce3808,len:0x4bc
load:0x403c9700,len:0xbd8
load:0x403cc700,len:0x2a0c
entry 0x403c98d0
Guru Meditation Error: Core  0 panic'ed (Cache disabled but cached memory region accessed). 


Core  0 register dump:
PC      : 0x4202d3b2  PS      : 0x00060034  A0      : 0x803779f8  A1      : 0x3fc97d50  
A2      : 0x3fc97d5f  A3      : 0x00000001  A4      : 0x00060021  A5      : 0x3fcf3e80  
A6      : 0x00000000  A7      : 0x3fc97d50  A8      : 0x803754a8  A9      : 0x00060d23  
A10     : 0x00000001  A11     : 0x00000001  A12     : 0x00000001  A13     : 0x600c4130  
A14     : 0x00000000  A15     : 0x4004e950  SAR     : 0x0000000e  EXCCAUSE: 0x00000007  
EXCVADDR: 0x00000000  LBEG    : 0x40056f5c  LEND    : 0x40056f72  LCOUNT  : 0xffffffff  


Backtrace: 0x4202d3af:0x3fc97d50 0x403779f5:0x3fc97d80 0x4037f2d8:0x3fc97da0 0x4037dc47:0x3fc97dc0 0x40379d50:0x3fc97de0 0x40379b75:0x3fc97e00 0x40385de0:0x3fcf3ed0 0x403771de:0x3fcf3f50 0x4203cc11:0x3fcf3f90 0x4203e716:0x3fcf3fb0 0x4203f63f:0x3fcf3fd0 0x4203f97a:0x3fcf4060 0x4203fcc6:0x3fcf40b0 0x4203e407:0x3fcf4120 0x4203e8ff:0x3fcf4180 0x4203e9af:0x3fcf41b0 0x4203d0bd:0x3fcf41e0 0x4203d0e2:0x3fcf4210 0x420320a0:0x3fcf4230 0x420336cf:0x3fcf4260 0x420d4e43:0x3fcf4290




ELF file SHA256: d31ea98e27c05196

Rebooting...
ESP-ROM:esp32s3-20210327
Build:Mar 27 2021
rst:0xc (RTC_SW_CPU_RST),boot:0x2b (SPI_FAST_FLASH_BOOT)
Saved PC:0x40377ff0
SPIWP:0xee
mode:DIO, clock div:1
load:0x3fce3808,len:0x4bc
load:0x403c9700,len:0xbd8
load:0x403cc700,len:0x2a0c
entry 0x403c98d0
Guru Meditation Error: Core  0 panic'ed (Cache disabled but cached memory region accessed). 


Core  0 register dump:
PC      : 0x4202d3b2  PS      : 0x00060034  A0      : 0x803779f8  A1      : 0x3fc97d50  
A2      : 0x3fc97d5f  A3      : 0x00000001  A4      : 0x00060021  A5      : 0x3fcf3f30  
A6      : 0x3fc99c18  A7      : 0x3fc97d50  A8      : 0x803754a8  A9      : 0x00000000  
A10     : 0x00000000  A11     : 0x00000000  A12     : 0x3fcf3f30  A13     : 0x3fcf3f10  
A14     : 0x3fc99c84  A15     : 0x3fcf3ef0  SAR     : 0x0000000e  EXCCAUSE: 0x00000007  
EXCVADDR: 0x00000000  LBEG    : 0x40056f5c  LEND    : 0x40056f72  LCOUNT  : 0xffffffff  


Backtrace: 0x4202d3af:0x3fc97d50 0x403779f5:0x3fc97d80 0x4037f2d8:0x3fc97da0 0x4037dc47:0x3fc97dc0 0x40379d50:0x3fc97de0 0x40379b75:0x3fc97e00 0x4037781c:0x3fcf3ed0 0x403775c1:0x3fcf3ef0 0x403775ff:0x3fcf3f10 0x4037b8cd:0x3fcf3f30 0x40377211:0x3fcf3f50 0x4203cc11:0x3fcf3f90 0x4203e716:0x3fcf3fb0 0x4203f63f:0x3fcf3fd0 0x4203f97a:0x3fcf4060 0x4203fcc6:0x3fcf40b0 0x4203e407:0x3fcf4120 0x4203e8ff:0x3fcf4180 0x4203e9af:0x3fcf41b0 0x4203d0bd:0x3fcf41e0 0x4203d0e2:0x3fcf4210 0x420320a0:0x3fcf4230 0x420336cf:0x3fcf4260 0x420d4e43:0x3fcf4290




ELF file SHA256: d31ea98e27c05196

Rebooting...
ESP-ROM:esp32s3-20210327
Build:Mar 27 2021
rst:0xc (RTC_SW_CPU_RST),boot:0x2b (SPI_FAST_FLASH_BOOT)
Saved PC:0x40377ff0
SPIWP:0xee
mode:DIO, clock div:1
load:0x3fce3808,len:0x4bc
load:0x403c9700,len:0xbd8
load:0x403cc700,len:0x2a0c
entry 0x403c98d0
Guru Meditation Error: Core  0 panic'ed (Cache disabled but cached memory region accessed). 


Core  0 register dump:
PC      : 0x4202d3b2  PS      : 0x00060034  A0      : 0x803779f8  A1      : 0x3fc97d50  
A2      : 0x3fc97d5f  A3      : 0x00000001  A4      : 0x00060021  A5      : 0x600c4130  
A6      : 0x00000000  A7      : 0x3fc97d50  A8      : 0x803754a8  A9      : 0x00000000  
A10     : 0x00ffffff  A11     : 0x00ffffff  A12     : 0x3fcf3f90  A13     : 0x3fcf3f50  
A14     : 0x3fc99c04  A15     : 0x3fcf3ff4  SAR     : 0x0000000e  EXCCAUSE: 0x00000007  
EXCVADDR: 0x00000000  LBEG    : 0x40056f5c  LEND    : 0x40056f72  LCOUNT  : 0xffffffff  


Backtrace: 0x4202d3af:0x3fc97d50 0x403779f5:0x3fc97d80 0x4037f2d8:0x3fc97da0 0x4037dc47:0x3fc97dc0 0x40379d50:0x3fc97de0 0x40379b75:0x3fc97e00 0x40056f91:0x3fcf3ec0 0x40385e49:0x3fcf3ed0 0x403771de:0x3fcf3f50 0x4203cc11:0x3fcf3f90 0x4203e716:0x3fcf3fb0 0x4203f63f:0x3fcf3fd0 0x4203f97a:0x3fcf4060 0x4203fcc6:0x3fcf40b0 0x4203e407:0x3fcf4120 0x4203e8ff:0x3fcf4180 0x4203e9af:0x3fcf41b0 0x4203d0bd:0x3fcf41e0 0x4203d0e2:0x3fcf4210 0x420320a0:0x3fcf4230 0x420336cf:0x3fcf4260 0x420d4e43:0x3fcf4290




ELF file SHA256: d31ea98e27c05196

Rebooting...
ESP-ROM:esp32s3-20210327
Build:Mar 27 2021
rst:0xc (RTC_SW_CPU_RST),boot:0x2b (SPI_FAST_FLASH_BOOT)
Saved PC:0x40377ff0
SPIWP:0xee
mode:DIO, clock div:1
load:0x3fce3808,len:0x4bc
load:0x403c9700,len:0xbd8
load:0x403cc700,len:0x2a0c
entry 0x403c98d0
Guru Meditation Error: Core  0 panic'ed (Cache disabled but cached memory region accessed). 


Core  0 register dump:
PC      : 0x4202d3b2  PS      : 0x00060034  A0      : 0x803779f8  A1      : 0x3fc97d50  
A2      : 0x3fc97d5f  A3      : 0x00000001  A4      : 0x00060021  A5      : 0x3fcf3ea0  
A6      : 0x00000000  A7      : 0x3fc97d50  A8      : 0x803754a8  A9      : 0x1300120c  
A10     : 0x3fcf4410  A11     : 0x3fcf4410  A12     : 0x00000000  A13     : 0x3fcf3e80  
A14     : 0x00000000  A15     : 0x1300020c  SAR     : 0x0000000e  EXCCAUSE: 0x00000007  
EXCVADDR: 0x00000000  LBEG    : 0x40056f5c  LEND    : 0x40056f72  LCOUNT  : 0xffffffff  


Backtrace: 0x4202d3af:0x3fc97d50 0x403779f5:0x3fc97d80 0x4037f2d8:0x3fc97da0 0x4037dc47:0x3fc97dc0 0x40379d50:0x3fc97de0 0x40379b75:0x3fc97e00 0x4037720c:0x3fcf3f50 0x4203cc11:0x3fcf3f90 0x4203e716:0x3fcf3fb0 0x4203f63f:0x3fcf3fd0 0x4203f97a:0x3fcf4060 0x4203fcc6:0x3fcf40b0 0x4203e407:0x3fcf4120 0x4203e8ff:0x3fcf4180 0x4203e9af:0x3fcf41b0 0x4203d0bd:0x3fcf41e0 0x4203d0e2:0x3fcf4210 0x420320a0:0x3fcf4230 0x420336cf:0x3fcf4260 0x420d4e43:0x3fcf4290




ELF file SHA256: d31ea98e27c05196

Rebooting...
ESP-ROM:esp32s3-20210327
Build:Mar 27 2021
rst:0xc (RTC_SW_CPU_RST),boot:0x2b (SPI_FAST_FLASH_BOOT)
Saved PC:0x40377ff0
SPIWP:0xee
mode:DIO, clock div:1
load:0x3fce3808,len:0x4bc
load:0x403c9700,len:0xbd8
load:0x403cc700,len:0x2a0c
entry 0x403c98d0
Guru Meditation Error: Core  0 panic'ed (Cache disabled but cached memory region accessed). 


Core  0 register dump:
PC      : 0x4202d3b2  PS      : 0x00060034  A0      : 0x803779f8  A1      : 0x3fc97d50  
A2      : 0x3fc97d5f  A3      : 0x00000001  A4      : 0x00060021  A5      : 0x3fcf3e80  
A6      : 0x00000000  A7      : 0x3fc97d50  A8      : 0x803754a8  A9      : 0x00060d23  
A10     : 0x00000001  A11     : 0x00000001  A12     : 0x00000001  A13     : 0x600c4130  
A14     : 0x00000000  A15     : 0x4004e950  SAR     : 0x0000000e  EXCCAUSE: 0x00000007  
EXCVADDR: 0x00000000  LBEG    : 0x40056f5c  LEND    : 0x40056f72  LCOUNT  : 0xffffffff  


Backtrace: 0x4202d3af:0x3fc97d50 0x403779f5:0x3fc97d80 0x4037f2d8:0x3fc97da0 0x4037dc47:0x3fc97dc0 0x40379d50:0x3fc97de0 0x40379b75:0x3fc97e00 0x40385e52:0x3fcf3ed0 0x403771de:0x3fcf3f50 0x4203cc11:0x3fcf3f90 0x4203e716:0x3fcf3fb0 0x4203f63f:0x3fcf3fd0 0x4203f97a:0x3fcf4060 0x4203fcc6:0x3fcf40b0 0x4203e407:0x3fcf4120 0x4203e8ff:0x3fcf4180 0x4203e9af:0x3fcf41b0 0x4203d0bd:0x3fcf41e0 0x4203d0e2:0x3fcf4210 0x420320a0:0x3fcf4230 0x420336cf:0x3fcf4260 0x420d4e43:0x3fcf4290




ELF file SHA256: d31ea98e27c05196

Rebooting...
ESP-ROM:esp32s3-20210327
Build:Mar 27 2021
rst:0xc (RTC_SW_CPU_RST),boot:0x2b (SPI_FAST_FLASH_BOOT)
Saved PC:0x40377ff0
SPIWP:0xee
mode:DIO, clock div:1
load:0x3fce3808,len:0x4bc
load:0x403c9700,len:0xbd8
load:0x403cc700,len:0x2a0c
entry 0x403c98d0
Guru Meditation Error: Core  0 panic'ed (Cache disabled but cached memory region accessed). 


Core  0 register dump:
PC      : 0x4202d3b2  PS      : 0x00060034  A0      : 0x803779f8  A1      : 0x3fc97d50  
A2      : 0x3fc97d5f  A3      : 0x00000001  A4      : 0x00060021  A5      : 0x3fcf3e80  
A6      : 0x00000000  A7      : 0x3fc97d50  A8      : 0x803754a8  A9      : 0x00060d23  
A10     : 0x00000001  A11     : 0x00000001  A12     : 0x00000001  A13     : 0x600c4130  
A14     : 0x00000000  A15     : 0x4004e950  SAR     : 0x0000000e  EXCCAUSE: 0x00000007  
EXCVADDR: 0x00000000  LBEG    : 0x40056f5c  LEND    : 0x40056f72  LCOUNT  : 0xffffffff  


Backtrace: 0x4202d3af:0x3fc97d50 0x403779f5:0x3fc97d80 0x4037f2d8:0x3fc97da0 0x4037dc47:0x3fc97dc0 0x40379d50:0x3fc97de0 0x40379b75:0x3fc97e00 0x40385e49:0x3fcf3ed0 0x403771de:0x3fcf3f50 0x4203cc11:0x3fcf3f90 0x4203e716:0x3fcf3fb0 0x4203f63f:0x3fcf3fd0 0x4203f97a:0x3fcf4060 0x4203fcc6:0x3fcf40b0 0x4203e407:0x3fcf4120 0x4203e8ff:0x3fcf4180 0x4203e9af:0x3fcf41b0 0x4203d0bd:0x3fcf41e0 0x4203d0e2:0x3fcf4210 0x420320a0:0x3fcf4230 0x420336cf:0x3fcf4260 0x420d4e43:0x3fcf4290




ELF file SHA256: d31ea98e27c05196

Rebooting...
ESP-ROM:esp32s3-20210327
Build:Mar 27 2021
rst:0xc (RTC_SW_CPU_RST),boot:0x2b (SPI_FAST_FLASH_BOOT)
Saved PC:0x40377ff0
SPIWP:0xee
mode:DIO, clock div:1
load:0x3fce3808,len:0x4bc
load:0x403c9700,len:0xbd8
load:0x403cc700,len:0x2a0c
entry 0x403c98d0
Guru Meditation Error: Core  0 panic'ed (Cache disabled but cached memory region accessed). 


Core  0 register dump:
PC      : 0x4202d3b2  PS      : 0x00060034  A0      : 0x803779f8  A1      : 0x3fc97d50  
A2      : 0x3fc97d5f  A3      : 0x00000001  A4      : 0x00060021  A5      : 0x3fcf3e80  
A6      : 0x00000000  A7      : 0x3fc97d50  A8      : 0x803754a8  A9      : 0x00060d23  
A10     : 0x00000001  A11     : 0x00000001  A12     : 0x00000001  A13     : 0x600c4130  
A14     : 0x00000000  A15     : 0x4004e950  SAR     : 0x0000000e  EXCCAUSE: 0x00000007  
EXCVADDR: 0x00000000  LBEG    : 0x40056f5c  LEND    : 0x40056f72  LCOUNT  : 0xffffffff  


Backtrace: 0x4202d3af:0x3fc97d50 0x403779f5:0x3fc97d80 0x4037f2d8:0x3fc97da0 0x4037dc47:0x3fc97dc0 0x40379d50:0x3fc97de0 0x40379b75:0x3fc97e00 0x40385e52:0x3fcf3ed0 0x403771de:0x3fcf3f50 0x4203cc11:0x3fcf3f90 0x4203e716:0x3fcf3fb0 0x4203f63f:0x3fcf3fd0 0x4203f97a:0x3fcf4060 0x4203fcc6:0x3fcf40b0 0x4203e407:0x3fcf4120 0x4203e8ff:0x3fcf4180 0x4203e9af:0x3fcf41b0 0x4203d0bd:0x3fcf41e0 0x4203d0e2:0x3fcf4210 0x420320a0:0x3fcf4230 0x420336cf:0x3fcf4260 0x420d4e43:0x3fcf4290




ELF file SHA256: d31ea98e27c05196

Rebooting...
ESP-ROM:esp32s3-20210327
Build:Mar 27 2021
rst:0xc (RTC_SW_CPU_RST),boot:0x2b (SPI_FAST_FLASH_BOOT)
Saved PC:0x40377ff0
SPIWP:0xee
mode:DIO, clock div:1
load:0x3fce3808,len:0x4bc
load:0x403c9700,len:0xbd8
load:0x403cc700,len:0x2a0c
entry 0x403c98d0
Guru Meditation Error: Core  0 panic'ed (Cache disabled but cached memory region accessed). 


Core  0 register dump:
PC      : 0x4202d3b2  PS      : 0x00060034  A0      : 0x803779f8  A1      : 0x3fc97d50  
A2      : 0x3fc97d5f  A3      : 0x00000001  A4      : 0x00060021  A5      : 0x600c4130  
A6      : 0x00000000  A7      : 0x3fc97d50  A8      : 0x803754a8  A9      : 0x00000000  
A10     : 0x00ffffff  A11     : 0x00ffffff  A12     : 0x3fcf3f90  A13     : 0x3fcf3f50  
A14     : 0x3fc99c04  A15     : 0x3fcf3ff4  SAR     : 0x0000000e  EXCCAUSE: 0x00000007  
EXCVADDR: 0x00000000  LBEG    : 0x40056f5c  LEND    : 0x40056f72  LCOUNT  : 0xffffffff  


Backtrace: 0x4202d3af:0x3fc97d50 0x403779f5:0x3fc97d80 0x4037f2d8:0x3fc97da0 0x4037dc47:0x3fc97dc0 0x40379d50:0x3fc97de0 0x40379b75:0x3fc97e00 0x40056f8b:0x3fcf3ec0 0x40385e49:0x3fcf3ed0 0x403771de:0x3fcf3f50 0x4203cc11:0x3fcf3f90 0x4203e716:0x3fcf3fb0 0x4203f63f:0x3fcf3fd0 0x4203f97a:0x3fcf4060 0x4203fcc6:0x3fcf40b0 0x4203e407:0x3fcf4120 0x4203e8ff:0x3fcf4180 0x4203e9af:0x3fcf41b0 0x4203d0bd:0x3fcf41e0 0x4203d0e2:0x3fcf4210 0x420320a0:0x3fcf4230 0x420336cf:0x3fcf4260 0x420d4e43:0x3fcf4290




ELF file SHA256: d31ea98e27c05196

Rebooting...
ESP-ROM:esp32s3-20210327
Build:Mar 27 2021
rst:0xc (RTC_SW_CPU_RST),boot:0x2b (SPI_FAST_FLASH_BOOT)
Saved PC:0x40377ff0
SPIWP:0xee
mode:DIO, clock div:1
load:0x3fce3808,len:0x4bc
load:0x403c9700,len:0xbd8
load:0x403cc700,len:0x2a0c
entry 0x403c98d0
Guru Meditation Error: Core  0 panic'ed (Cache disabled but cached memory region accessed). 


Core  0 register dump:
PC      : 0x4202d3b2  PS      : 0x00060034  A0      : 0x803779f8  A1      : 0x3fc97d50  
A2      : 0x3fc97d5f  A3      : 0x00000001  A4      : 0x00060021  A5      : 0x3fcf3ea0  
A6      : 0x00000000  A7      : 0x3fc97d50  A8      : 0x803754a8  A9      : 0x1300120c  
A10     : 0x3fcf4410  A11     : 0x3fcf4410  A12     : 0x00000000  A13     : 0x3fcf3e80  
A14     : 0x00000000  A15     : 0x1300020c  SAR     : 0x0000000e  EXCCAUSE: 0x00000007  
EXCVADDR: 0x00000000  LBEG    : 0x40056f5c  LEND    : 0x40056f72  LCOUNT  : 0xffffffff  


Backtrace: 0x4202d3af:0x3fc97d50 0x403779f5:0x3fc97d80 0x4037f2d8:0x3fc97da0 0x4037dc47:0x3fc97dc0 0x40379d50:0x3fc97de0 0x40379b75:0x3fc97e00 0x403771e0:0x3fcf3f50 0x4203cc11:0x3fcf3f90 0x4203e716:0x3fcf3fb0 0x4203f63f:0x3fcf3fd0 0x4203f97a:0x3fcf4060 0x4203fcc6:0x3fcf40b0 0x4203e407:0x3fcf4120 0x4203e8ff:0x3fcf4180 0x4203e9af:0x3fcf41b0 0x4203d0bd:0x3fcf41e0 0x4203d0e2:0x3fcf4210 0x420320a0:0x3fcf4230 0x420336cf:0x3fcf4260 0x420d4e43:0x3fcf4290




ELF file SHA256: d31ea98e27c05196

Rebooting...
ESP-ROM:esp32s3-20210327
Build:Mar 27 2021
rst:0xc (RTC_SW_CPU_RST),boot:0x2b (SPI_FAST_FLASH_BOOT)
Saved PC:0x40377ff0
SPIWP:0xee
mode:DIO, clock div:1
load:0x3fce3808,len:0x4bc
load:0x403c9700,len:0xbd8
load:0x403cc700,len:0x2a0c
entry 0x403c98d0
Guru Meditation Error: Core  0 panic'ed (Cache disabled but cached memory region accessed). 


Core  0 register dump:
PC      : 0x4202d3b2  PS      : 0x00060034  A0      : 0x803779f8  A1      : 0x3fc97d50  
A2      : 0x3fc97d5f  A3      : 0x00000001  A4      : 0x00060021  A5      : 0x3fcf3e80  
A6      : 0x00000000  A7      : 0x3fc97d50  A8      : 0x803754a8  A9      : 0x00060d23  
A10     : 0x00000001  A11     : 0x00000001  A12     : 0x00000001  A13     : 0x600c4130  
A14     : 0x00000000  A15     : 0x4004e950  SAR     : 0x0000000e  EXCCAUSE: 0x00000007  
EXCVADDR: 0x00000000  LBEG    : 0x40056f5c  LEND    : 0x40056f72  LCOUNT  : 0xffffffff  


Backtrace: 0x4202d3af:0x3fc97d50 0x403779f5:0x3fc97d80 0x4037f2d8:0x3fc97da0 0x4037dc47:0x3fc97dc0 0x40379d50:0x3fc97de0 0x40379b75:0x3fc97e00 0x40385e52:0x3fcf3ed0 0x403771de:0x3fcf3f50 0x4203cc11:0x3fcf3f90 0x4203e716:0x3fcf3fb0 0x4203f63f:0x3fcf3fd0 0x4203f97a:0x3fcf4060 0x4203fcc6:0x3fcf40b0 0x4203e407:0x3fcf4120 0x4203e8ff:0x3fcf4180 0x4203e9af:0x3fcf41b0 0x4203d0bd:0x3fcf41e0 0x4203d0e2:0x3fcf4210 0x420320a0:0x3fcf4230 0x420336cf:0x3fcf4260 0x420d4e43:0x3fcf4290




ELF file SHA256: d31ea98e27c05196

Rebooting...
ESP-ROM:esp32s3-20210327
Build:Mar 27 2021
rst:0xc (RTC_SW_CPU_RST),boot:0x2b (SPI_FAST_FLASH_BOOT)
Saved PC:0x40377ff0
SPIWP:0xee
mode:DIO, clock div:1
load:0x3fce3808,len:0x4bc
load:0x403c9700,len:0xbd8
load:0x403cc700,len:0x2a0c
entry 0x403c98d0
Guru Meditation Error: Core  0 panic'ed (Cache disabled but cached memory region accessed). 


Core  0 register dump:
PC      : 0x4202d3b2  PS      : 0x00060034  A0      : 0x803779f8  A1      : 0x3fc97d50  
A2      : 0x3fc97d5f  A3      : 0x00000001  A4      : 0x00060021  A5      : 0x3fcf3f30  
A6      : 0x3fc99c18  A7      : 0x3fc97d50  A8      : 0x803754a8  A9      : 0x00000000  
A10     : 0x00000000  A11     : 0x00000000  A12     : 0x3fcf3f30  A13     : 0x3fcf3f10  
A14     : 0x3fc99c84  A15     : 0x3fcf3ef0  SAR     : 0x0000000e  EXCCAUSE: 0x00000007  
EXCVADDR: 0x00000000  LBEG    : 0x40056f5c  LEND    : 0x40056f72  LCOUNT  : 0xffffffff  


Backtrace: 0x4202d3af:0x3fc97d50 0x403779f5:0x3fc97d80 0x4037f2d8:0x3fc97da0 0x4037dc47:0x3fc97dc0 0x40379d50:0x3fc97de0 0x40379b75:0x3fc97e00 0x4037781c:0x3fcf3ed0 0x403775c1:0x3fcf3ef0 0x403775ff:0x3fcf3f10 0x4037b8cd:0x3fcf3f30 0x40377211:0x3fcf3f50 0x4203cc11:0x3fcf3f90 0x4203e716:0x3fcf3fb0 0x4203f63f:0x3fcf3fd0 0x4203f97a:0x3fcf4060 0x4203fcc6:0x3fcf40b0 0x4203e407:0x3fcf4120 0x4203e8ff:0x3fcf4180 0x4203e9af:0x3fcf41b0 0x4203d0bd:0x3fcf41e0 0x4203d0e2:0x3fcf4210 0x420320a0:0x3fcf4230 0x420336cf:0x3fcf4260 0x420d4e43:0x3fcf4290




ELF file SHA256: d31ea98e27c05196

Rebooting...
ESP-ROM:esp32s3-20210327
Build:Mar 27 2021
rst:0xc (RTC_SW_CPU_RST),boot:0x2b (SPI_FAST_FLASH_BOOT)
Saved PC:0x40377ff0
SPIWP:0xee
mode:DIO, clock div:1
load:0x3fce3808,len:0x4bc
load:0x403c9700,len:0xbd8
load:0x403cc700,len:0x2a0c
entry 0x403c98d0
Guru Meditation Error: Core  0 panic'ed (Cache disabled but cached memory region accessed). 


Core  0 register dump:
PC      : 0x4202d3b2  PS      : 0x00060034  A0      : 0x803779f8  A1      : 0x3fc97d50  
A2      : 0x3fc97d5f  A3      : 0x00000001  A4      : 0x00060021  A5      : 0x3fcf3e80  
A6      : 0x00000000  A7      : 0x3fc97d50  A8      : 0x803754a8  A9      : 0x00060d23  
A10     : 0x00000001  A11     : 0x00000001  A12     : 0x00000001  A13     : 0x600c4130  
A14     : 0x00000000  A15     : 0x4004e950  SAR     : 0x0000000e  EXCCAUSE: 0x00000007  
EXCVADDR: 0x00000000  LBEG    : 0x40056f5c  LEND    : 0x40056f72  LCOUNT  : 0xffffffff  


Backtrace: 0x4202d3af:0x3fc97d50 0x403779f5:0x3fc97d80 0x4037f2d8:0x3fc97da0 0x4037dc47:0x3fc97dc0 0x40379d50:0x3fc97de0 0x40379b75:0x3fc97e00 0x4037b8c6:0x3fcf3f30 0x40377211:0x3fcf3f50 0x4203cc11:0x3fcf3f90 0x4203e716:0x3fcf3fb0 0x4203f63f:0x3fcf3fd0 0x4203f97a:0x3fcf4060 0x4203fcc6:0x3fcf40b0 0x4203e407:0x3fcf4120 0x4203e8ff:0x3fcf4180 0x4203e9af:0x3fcf41b0 0x4203d0bd:0x3fcf41e0 0x4203d0e2:0x3fcf4210 0x420320a0:0x3fcf4230 0x420336cf:0x3fcf4260 0x420d4e43:0x3fcf4290




ELF file SHA256: d31ea98e27c05196

Rebooting...
ESP-ROM:esp32s3-20210327
Build:Mar 27 2021
rst:0xc (RTC_SW_CPU_RST),boot:0x2b (SPI_FAST_FLASH_BOOT)
Saved PC:0x40377ff0
SPIWP:0xee
mode:DIO, clock div:1
load:0x3fce3808,len:0x4bc
load:0x403c9700,len:0xbd8
load:0x403cc700,len:0x2a0c
entry 0x403c98d0
Guru Meditation Error: Core  0 panic'ed (Cache disabled but cached memory region accessed). 


Core  0 register dump:
PC      : 0x4202d3b2  PS      : 0x00060034  A0      : 0x803779f8  A1      : 0x3fc97d50  
A2      : 0x3fc97d5f  A3      : 0x00000001  A4      : 0x00060021  A5      : 0x3fcf3ed0  
A6      : 0x3fc99c18  A7      : 0x3fc97d50  A8      : 0x803754a8  A9      : 0x00000004  
A10     : 0x00000000  A11     : 0x00000000  A12     : 0x3fcf3ed0  A13     : 0x3fcf3eb0  
A14     : 0x3fc99c38  A15     : 0x3fcf3eec  SAR     : 0x0000000e  EXCCAUSE: 0x00000007  
EXCVADDR: 0x00000000  LBEG    : 0x400570e8  LEND    : 0x400570f3  LCOUNT  : 0x00000000  


Backtrace: 0x4202d3af:0x3fc97d50 0x403779f5:0x3fc97d80 0x4037f2d8:0x3fc97da0 0x4037dc47:0x3fc97dc0 0x40379d50:0x3fc97de0 0x40379b75:0x3fc97e00 0x40056f44:0x3fcf3e60 0x40381a89:0x3fcf3e70 0x40381f3f:0x3fcf3eb0 0x40385e35:0x3fcf3ed0 0x403771de:0x3fcf3f50 0x4203cc11:0x3fcf3f90 0x4203e716:0x3fcf3fb0 0x4203f63f:0x3fcf3fd0 0x4203f97a:0x3fcf4060 0x4203fcc6:0x3fcf40b0 0x4203e407:0x3fcf4120 0x4203e8ff:0x3fcf4180 0x4203e9af:0x3fcf41b0 0x4203d0bd:0x3fcf41e0 0x4203d0e2:0x3fcf4210 0x420320a0:0x3fcf4230 0x420336cf:0x3fcf4260 0x420d4e43:0x3fcf4290




ELF file SHA256: d31ea98e27c05196

Rebooting...
ESP-ROM:esp32s3-20210327
Build:Mar 27 2021
rst:0xc (RTC_SW_CPU_RST),boot:0x2b (SPI_FAST_FLASH_BOOT)
Saved PC:0x40377ff0
SPIWP:0xee
mode:DIO, clock div:1
load:0x3fce3808,len:0x4bc
load:0x403c9700,len:0xbd8
load:0x403cc700,len:0x2a0c
entry 0x403c98d0
Guru Meditation Error: Core  0 panic'ed (Cache disabled but cached memory region accessed). 


Core  0 register dump:
PC      : 0x4202d3b2  PS      : 0x00060034  A0      : 0x803779f8  A1      : 0x3fc97d50  
A2      : 0x3fc97d5f  A3      : 0x00000001  A4      : 0x00060021  A5      : 0x600c4130  
A6      : 0x00000000  A7      : 0x3fc97d50  A8      : 0x803754a8  A9      : 0x00000000  
A10     : 0x00ffffff  A11     : 0x00ffffff  A12     : 0x3fcf3f90  A13     : 0x3fcf3f50  
A14     : 0x3fc99c04  A15     : 0x3fcf3ff4  SAR     : 0x0000000e  EXCCAUSE: 0x00000007  
EXCVADDR: 0x00000000  LBEG    : 0x40056f5c  LEND    : 0x40056f72  LCOUNT  : 0xffffffff  


Backtrace: 0x4202d3af:0x3fc97d50 0x403779f5:0x3fc97d80 0x4037f2d8:0x3fc97da0 0x4037dc47:0x3fc97dc0 0x40379d50:0x3fc97de0 0x40379b75:0x3fc97e00 0x40056f53:0x3fcf3ec0 0x40385e49:0x3fcf3ed0 0x403771de:0x3fcf3f50 0x4203cc11:0x3fcf3f90 0x4203e716:0x3fcf3fb0 0x4203f63f:0x3fcf3fd0 0x4203f97a:0x3fcf4060 0x4203fcc6:0x3fcf40b0 0x4203e407:0x3fcf4120 0x4203e8ff:0x3fcf4180 0x4203e9af:0x3fcf41b0 0x4203d0bd:0x3fcf41e0 0x4203d0e2:0x3fcf4210 0x420320a0:0x3fcf4230 0x420336cf:0x3fcf4260 0x420d4e43:0x3fcf4290




ELF file SHA256: d31ea98e27c05196

Rebooting...
ESP-ROM:esp32s3-20210327
Build:Mar 27 2021
rst:0xc (RTC_SW_CPU_RST),boot:0x2b (SPI_FAST_FLASH_BOOT)
Saved PC:0x40377ff0
SPIWP:0xee
mode:DIO, clock div:1
load:0x3fce3808,len:0x4bc
load:0x403c9700,len:0xbd8
load:0x403cc700,len:0x2a0c
entry 0x403c98d0
Guru Meditation Error: Core  0 panic'ed (Cache disabled but cached memory region accessed). 


Core  0 register dump:
PC      : 0x4202d3b2  PS      : 0x00060034  A0      : 0x803779f8  A1      : 0x3fc97d50  
A2      : 0x3fc97d5f  A3      : 0x00000001  A4      : 0x00060021  A5      : 0x3fcf3ed0  
A6      : 0x3fc99c18  A7      : 0x3fc97d50  A8      : 0x803754a8  A9      : 0x00000004  
A10     : 0x00000000  A11     : 0x00000000  A12     : 0x3fcf3ed0  A13     : 0x3fcf3eb0  
A14     : 0x3fc99c38  A15     : 0x3fcf3eec  SAR     : 0x0000000e  EXCCAUSE: 0x00000007  
EXCVADDR: 0x00000000  LBEG    : 0x40056f5c  LEND    : 0x40056f72  LCOUNT  : 0xffffffff  


Backtrace: 0x4202d3af:0x3fc97d50 0x403779f5:0x3fc97d80 0x4037f2d8:0x3fc97da0 0x4037dc47:0x3fc97dc0 0x40379d50:0x3fc97de0 0x40379b75:0x3fc97e00 0x40056f8f:0x3fcf3e60 0x40381a89:0x3fcf3e70 0x40381f3f:0x3fcf3eb0 0x40385e35:0x3fcf3ed0 0x403771de:0x3fcf3f50 0x4203cc11:0x3fcf3f90 0x4203e716:0x3fcf3fb0 0x4203f63f:0x3fcf3fd0 0x4203f97a:0x3fcf4060 0x4203fcc6:0x3fcf40b0 0x4203e407:0x3fcf4120 0x4203e8ff:0x3fcf4180 0x4203e9af:0x3fcf41b0 0x4203d0bd:0x3fcf41e0 0x4203d0e2:0x3fcf4210 0x420320a0:0x3fcf4230 0x420336cf:0x3fcf4260 0x420d4e43:0x3fcf4290




ELF file SHA256: d31ea98e27c05196

Rebooting...
ESP-ROM:esp32s3-20210327
Build:Mar 27 2021
rst:0xc (RTC_SW_CPU_RST),boot:0x2b (SPI_FAST_FLASH_BOOT)
Saved PC:0x40377ff0
SPIWP:0xee
mode:DIO, clock div:1
load:0x3fce3808,len:0x4bc
load:0x403c9700,len:0xbd8
load:0x403cc700,len:0x2a0c
entry 0x403c98d0
Guru Meditation Error: Core  0 panic'ed (Cache disabled but cached memory region accessed). 


Core  0 register dump:
PC      : 0x4202d3b2  PS      : 0x00060034  A0      : 0x803779f8  A1      : 0x3fc97d50  
A2      : 0x3fc97d5f  A3      : 0x00000001  A4      : 0x00060021  A5      : 0x3fcf3e80  
A6      : 0x00000000  A7      : 0x3fc97d50  A8      : 0x803754a8  A9      : 0x00060d23  
A10     : 0x00000001  A11     : 0x00000001  A12     : 0x00000001  A13     : 0x600c4130  
A14     : 0x00000000  A15     : 0x4004e950  SAR     : 0x0000000e  EXCCAUSE: 0x00000007  
EXCVADDR: 0x00000000  LBEG    : 0x40056f5c  LEND    : 0x40056f72  LCOUNT  : 0xffffffff  


Backtrace: 0x4202d3af:0x3fc97d50 0x403779f5:0x3fc97d80 0x4037f2d8:0x3fc97da0 0x4037dc47:0x3fc97dc0 0x40379d50:0x3fc97de0 0x40379b75:0x3fc97e00 0x40385de0:0x3fcf3ed0 0x403771de:0x3fcf3f50 0x4203cc11:0x3fcf3f90 0x4203e716:0x3fcf3fb0 0x4203f63f:0x3fcf3fd0 0x4203f97a:0x3fcf4060 0x4203fcc6:0x3fcf40b0 0x4203e407:0x3fcf4120 0x4203e8ff:0x3fcf4180 0x4203e9af:0x3fcf41b0 0x4203d0bd:0x3fcf41e0 0x4203d0e2:0x3fcf4210 0x420320a0:0x3fcf4230 0x420336cf:0x3fcf4260 0x420d4e43:0x3fcf4290




ELF file SHA256: d31ea98e27c05196

Rebooting...
ESP-ROM:esp32s3-20210327
Build:Mar 27 2021
rst:0xc (RTC_SW_CPU_RST),boot:0x2b (SPI_FAST_FLASH_BOOT)
Saved PC:0x40377ff0
SPIWP:0xee
mode:DIO, clock div:1
load:0x3fce3808,len:0x4bc
load:0x403c9700,len:0xbd8
load:0x403cc700,len:0x2a0c
entry 0x403c98d0
Guru Meditation Error: Core  0 panic'ed (Cache disabled but cached memory region accessed). 


Core  0 register dump:
PC      : 0x4202d3b2  PS      : 0x00060034  A0      : 0x803779f8  A1      : 0x3fc97d50  
A2      : 0x3fc97d5f  A3      : 0x00000001  A4      : 0x00060021  A5      : 0x600c4130  
A6      : 0x00000000  A7      : 0x3fc97d50  A8      : 0x803754a8  A9      : 0x00000000  
A10     : 0x00ffffff  A11     : 0x00ffffff  A12     : 0x3fcf3f90  A13     : 0x3fcf3f50  
A14     : 0x3fc99c04  A15     : 0x3fcf3ff4  SAR     : 0x0000000e  EXCCAUSE: 0x00000007  
EXCVADDR: 0x00000000  LBEG    : 0x40056f5c  LEND    : 0x40056f72  LCOUNT  : 0xffffffff  


Backtrace: 0x4202d3af:0x3fc97d50 0x403779f5:0x3fc97d80 0x4037f2d8:0x3fc97da0 0x4037dc47:0x3fc97dc0 0x40379d50:0x3fc97de0 0x40379b75:0x3fc97e00 0x40056f8b:0x3fcf3ec0 0x40385e49:0x3fcf3ed0 0x403771de:0x3fcf3f50 0x4203cc11:0x3fcf3f90 0x4203e716:0x3fcf3fb0 0x4203f63f:0x3fcf3fd0 0x4203f97a:0x3fcf4060 0x4203fcc6:0x3fcf40b0 0x4203e407:0x3fcf4120 0x4203e8ff:0x3fcf4180 0x4203e9af:0x3fcf41b0 0x4203d0bd:0x3fcf41e0 0x4203d0e2:0x3fcf4210 0x420320a0:0x3fcf4230 0x420336cf:0x3fcf4260 0x420d4e43:0x3fcf4290




ELF file SHA256: d31ea98e27c05196

Rebooting...
ESP-ROM:esp32s3-20210327
Build:Mar 27 2021
rst:0xc (RTC_SW_CPU_RST),boot:0x2b (SPI_FAST_FLASH_BOOT)
Saved PC:0x40377ff0
SPIWP:0xee
mode:DIO, clock div:1
load:0x3fce3808,len:0x4bc
load:0x403c9700,len:0xbd8
load:0x403cc700,len:0x2a0c
entry 0x403c98d0
Guru Meditation Error: Core  0 panic'ed (Cache disabled but cached memory region accessed). 


Core  0 register dump:
PC      : 0x4202d3b2  PS      : 0x00060034  A0      : 0x803779f8  A1      : 0x3fc97d50  
A2      : 0x3fc97d5f  A3      : 0x00000001  A4      : 0x00060021  A5      : 0x600c4130  
A6      : 0x00000000  A7      : 0x3fc97d50  A8      : 0x803754a8  A9      : 0x00000000  
A10     : 0x00ffffff  A11     : 0x00ffffff  A12     : 0x3fcf3f90  A13     : 0x3fcf3f50  
A14     : 0x3fc99c04  A15     : 0x3fcf3ff4  SAR     : 0x0000000e  EXCCAUSE: 0x00000007  
EXCVADDR: 0x00000000  LBEG    : 0x40056f5c  LEND    : 0x40056f72  LCOUNT  : 0xffffffff  


Backtrace: 0x4202d3af:0x3fc97d50 0x403779f5:0x3fc97d80 0x4037f2d8:0x3fc97da0 0x4037dc47:0x3fc97dc0 0x40379d50:0x3fc97de0 0x40379b75:0x3fc97e00 0x40056f53:0x3fcf3ec0 0x40385e49:0x3fcf3ed0 0x403771de:0x3fcf3f50 0x4203cc11:0x3fcf3f90 0x4203e716:0x3fcf3fb0 0x4203f63f:0x3fcf3fd0 0x4203f97a:0x3fcf4060 0x4203fcc6:0x3fcf40b0 0x4203e407:0x3fcf4120 0x4203e8ff:0x3fcf4180 0x4203e9af:0x3fcf41b0 0x4203d0bd:0x3fcf41e0 0x4203d0e2:0x3fcf4210 0x420320a0:0x3fcf4230 0x420336cf:0x3fcf4260 0x420d4e43:0x3fcf4290




ELF file SHA256: d31ea98e27c05196

Rebooting...
ESP-ROM:esp32s3-20210327
Build:Mar 27 2021
rst:0xc (RTC_SW_CPU_RST),boot:0x2b (SPI_FAST_FLASH_BOOT)
Saved PC:0x40377ff0
SPIWP:0xee
mode:DIO, clock div:1
load:0x3fce3808,len:0x4bc
load:0x403c9700,len:0xbd8
load:0x403cc700,len:0x2a0c
entry 0x403c98d0
Guru Meditation Error: Core  0 panic'ed (Cache disabled but cached memory region accessed). 


Core  0 register dump:
PC      : 0x4202d3b2  PS      : 0x00060034  A0      : 0x803779f8  A1      : 0x3fc97d50  
A2      : 0x3fc97d5f  A3      : 0x00000001  A4      : 0x00060021  A5      : 0x3fcf3ed0  
A6      : 0x3fc99c18  A7      : 0x3fc97d50  A8      : 0x803754a8  A9      : 0x00000004  
A10     : 0x00000000  A11     : 0x00000000  A12     : 0x3fcf3ed0  A13     : 0x3fcf3eb0  
A14     : 0x3fc99c38  A15     : 0x3fcf3eec  SAR     : 0x0000000e  EXCCAUSE: 0x00000007  
EXCVADDR: 0x00000000  LBEG    : 0x40056f5c  LEND    : 0x40056f72  LCOUNT  : 0xffffffff  


Backtrace: 0x4202d3af:0x3fc97d50 0x403779f5:0x3fc97d80 0x4037f2d8:0x3fc97da0 0x4037dc47:0x3fc97dc0 0x40379d50:0x3fc97de0 0x40379b75:0x3fc97e00 0x40056f7e:0x3fcf3e60 0x40381a89:0x3fcf3e70 0x40381f3f:0x3fcf3eb0 0x40385e35:0x3fcf3ed0 0x403771de:0x3fcf3f50 0x4203cc11:0x3fcf3f90 0x4203e716:0x3fcf3fb0 0x4203f63f:0x3fcf3fd0 0x4203f97a:0x3fcf4060 0x4203fcc6:0x3fcf40b0 0x4203e407:0x3fcf4120 0x4203e8ff:0x3fcf4180 0x4203e9af:0x3fcf41b0 0x4203d0bd:0x3fcf41e0 0x4203d0e2:0x3fcf4210 0x420320a0:0x3fcf4230 0x420336cf:0x3fcf4260 0x420d4e43:0x3fcf4290




ELF file SHA256: d31ea98e27c05196

Rebooting...
ESP-ROM:esp32s3-20210327
Build:Mar 27 2021
rst:0xc (RTC_SW_CPU_RST),boot:0x2b (SPI_FAST_FLASH_BOOT)
Saved PC:0x40377ff0
SPIWP:0xee
mode:DIO, clock div:1
load:0x3fce3808,len:0x4bc
load:0x403c9700,len:0xbd8
load:0x403cc700,len:0x2a0c
entry 0x403c98d0
Guru Meditation Error: Core  0 panic'ed (Cache disabled but cached memory region accessed). 


Core  0 register dump:
PC      : 0x4202d3b2  PS      : 0x00060034  A0      : 0x803779f8  A1      : 0x3fc97d50  
A2      : 0x3fc97d5f  A3      : 0x00000001  A4      : 0x00060021  A5      : 0x3fcf3e80  
A6      : 0x00000000  A7      : 0x3fc97d50  A8      : 0x803754a8  A9      : 0x00060d23  
A10     : 0x00000001  A11     : 0x00000001  A12     : 0x00000001  A13     : 0x600c4130  
A14     : 0x00000000  A15     : 0x4004e950  SAR     : 0x0000000e  EXCCAUSE: 0x00000007  
EXCVADDR: 0x00000000  LBEG    : 0x40056f5c  LEND    : 0x40056f72  LCOUNT  : 0xffffffff  


Backtrace: 0x4202d3af:0x3fc97d50 0x403779f5:0x3fc97d80 0x4037f2d8:0x3fc97da0 0x4037dc47:0x3fc97dc0 0x40379d50:0x3fc97de0 0x40379b75:0x3fc97e00 0x40385de0:0x3fcf3ed0 0x403771de:0x3fcf3f50 0x4203cc11:0x3fcf3f90 0x4203e716:0x3fcf3fb0 0x4203f63f:0x3fcf3fd0 0x4203f97a:0x3fcf4060 0x4203fcc6:0x3fcf40b0 0x4203e407:0x3fcf4120 0x4203e8ff:0x3fcf4180 0x4203e9af:0x3fcf41b0 0x4203d0bd:0x3fcf41e0 0x4203d0e2:0x3fcf4210 0x420320a0:0x3fcf4230 0x420336cf:0x3fcf4260 0x420d4e43:0x3fcf4290




ELF file SHA256: d31ea98e27c05196

Rebooting...
ESP-ROM:esp32s3-20210327
Build:Mar 27 2021
rst:0xc (RTC_SW_CPU_RST),boot:0x2b (SPI_FAST_FLASH_BOOT)
Saved PC:0x40377ff0
SPIWP:0xee
mode:DIO, clock div:1
load:0x3fce3808,len:0x4bc
load:0x403c9700,len:0xbd8
load:0x403cc700,len:0x2a0c
entry 0x403c98d0
Guru Meditation Error: Core  0 panic'ed (Cache disabled but cached memory region accessed). 


Core  0 register dump:
PC      : 0x4202d3b2  PS      : 0x00060034  A0      : 0x803779f8  A1      : 0x3fc97d50  
A2      : 0x3fc97d5f  A3      : 0x00000001  A4      : 0x00060021  A5      : 0x3fcf3e80  
A6      : 0x00000000  A7      : 0x3fc97d50  A8      : 0x803754a8  A9      : 0x00060d23  
A10     : 0x00000001  A11     : 0x00000001  A12     : 0x00000001  A13     : 0x600c4130  
A14     : 0x00000000  A15     : 0x4004e950  SAR     : 0x0000000e  EXCCAUSE: 0x00000007  
EXCVADDR: 0x00000000  LBEG    : 0x40056f5c  LEND    : 0x40056f72  LCOUNT  : 0xffffffff  


Backtrace: 0x4202d3af:0x3fc97d50 0x403779f5:0x3fc97d80 0x4037f2d8:0x3fc97da0 0x4037dc47:0x3fc97dc0 0x40379d50:0x3fc97de0 0x40379b75:0x3fc97e00 0x40385e5b:0x3fcf3ed0 0x403771de:0x3fcf3f50 0x4203cc11:0x3fcf3f90 0x4203e716:0x3fcf3fb0 0x4203f63f:0x3fcf3fd0 0x4203f97a:0x3fcf4060 0x4203fcc6:0x3fcf40b0 0x4203e407:0x3fcf4120 0x4203e8ff:0x3fcf4180 0x4203e9af:0x3fcf41b0 0x4203d0bd:0x3fcf41e0 0x4203d0e2:0x3fcf4210 0x420320a0:0x3fcf4230 0x420336cf:0x3fcf4260 0x420d4e43:0x3fcf4290




ELF file SHA256: d31ea98e27c05196

Rebooting...
ESP-ROM:esp32s3-20210327
Build:Mar 27 2021
rst:0xc (RTC_SW_CPU_RST),boot:0x2b (SPI_FAST_FLASH_BOOT)
Saved PC:0x40377ff0
SPIWP:0xee
mode:DIO, clock div:1
load:0x3fce3808,len:0x4bc
load:0x403c9700,len:0xbd8
load:0x403cc700,len:0x2a0c
entry 0x403c98d0
Guru Meditation Error: Core  0 panic'ed (Cache disabled but cached memory region accessed). 


Core  0 register dump:
PC      : 0x4202d3b2  PS      : 0x00060034  A0      : 0x803779f8  A1      : 0x3fc97d50  
A2      : 0x3fc97d5f  A3      : 0x00000001  A4      : 0x00060021  A5      : 0x600c4130  
A6      : 0x00000000  A7      : 0x3fc97d50  A8      : 0x803754a8  A9      : 0x00000000  
A10     : 0x00ffffff  A11     : 0x00ffffff  A12     : 0x3fcf3f90  A13     : 0x3fcf3f50  
A14     : 0x3fc99c04  A15     : 0x3fcf3ff4  SAR     : 0x0000000e  EXCCAUSE: 0x00000007  
EXCVADDR: 0x00000000  LBEG    : 0x40056f5c  LEND    : 0x40056f72  LCOUNT  : 0xffffffff  


Backtrace: 0x4202d3af:0x3fc97d50 0x403779f5:0x3fc97d80 0x4037f2d8:0x3fc97da0 0x4037dc47:0x3fc97dc0 0x40379d50:0x3fc97de0 0x40379b75:0x3fc97e00 0x40056f8b:0x3fcf3ec0 0x40385e49:0x3fcf3ed0 0x403771de:0x3fcf3f50 0x4203cc11:0x3fcf3f90 0x4203e716:0x3fcf3fb0 0x4203f63f:0x3fcf3fd0 0x4203f97a:0x3fcf4060 0x4203fcc6:0x3fcf40b0 0x4203e407:0x3fcf4120 0x4203e8ff:0x3fcf4180 0x4203e9af:0x3fcf41b0 0x4203d0bd:0x3fcf41e0 0x4203d0e2:0x3fcf4210 0x420320a0:0x3fcf4230 0x420336cf:0x3fcf4260 0x420d4e43:0x3fcf4290




ELF file SHA256: d31ea98e27c05196

Rebooting...
ESP-ROM:esp32s3-20210327
Build:Mar 27 2021
rst:0xc (RTC_SW_CPU_RST),boot:0x2b (SPI_FAST_FLASH_BOOT)
Saved PC:0x40377ff0
SPIWP:0xee
mode:DIO, clock div:1
load:0x3fce3808,len:0x4bc
load:0x403c9700,len:0xbd8
load:0x403cc700,len:0x2a0c
entry 0x403c98d0
Guru Meditation Error: Core  0 panic'ed (Cache disabled but cached memory region accessed). 


Core  0 register dump:
PC      : 0x4202d3b2  PS      : 0x00060034  A0      : 0x803779f8  A1      : 0x3fc97d50  
A2      : 0x3fc97d5f  A3      : 0x00000001  A4      : 0x00060021  A5      : 0x3fcf3e80  
A6      : 0x00000000  A7      : 0x3fc97d50  A8      : 0x803754a8  A9      : 0x00060d23  
A10     : 0x00000001  A11     : 0x00000001  A12     : 0x00000001  A13     : 0x600c4130  
A14     : 0x00000000  A15     : 0x4004e950  SAR     : 0x0000000e  EXCCAUSE: 0x00000007  
EXCVADDR: 0x00000000  LBEG    : 0x40056f5c  LEND    : 0x40056f72  LCOUNT  : 0xffffffff  


Backtrace: 0x4202d3af:0x3fc97d50 0x403779f5:0x3fc97d80 0x4037f2d8:0x3fc97da0 0x4037dc47:0x3fc97dc0 0x40379d50:0x3fc97de0 0x40379b75:0x3fc97e00 0x40385de0:0x3fcf3ed0 0x403771de:0x3fcf3f50 0x4203cc11:0x3fcf3f90 0x4203e716:0x3fcf3fb0 0x4203f63f:0x3fcf3fd0 0x4203f97a:0x3fcf4060 0x4203fcc6:0x3fcf40b0 0x4203e407:0x3fcf4120 0x4203e8ff:0x3fcf4180 0x4203e9af:0x3fcf41b0 0x4203d0bd:0x3fcf41e0 0x4203d0e2:0x3fcf4210 0x420320a0:0x3fcf4230 0x420336cf:0x3fcf4260 0x420d4e43:0x3fcf4290




ELF file SHA256: d31ea98e27c05196

Rebooting...
ESP-ROM:esp32s3-20210327
Build:Mar 27 2021
rst:0xc (RTC_SW_CPU_RST),boot:0x2b (SPI_FAST_FLASH_BOOT)
Saved PC:0x40377ff0
SPIWP:0xee
mode:DIO, clock div:1
load:0x3fce3808,len:0x4bc
load:0x403c9700,len:0xbd8
load:0x403cc700,len:0x2a0c
entry 0x403c98d0
Guru Meditation Error: Core  0 panic'ed (Cache disabled but cached memory region accessed). 


Core  0 register dump:
PC      : 0x4202d3b2  PS      : 0x00060034  A0      : 0x803779f8  A1      : 0x3fc97d50  
A2      : 0x3fc97d5f  A3      : 0x00000001  A4      : 0x00060021  A5      : 0x3fcf3e80  
A6      : 0x00000000  A7      : 0x3fc97d50  A8      : 0x803754a8  A9      : 0x00060d23  
A10     : 0x00000001  A11     : 0x00000001  A12     : 0x00000001  A13     : 0x600c4130  
A14     : 0x00000000  A15     : 0x4004e950  SAR     : 0x0000000e  EXCCAUSE: 0x00000007  
EXCVADDR: 0x00000000  LBEG    : 0x40056f5c  LEND    : 0x40056f72  LCOUNT  : 0xffffffff  


Backtrace: 0x4202d3af:0x3fc97d50 0x403779f5:0x3fc97d80 0x4037f2d8:0x3fc97da0 0x4037dc47:0x3fc97dc0 0x40379d50:0x3fc97de0 0x40379b75:0x3fc97e00 0x40385e49:0x3fcf3ed0 0x403771de:0x3fcf3f50 0x4203cc11:0x3fcf3f90 0x4203e716:0x3fcf3fb0 0x4203f63f:0x3fcf3fd0 0x4203f97a:0x3fcf4060 0x4203fcc6:0x3fcf40b0 0x4203e407:0x3fcf4120 0x4203e8ff:0x3fcf4180 0x4203e9af:0x3fcf41b0 0x4203d0bd:0x3fcf41e0 0x4203d0e2:0x3fcf4210 0x420320a0:0x3fcf4230 0x420336cf:0x3fcf4260 0x420d4e43:0x3fcf4290




ELF file SHA256: d31ea98e27c05196

Rebooting...
ESP-ROM:esp32s3-20210327
Build:Mar 27 2021
rst:0xc (RTC_SW_CPU_RST),boot:0x2b (SPI_FAST_FLASH_BOOT)
Saved PC:0x40377ff0
SPIWP:0xee
mode:DIO, clock div:1
load:0x3fce3808,len:0x4bc
load:0x403c9700,len:0xbd8
load:0x403cc700,len:0x2a0c
entry 0x403c98d0
Guru Meditation Error: Core  0 panic'ed (Cache disabled but cached memory region accessed). 


Core  0 register dump:
PC      : 0x4202d3b2  PS      : 0x00060034  A0      : 0x803779f8  A1      : 0x3fc97d50  
A2      : 0x3fc97d5f  A3      : 0x00000001  A4      : 0x00060021  A5      : 0x3fcf3e80  
A6      : 0x00000000  A7      : 0x3fc97d50  A8      : 0x803754a8  A9      : 0x00060d23  
A10     : 0x00000001  A11     : 0x00000001  A12     : 0x00000001  A13     : 0x600c4130  
A14     : 0x00000000  A15     : 0x4004e950  SAR     : 0x0000000e  EXCCAUSE: 0x00000007  
EXCVADDR: 0x00000000  LBEG    : 0x40056f5c  LEND    : 0x40056f72  LCOUNT  : 0xffffffff  


Backtrace: 0x4202d3af:0x3fc97d50 0x403779f5:0x3fc97d80 0x4037f2d8:0x3fc97da0 0x4037dc47:0x3fc97dc0 0x40379d50:0x3fc97de0 0x40379b75:0x3fc97e00 0x40385e49:0x3fcf3ed0 0x403771de:0x3fcf3f50 0x4203cc11:0x3fcf3f90 0x4203e716:0x3fcf3fb0 0x4203f63f:0x3fcf3fd0 0x4203f97a:0x3fcf4060 0x4203fcc6:0x3fcf40b0 0x4203e407:0x3fcf4120 0x4203e8ff:0x3fcf4180 0x4203e9af:0x3fcf41b0 0x4203d0bd:0x3fcf41e0 0x4203d0e2:0x3fcf4210 0x420320a0:0x3fcf4230 0x420336cf:0x3fcf4260 0x420d4e43:0x3fcf4290




ELF file SHA256: d31ea98e27c05196

Rebooting...
ESP-ROM:esp32s3-20210327
Build:Mar 27 2021
rst:0xc (RTC_SW_CPU_RST),boot:0x2b (SPI_FAST_FLASH_BOOT)
Saved PC:0x40377ff0
SPIWP:0xee
mode:DIO, clock div:1
load:0x3fce3808,len:0x4bc
load:0x403c9700,len:0xbd8
load:0x403cc700,len:0x2a0c
entry 0x403c98d0
Guru Meditation Error: Core  0 panic'ed (Cache disabled but cached memory region accessed). 


Core  0 register dump:
PC      : 0x4202d3b2  PS      : 0x00060034  A0      : 0x803779f8  A1      : 0x3fc97d50  
A2      : 0x3fc97d5f  A3      : 0x00000001  A4      : 0x00060021  A5      : 0x3fcf3f30  
A6      : 0x3fc99c18  A7      : 0x3fc97d50  A8      : 0x803754a8  A9      : 0x00000000  
A10     : 0x00000000  A11     : 0x00000000  A12     : 0x3fcf3f30  A13     : 0x3fcf3f10  
A14     : 0x3fc99c84  A15     : 0x3fcf3ef0  SAR     : 0x0000000e  EXCCAUSE: 0x00000007  
EXCVADDR: 0x00000000  LBEG    : 0x40056f5c  LEND    : 0x40056f72  LCOUNT  : 0xffffffff  


Backtrace: 0x4202d3af:0x3fc97d50 0x403779f5:0x3fc97d80 0x4037f2d8:0x3fc97da0 0x4037dc47:0x3fc97dc0 0x40379d50:0x3fc97de0 0x40379b75:0x3fc97e00 0x4037781c:0x3fcf3ed0 0x403775c1:0x3fcf3ef0 0x403775ff:0x3fcf3f10 0x4037b8cd:0x3fcf3f30 0x40377211:0x3fcf3f50 0x4203cc11:0x3fcf3f90 0x4203e716:0x3fcf3fb0 0x4203f63f:0x3fcf3fd0 0x4203f97a:0x3fcf4060 0x4203fcc6:0x3fcf40b0 0x4203e407:0x3fcf4120 0x4203e8ff:0x3fcf4180 0x4203e9af:0x3fcf41b0 0x4203d0bd:0x3fcf41e0 0x4203d0e2:0x3fcf4210 0x420320a0:0x3fcf4230 0x420336cf:0x3fcf4260 0x420d4e43:0x3fcf4290




ELF file SHA256: d31ea98e27c05196

Rebooting...
ESP-ROM:esp32s3-20210327
Build:Mar 27 2021
rst:0xc (RTC_SW_CPU_RST),boot:0x2b (SPI_FAST_FLASH_BOOT)
Saved PC:0x40377ff0
SPIWP:0xee
mode:DIO, clock div:1
load:0x3fce3808,len:0x4bc
load:0x403c9700,len:0xbd8
load:0x403cc700,len:0x2a0c
entry 0x403c98d0
Guru Meditation Error: Core  0 panic'ed (Cache disabled but cached memory region accessed). 


Core  0 register dump:
PC      : 0x4202d3b2  PS      : 0x00060034  A0      : 0x803779f8  A1      : 0x3fc97d50  
A2      : 0x3fc97d5f  A3      : 0x00000001  A4      : 0x00060021  A5      : 0x3fcf3f30  
A6      : 0x3fc99c18  A7      : 0x3fc97d50  A8      : 0x803754a8  A9      : 0x00000000  
A10     : 0x00000000  A11     : 0x00000000  A12     : 0x3fcf3f30  A13     : 0x3fcf3f10  
A14     : 0x3fc99c84  A15     : 0x3fcf3ef0  SAR     : 0x0000000e  EXCCAUSE: 0x00000007  
EXCVADDR: 0x00000000  LBEG    : 0x40056f5c  LEND    : 0x40056f72  LCOUNT  : 0xffffffff  


Backtrace: 0x4202d3af:0x3fc97d50 0x403779f5:0x3fc97d80 0x4037f2d8:0x3fc97da0 0x4037dc47:0x3fc97dc0 0x40379d50:0x3fc97de0 0x40379b75:0x3fc97e00 0x4037781c:0x3fcf3ed0 0x403775c1:0x3fcf3ef0 0x403775ff:0x3fcf3f10 0x4037b8cd:0x3fcf3f30 0x40377211:0x3fcf3f50 0x4203cc11:0x3fcf3f90 0x4203e716:0x3fcf3fb0 0x4203f63f:0x3fcf3fd0 0x4203f97a:0x3fcf4060 0x4203fcc6:0x3fcf40b0 0x4203e407:0x3fcf4120 0x4203e8ff:0x3fcf4180 0x4203e9af:0x3fcf41b0 0x4203d0bd:0x3fcf41e0 0x4203d0e2:0x3fcf4210 0x420320a0:0x3fcf4230 0x420336cf:0x3fcf4260 0x420d4e43:0x3fcf4290




ELF file SHA256: d31ea98e27c05196

Rebooting...
ESP-ROM:esp32s3-20210327
Build:Mar 27 2021
rst:0xc (RTC_SW_CPU_RST),boot:0x2b (SPI_FAST_FLASH_BOOT)
Saved PC:0x40377ff0
SPIWP:0xee
mode:DIO, clock div:1
load:0x3fce3808,len:0x4bc
load:0x403c9700,len:0xbd8
load:0x403cc700,len:0x2a0c
entry 0x403c98d0
Guru Meditation Error: Core  0 panic'ed (Cache disabled but cached memory region accessed). 


Core  0 register dump:
PC      : 0x4202d3b2  PS      : 0x00060034  A0      : 0x803779f8  A1      : 0x3fc97d50  
A2      : 0x3fc97d5f  A3      : 0x00000001  A4      : 0x00060021  A5      : 0x3fcf3e80  
A6      : 0x00000000  A7      : 0x3fc97d50  A8      : 0x803754a8  A9      : 0x00060d23  
A10     : 0x00000001  A11     : 0x00000001  A12     : 0x00000001  A13     : 0x600c4130  
A14     : 0x00000000  A15     : 0x4004e950  SAR     : 0x0000000e  EXCCAUSE: 0x00000007  
EXCVADDR: 0x00000000  LBEG    : 0x40056f5c  LEND    : 0x40056f72  LCOUNT  : 0xffffffff  


Backtrace: 0x4202d3af:0x3fc97d50 0x403779f5:0x3fc97d80 0x4037f2d8:0x3fc97da0 0x4037dc47:0x3fc97dc0 0x40379d50:0x3fc97de0 0x40379b75:0x3fc97e00 0x40385e5b:0x3fcf3ed0 0x403771de:0x3fcf3f50 0x4203cc11:0x3fcf3f90 0x4203e716:0x3fcf3fb0 0x4203f63f:0x3fcf3fd0 0x4203f97a:0x3fcf4060 0x4203fcc6:0x3fcf40b0 0x4203e407:0x3fcf4120 0x4203e8ff:0x3fcf4180 0x4203e9af:0x3fcf41b0 0x4203d0bd:0x3fcf41e0 0x4203d0e2:0x3fcf4210 0x420320a0:0x3fcf4230 0x420336cf:0x3fcf4260 0x420d4e43:0x3fcf4290




ELF file SHA256: d31ea98e27c05196

Rebooting...
ESP-ROM:esp32s3-20210327
Build:Mar 27 2021
rst:0xc (RTC_SW_CPU_RST),boot:0x2b (SPI_FAST_FLASH_BOOT)
Saved PC:0x40377ff0
SPIWP:0xee
mode:DIO, clock div:1
load:0x3fce3808,len:0x4bc
load:0x403c9700,len:0xbd8
load:0x403cc700,len:0x2a0c
entry 0x403c98d0
Guru Meditation Error: Core  0 panic'ed (Cache disabled but cached memory region accessed). 


Core  0 register dump:
PC      : 0x4202d3b2  PS      : 0x00060034  A0      : 0x803779f8  A1      : 0x3fc97d50  
A2      : 0x3fc97d5f  A3      : 0x00000001  A4      : 0x00060021  A5      : 0x3fcf3e80  
A6      : 0x00000000  A7      : 0x3fc97d50  A8      : 0x803754a8  A9      : 0x00060d23  
A10     : 0x00000001  A11     : 0x00000001  A12     : 0x00000001  A13     : 0x600c4130  
A14     : 0x00000000  A15     : 0x4004e950  SAR     : 0x0000000e  EXCCAUSE: 0x00000007  
EXCVADDR: 0x00000000  LBEG    : 0x40056f5c  LEND    : 0x40056f72  LCOUNT  : 0xffffffff  


Backtrace: 0x4202d3af:0x3fc97d50 0x403779f5:0x3fc97d80 0x4037f2d8:0x3fc97da0 0x4037dc47:0x3fc97dc0 0x40379d50:0x3fc97de0 0x40379b75:0x3fc97e00 0x40385e52:0x3fcf3ed0 0x403771de:0x3fcf3f50 0x4203cc11:0x3fcf3f90 0x4203e716:0x3fcf3fb0 0x4203f63f:0x3fcf3fd0 0x4203f97a:0x3fcf4060 0x4203fcc6:0x3fcf40b0 0x4203e407:0x3fcf4120 0x4203e8ff:0x3fcf4180 0x4203e9af:0x3fcf41b0 0x4203d0bd:0x3fcf41e0 0x4203d0e2:0x3fcf4210 0x420320a0:0x3fcf4230 0x420336cf:0x3fcf4260 0x420d4e43:0x3fcf4290




ELF file SHA256: d31ea98e27c05196

Rebooting...
ESP-ROM:esp32s3-20210327
Build:Mar 27 2021
rst:0xc (RTC_SW_CPU_RST),boot:0x2b (SPI_FAST_FLASH_BOOT)
Saved PC:0x40377ff0
SPIWP:0xee
mode:DIO, clock div:1
load:0x3fce3808,len:0x4bc
load:0x403c9700,len:0xbd8
load:0x403cc700,len:0x2a0c
entry 0x403c98d0
Guru Meditation Error: Core  0 panic'ed (Cache disabled but cached memory region accessed). 


Core  0 register dump:
PC      : 0x4202d3b2  PS      : 0x00060034  A0      : 0x803779f8  A1      : 0x3fc97d50  
A2      : 0x3fc97d5f  A3      : 0x00000001  A4      : 0x00060021  A5      : 0x3fcf3f30  
A6      : 0x3fc99c18  A7      : 0x3fc97d50  A8      : 0x803754a8  A9      : 0x00000000  
A10     : 0x00000000  A11     : 0x00000000  A12     : 0x3fcf3f30  A13     : 0x3fcf3f10  
A14     : 0x3fc99c84  A15     : 0x3fcf3ef0  SAR     : 0x0000000e  EXCCAUSE: 0x00000007  
EXCVADDR: 0x00000000  LBEG    : 0x40056f5c  LEND    : 0x40056f72  LCOUNT  : 0xffffffff  


Backtrace: 0x4202d3af:0x3fc97d50 0x403779f5:0x3fc97d80 0x4037f2d8:0x3fc97da0 0x4037dc47:0x3fc97dc0 0x40379d50:0x3fc97de0 0x40379b75:0x3fc97e00 0x4037781c:0x3fcf3ed0 0x403775c1:0x3fcf3ef0 0x403775ff:0x3fcf3f10 0x4037b8cd:0x3fcf3f30 0x40377211:0x3fcf3f50 0x4203cc11:0x3fcf3f90 0x4203e716:0x3fcf3fb0 0x4203f63f:0x3fcf3fd0 0x4203f97a:0x3fcf4060 0x4203fcc6:0x3fcf40b0 0x4203e407:0x3fcf4120 0x4203e8ff:0x3fcf4180 0x4203e9af:0x3fcf41b0 0x4203d0bd:0x3fcf41e0 0x4203d0e2:0x3fcf4210 0x420320a0:0x3fcf4230 0x420336cf:0x3fcf4260 0x420d4e43:0x3fcf4290




ELF file SHA256: d31ea98e27c05196

Rebooting...
ESP-ROM:esp32s3-20210327
Build:Mar 27 2021
rst:0xc (RTC_SW_CPU_RST),boot:0x2b (SPI_FAST_FLASH_BOOT)
Saved PC:0x40377ff0
SPIWP:0xee
mode:DIO, clock div:1
load:0x3fce3808,len:0x4bc
load:0x403c9700,len:0xbd8
load:0x403cc700,len:0x2a0c
entry 0x403c98d0
Guru Meditation Error: Core  0 panic'ed (Cache disabled but cached memory region accessed). 


Core  0 register dump:
PC      : 0x4202d3b2  PS      : 0x00060034  A0      : 0x803779f8  A1      : 0x3fc97d50  
A2      : 0x3fc97d5f  A3      : 0x00000001  A4      : 0x00060021  A5      : 0x3fcf3e80  
A6      : 0x00000000  A7      : 0x3fc97d50  A8      : 0x803754a8  A9      : 0x00060d23  
A10     : 0x00000001  A11     : 0x00000001  A12     : 0x00000001  A13     : 0x600c4130  
A14     : 0x00000000  A15     : 0x4004e950  SAR     : 0x0000000e  EXCCAUSE: 0x00000007  
EXCVADDR: 0x00000000  LBEG    : 0x40056f5c  LEND    : 0x40056f72  LCOUNT  : 0xffffffff  


Backtrace: 0x4202d3af:0x3fc97d50 0x403779f5:0x3fc97d80 0x4037f2d8:0x3fc97da0 0x4037dc47:0x3fc97dc0 0x40379d50:0x3fc97de0 0x40379b75:0x3fc97e00 0x40385e49:0x3fcf3ed0 0x403771de:0x3fcf3f50 0x4203cc11:0x3fcf3f90 0x4203e716:0x3fcf3fb0 0x4203f63f:0x3fcf3fd0 0x4203f97a:0x3fcf4060 0x4203fcc6:0x3fcf40b0 0x4203e407:0x3fcf4120 0x4203e8ff:0x3fcf4180 0x4203e9af:0x3fcf41b0 0x4203d0bd:0x3fcf41e0 0x4203d0e2:0x3fcf4210 0x420320a0:0x3fcf4230 0x420336cf:0x3fcf4260 0x420d4e43:0x3fcf4290




ELF file SHA256: d31ea98e27c05196

Rebooting...
ESP-ROM:esp32s3-20210327
Build:Mar 27 2021
rst:0xc (RTC_SW_CPU_RST),boot:0x2b (SPI_FAST_FLASH_BOOT)
Saved PC:0x40377ff0
SPIWP:0xee
mode:DIO, clock div:1
load:0x3fce3808,len:0x4bc
load:0x403c9700,len:0xbd8
load:0x403cc700,len:0x2a0c
entry 0x403c98d0
Guru Meditation Error: Core  0 panic'ed (Cache disabled but cached memory region accessed). 


Core  0 register dump:
PC      : 0x4202d3b2  PS      : 0x00060034  A0      : 0x803779f8  A1      : 0x3fc97d50  
A2      : 0x3fc97d5f  A3      : 0x00000001  A4      : 0x00060021  A5      : 0x3fcf3e80  
A6      : 0x00000000  A7      : 0x3fc97d50  A8      : 0x803754a8  A9      : 0x00060d23  
A10     : 0x00000001  A11     : 0x00000001  A12     : 0x00000001  A13     : 0x600c4130  
A14     : 0x00000000  A15     : 0x4004e950  SAR     : 0x0000000e  EXCCAUSE: 0x00000007  
EXCVADDR: 0x00000000  LBEG    : 0x40056f5c  LEND    : 0x40056f72  LCOUNT  : 0xffffffff  


Backtrace: 0x4202d3af:0x3fc97d50 0x403779f5:0x3fc97d80 0x4037f2d8:0x3fc97da0 0x4037dc47:0x3fc97dc0 0x40379d50:0x3fc97de0 0x40379b75:0x3fc97e00 0x4037b8ca:0x3fcf3f30 0x40377211:0x3fcf3f50 0x4203cc11:0x3fcf3f90 0x4203e716:0x3fcf3fb0 0x4203f63f:0x3fcf3fd0 0x4203f97a:0x3fcf4060 0x4203fcc6:0x3fcf40b0 0x4203e407:0x3fcf4120 0x4203e8ff:0x3fcf4180 0x4203e9af:0x3fcf41b0 0x4203d0bd:0x3fcf41e0 0x4203d0e2:0x3fcf4210 0x420320a0:0x3fcf4230 0x420336cf:0x3fcf4260 0x420d4e43:0x3fcf4290




ELF file SHA256: d31ea98e27c05196

Rebooting...
ESP-ROM:esp32s3-20210327
Build:Mar 27 2021
rst:0xc (RTC_SW_CPU_RST),boot:0x2b (SPI_FAST_FLASH_BOOT)
Saved PC:0x40377ff0
SPIWP:0xee
mode:DIO, clock div:1
load:0x3fce3808,len:0x4bc
load:0x403c9700,len:0xbd8
load:0x403cc700,len:0x2a0c
entry 0x403c98d0
Guru Meditation Error: Core  0 panic'ed (Cache disabled but cached memory region accessed). 


Core  0 register dump:
PC      : 0x4202d3b2  PS      : 0x00060034  A0      : 0x803779f8  A1      : 0x3fc97d50  
A2      : 0x3fc97d5f  A3      : 0x00000001  A4      : 0x00060021  A5      : 0x3fcf3ea0  
A6      : 0x00000000  A7      : 0x3fc97d50  A8      : 0x803754a8  A9      : 0x1300120c  
A10     : 0x3fcf4410  A11     : 0x3fcf4410  A12     : 0x00000000  A13     : 0x3fcf3e80  
A14     : 0x00000000  A15     : 0x1300020c  SAR     : 0x0000000e  EXCCAUSE: 0x00000007  
EXCVADDR: 0x00000000  LBEG    : 0x40056f5c  LEND    : 0x40056f72  LCOUNT  : 0xffffffff  


Backtrace: 0x4202d3af:0x3fc97d50 0x403779f5:0x3fc97d80 0x4037f2d8:0x3fc97da0 0x4037dc47:0x3fc97dc0 0x40379d50:0x3fc97de0 0x40379b75:0x3fc97e00 0x4037720c:0x3fcf3f50 0x4203cc11:0x3fcf3f90 0x4203e716:0x3fcf3fb0 0x4203f63f:0x3fcf3fd0 0x4203f97a:0x3fcf4060 0x4203fcc6:0x3fcf40b0 0x4203e407:0x3fcf4120 0x4203e8ff:0x3fcf4180 0x4203e9af:0x3fcf41b0 0x4203d0bd:0x3fcf41e0 0x4203d0e2:0x3fcf4210 0x420320a0:0x3fcf4230 0x420336cf:0x3fcf4260 0x420d4e43:0x3fcf4290




ELF file SHA256: d31ea98e27c05196

Rebooting...
ESP-ROM:esp32s3-20210327
Build:Mar 27 2021
rst:0xc (RTC_SW_CPU_RST),boot:0x2b (SPI_FAST_FLASH_BOOT)
Saved PC:0x40377ff0
SPIWP:0xee
mode:DIO, clock div:1
load:0x3fce3808,len:0x4bc
load:0x403c9700,len:0xbd8
load:0x403cc700,len:0x2a0c
entry 0x403c98d0
Guru Meditation Error: Core  0 panic'ed (Cache disabled but cached memory region accessed). 


Core  0 register dump:
PC      : 0x4202d3b2  PS      : 0x00060034  A0      : 0x803779f8  A1      : 0x3fc97d50  
A2      : 0x3fc97d5f  A3      : 0x00000001  A4      : 0x00060021  A5      : 0x3fcf3f30  
A6      : 0x3fc99c18  A7      : 0x3fc97d50  A8      : 0x803754a8  A9      : 0x00000000  
A10     : 0x00000000  A11     : 0x00000000  A12     : 0x3fcf3f30  A13     : 0x3fcf3f10  
A14     : 0x3fc99c84  A15     : 0x3fcf3ef0  SAR     : 0x0000000e  EXCCAUSE: 0x00000007  
EXCVADDR: 0x00000000  LBEG    : 0x40056f5c  LEND    : 0x40056f72  LCOUNT  : 0xffffffff  


Backtrace: 0x4202d3af:0x3fc97d50 0x403779f5:0x3fc97d80 0x4037f2d8:0x3fc97da0 0x4037dc47:0x3fc97dc0 0x40379d50:0x3fc97de0 0x40379b75:0x3fc97e00 0x4037781c:0x3fcf3ed0 0x403775c1:0x3fcf3ef0 0x403775ff:0x3fcf3f10 0x4037b8cd:0x3fcf3f30 0x40377211:0x3fcf3f50 0x4203cc11:0x3fcf3f90 0x4203e716:0x3fcf3fb0 0x4203f63f:0x3fcf3fd0 0x4203f97a:0x3fcf4060 0x4203fcc6:0x3fcf40b0 0x4203e407:0x3fcf4120 0x4203e8ff:0x3fcf4180 0x4203e9af:0x3fcf41b0 0x4203d0bd:0x3fcf41e0 0x4203d0e2:0x3fcf4210 0x420320a0:0x3fcf4230 0x420336cf:0x3fcf4260 0x420d4e43:0x3fcf4290




ELF file SHA256: d31ea98e27c05196

Rebooting...
ESP-ROM:esp32s3-20210327
Build:Mar 27 2021
rst:0xc (RTC_SW_CPU_RST),boot:0x2b (SPI_FAST_FLASH_BOOT)
Saved PC:0x40377ff0
SPIWP:0xee
mode:DIO, clock div:1
load:0x3fce3808,len:0x4bc
load:0x403c9700,len:0xbd8
load:0x403cc700,len:0x2a0c
entry 0x403c98d0
Guru Meditation Error: Core  0 panic'ed (Cache disabled but cached memory region accessed). 


Core  0 register dump:
PC      : 0x4202d3b2  PS      : 0x00060034  A0      : 0x803779f8  A1      : 0x3fc97d50  
A2      : 0x3fc97d5f  A3      : 0x00000001  A4      : 0x00060021  A5      : 0x600c4130  
A6      : 0x00000000  A7      : 0x3fc97d50  A8      : 0x803754a8  A9      : 0x00000000  
A10     : 0x00ffffff  A11     : 0x00ffffff  A12     : 0x3fcf3f90  A13     : 0x3fcf3f50  
A14     : 0x3fc99c04  A15     : 0x3fcf3ff4  SAR     : 0x0000000e  EXCCAUSE: 0x00000007  
EXCVADDR: 0x00000000  LBEG    : 0x40056f5c  LEND    : 0x40056f72  LCOUNT  : 0xffffffff  


Backtrace: 0x4202d3af:0x3fc97d50 0x403779f5:0x3fc97d80 0x4037f2d8:0x3fc97da0 0x4037dc47:0x3fc97dc0 0x40379d50:0x3fc97de0 0x40379b75:0x3fc97e00 0x40056f8b:0x3fcf3ec0 0x40385e49:0x3fcf3ed0 0x403771de:0x3fcf3f50 0x4203cc11:0x3fcf3f90 0x4203e716:0x3fcf3fb0 0x4203f63f:0x3fcf3fd0 0x4203f97a:0x3fcf4060 0x4203fcc6:0x3fcf40b0 0x4203e407:0x3fcf4120 0x4203e8ff:0x3fcf4180 0x4203e9af:0x3fcf41b0 0x4203d0bd:0x3fcf41e0 0x4203d0e2:0x3fcf4210 0x420320a0:0x3fcf4230 0x420336cf:0x3fcf4260 0x420d4e43:0x3fcf4290




ELF file SHA256: d31ea98e27c05196

Rebooting...
ESP-ROM:esp32s3-20210327
Build:Mar 27 2021
rst:0xc (RTC_SW_CPU_RST),boot:0x2b (SPI_FAST_FLASH_BOOT)
Saved PC:0x40377ff0
SPIWP:0xee
mode:DIO, clock div:1
load:0x3fce3808,len:0x4bc
load:0x403c9700,len:0xbd8
load:0x403cc700,len:0x2a0c
entry 0x403c98d0
Guru Meditation Error: Core  0 panic'ed (Cache disabled but cached memory region accessed). 


Core  0 register dump:
PC      : 0x4202d3b2  PS      : 0x00060034  A0      : 0x803779f8  A1      : 0x3fc97d50  
A2      : 0x3fc97d5f  A3      : 0x00000001  A4      : 0x00060021  A5      : 0x3fcf3ea0  
A6      : 0x00000000  A7      : 0x3fc97d50  A8      : 0x803754a8  A9      : 0x1300120c  
A10     : 0x3fcf4410  A11     : 0x3fcf4410  A12     : 0x00000000  A13     : 0x3fcf3e80  
A14     : 0x00000000  A15     : 0x1300020c  SAR     : 0x0000000e  EXCCAUSE: 0x00000007  
EXCVADDR: 0x00000000  LBEG    : 0x40056f5c  LEND    : 0x40056f72  LCOUNT  : 0xffffffff  


Backtrace: 0x4202d3af:0x3fc97d50 0x403779f5:0x3fc97d80 0x4037f2d8:0x3fc97da0 0x4037dc47:0x3fc97dc0 0x40379d50:0x3fc97de0 0x40379b75:0x3fc97e00 0x403771de:0x3fcf3f50 0x4203cc11:0x3fcf3f90 0x4203e716:0x3fcf3fb0 0x4203f63f:0x3fcf3fd0 0x4203f97a:0x3fcf4060 0x4203fcc6:0x3fcf40b0 0x4203e407:0x3fcf4120 0x4203e8ff:0x3fcf4180 0x4203e9af:0x3fcf41b0 0x4203d0bd:0x3fcf41e0 0x4203d0e2:0x3fcf4210 0x420320a0:0x3fcf4230 0x420336cf:0x3fcf4260 0x420d4e43:0x3fcf4290




ELF file SHA256: d31ea98e27c05196

Rebooting...
ESP-ROM:esp32s3-20210327
Build:Mar 27 2021
rst:0xc (RTC_SW_CPU_RST),boot:0x2b (SPI_FAST_FLASH_BOOT)
Saved PC:0x40377ff0
SPIWP:0xee
mode:DIO, clock div:1
load:0x3fce3808,len:0x4bc
load:0x403c9700,len:0xbd8
load:0x403cc700,len:0x2a0c
entry 0x403c98d0
Guru Meditation Error: Core  0 panic'ed (Cache disabled but cached memory region accessed). 


Core  0 register dump:
PC      : 0x4202d3b2  PS      : 0x00060034  A0      : 0x803779f8  A1      : 0x3fc97d50  
A2      : 0x3fc97d5f  A3      : 0x00000001  A4      : 0x00060021  A5      : 0x3fcf3e80  
A6      : 0x00000000  A7      : 0x3fc97d50  A8      : 0x803754a8  A9      : 0x00060d23  
A10     : 0x00000001  A11     : 0x00000001  A12     : 0x00000001  A13     : 0x600c4130  
A14     : 0x00000000  A15     : 0x4004e950  SAR     : 0x0000000e  EXCCAUSE: 0x00000007  
EXCVADDR: 0x00000000  LBEG    : 0x40056f5c  LEND    : 0x40056f72  LCOUNT  : 0xffffffff  


Backtrace: 0x4202d3af:0x3fc97d50 0x403779f5:0x3fc97d80 0x4037f2d8:0x3fc97da0 0x4037dc47:0x3fc97dc0 0x40379d50:0x3fc97de0 0x40379b75:0x3fc97e00 0x4037b8ca:0x3fcf3f30 0x40377211:0x3fcf3f50 0x4203cc11:0x3fcf3f90 0x4203e716:0x3fcf3fb0 0x4203f63f:0x3fcf3fd0 0x4203f97a:0x3fcf4060 0x4203fcc6:0x3fcf40b0 0x4203e407:0x3fcf4120 0x4203e8ff:0x3fcf4180 0x4203e9af:0x3fcf41b0 0x4203d0bd:0x3fcf41e0 0x4203d0e2:0x3fcf4210 0x420320a0:0x3fcf4230 0x420336cf:0x3fcf4260 0x420d4e43:0x3fcf4290




ELF file SHA256: d31ea98e27c05196

Rebooting...
ESP-ROM:esp32s3-20210327
Build:Mar 27 2021
rst:0xc (RTC_SW_CPU_RST),boot:0x2b (SPI_FAST_FLASH_BOOT)
Saved PC:0x40377ff0
SPIWP:0xee
mode:DIO, clock div:1
load:0x3fce3808,len:0x4bc
load:0x403c9700,len:0xbd8
load:0x403cc700,len:0x2a0c
entry 0x403c98d0
Guru Meditation Error: Core  0 panic'ed (Cache disabled but cached memory region accessed). 


Core  0 register dump:
PC      : 0x4202d3b2  PS      : 0x00060034  A0      : 0x803779f8  A1      : 0x3fc97d50  
A2      : 0x3fc97d5f  A3      : 0x00000001  A4      : 0x00060021  A5      : 0x3fcf3e80  
A6      : 0x00000000  A7      : 0x3fc97d50  A8      : 0x803754a8  A9      : 0x00060d23  
A10     : 0x00000001  A11     : 0x00000001  A12     : 0x00000001  A13     : 0x600c4130  
A14     : 0x00000000  A15     : 0x4004e950  SAR     : 0x0000000e  EXCCAUSE: 0x00000007  
EXCVADDR: 0x00000000  LBEG    : 0x40056f5c  LEND    : 0x40056f72  LCOUNT  : 0xffffffff  


Backtrace: 0x4202d3af:0x3fc97d50 0x403779f5:0x3fc97d80 0x4037f2d8:0x3fc97da0 0x4037dc47:0x3fc97dc0 0x40379d50:0x3fc97de0 0x40379b75:0x3fc97e00 0x40385de0:0x3fcf3ed0 0x403771de:0x3fcf3f50 0x4203cc11:0x3fcf3f90 0x4203e716:0x3fcf3fb0 0x4203f63f:0x3fcf3fd0 0x4203f97a:0x3fcf4060 0x4203fcc6:0x3fcf40b0 0x4203e407:0x3fcf4120 0x4203e8ff:0x3fcf4180 0x4203e9af:0x3fcf41b0 0x4203d0bd:0x3fcf41e0 0x4203d0e2:0x3fcf4210 0x420320a0:0x3fcf4230 0x420336cf:0x3fcf4260 0x420d4e43:0x3fcf4290




ELF file SHA256: d31ea98e27c05196

Rebooting...
ESP-ROM:esp32s3-20210327
Build:Mar 27 2021
rst:0xc (RTC_SW_CPU_RST),boot:0x2b (SPI_FAST_FLASH_BOOT)
Saved PC:0x40377ff0
SPIWP:0xee
mode:DIO, clock div:1
load:0x3fce3808,len:0x4bc
load:0x403c9700,len:0xbd8
load:0x403cc700,len:0x2a0c
entry 0x403c98d0
Guru Meditation Error: Core  0 panic'ed (Cache disabled but cached memory region accessed). 


Core  0 register dump:
PC      : 0x4202d3b2  PS      : 0x00060034  A0      : 0x803779f8  A1      : 0x3fc97d50  
A2      : 0x3fc97d5f  A3      : 0x00000001  A4      : 0x00060021  A5      : 0x3fcf3f30  
A6      : 0x3fc99c18  A7      : 0x3fc97d50  A8      : 0x803754a8  A9      : 0x00000000  
A10     : 0x00000000  A11     : 0x00000000  A12     : 0x3fcf3f30  A13     : 0x3fcf3f10  
A14     : 0x3fc99c84  A15     : 0x3fcf3ef0  SAR     : 0x0000000e  EXCCAUSE: 0x00000007  
EXCVADDR: 0x00000000  LBEG    : 0x40056f5c  LEND    : 0x40056f72  LCOUNT  : 0xffffffff  


Backtrace: 0x4202d3af:0x3fc97d50 0x403779f5:0x3fc97d80 0x4037f2d8:0x3fc97da0 0x4037dc47:0x3fc97dc0 0x40379d50:0x3fc97de0 0x40379b75:0x3fc97e00 0x4037781c:0x3fcf3ed0 0x403775c1:0x3fcf3ef0 0x403775ff:0x3fcf3f10 0x4037b8cd:0x3fcf3f30 0x40377211:0x3fcf3f50 0x4203cc11:0x3fcf3f90 0x4203e716:0x3fcf3fb0 0x4203f63f:0x3fcf3fd0 0x4203f97a:0x3fcf4060 0x4203fcc6:0x3fcf40b0 0x4203e407:0x3fcf4120 0x4203e8ff:0x3fcf4180 0x4203e9af:0x3fcf41b0 0x4203d0bd:0x3fcf41e0 0x4203d0e2:0x3fcf4210 0x420320a0:0x3fcf4230 0x420336cf:0x3fcf4260 0x420d4e43:0x3fcf4290




ELF file SHA256: d31ea98e27c05196

Rebooting...
ESP-ROM:esp32s3-20210327
Build:Mar 27 2021
rst:0xc (RTC_SW_CPU_RST),boot:0x2b (SPI_FAST_FLASH_BOOT)
Saved PC:0x40377ff0
SPIWP:0xee
mode:DIO, clock div:1
load:0x3fce3808,len:0x4bc
load:0x403c9700,len:0xbd8
load:0x403cc700,len:0x2a0c
entry 0x403c98d0
