// Auto-generated by scripts/gen_moon_tex.py — do not edit by hand.
#pragma once

#include <Arduino.h>
#include <pgmspace.h>

static constexpr int kPmMoonTexSize = 128;
static const uint16_t kPmMoonTexRgb565[16384] PROGMEM = {
  0x0000, 0x0000, 0x0000, 0x0000, 0x0000, 0x0000, 0x0000, 0x0000, 0x0000, 0x0000, 0x0000, 0x0000,
  0x0000, 0x0000, 0x0000, 0x0000, 0x0000, 0x0000, 0x0000, 0x0000, 0x0000, 0x0000, 0x0000, 0x0000,
  0x0000, 0x0000, 0x0000, 0x0000, 0x0000, 0x0000, 0x0000, 0x0000, 0x0000, 0x0000, 0x0000, 0x0000,
  0x0000, 0x0000, 0x0000, 0x0000, 0x0000, 0x0000, 0x0000, 0x0000, 0x0000, 0x0000, 0x0000, 0x0000,
  0x0000, 0x0000, 0x0000, 0x0000, 0x0000, 0x0000, 0x0000, 0x0000, 0x738D, 0x7BEF, 0x738D, 0x73AE,
  0x7BEF, 0x8430, 0x840F, 0x840F, 0x7BCE, 0x73AE, 0x738D, 0x8430, 0x7BCE, 0x73AE, 0x7BEF, 0x7BEF,
  0x0000, 0x0000, 0x0000, 0x0000, 0x0000, 0x0000, 0x0000, 0x0000, 0x0000, 0x0000, 0x0000, 0x0000,
  0x0000, 0x0000, 0x0000, 0x0000, 0x0000, 0x0000, 0x0000, 0x0000, 0x0000, 0x0000, 0x0000, 0x0000,
  0x0000, 0x0000, 0x0000, 0x0000, 0x0000, 0x0000, 0x0000, 0x0000, 0x0000, 0x0000, 0x0000, 0x0000,
  0x0000, 0x0000, 0x0000, 0x0000, 0x0000, 0x0000, 0x0000, 0x0000, 0x0000, 0x0000, 0x0000, 0x0000,
  0x0000, 0x0000, 0x0000, 0x0000, 0x0000, 0x0000, 0x0000, 0x0000, 0x0000, 0x0000, 0x0000, 0x0000,
  0x0000, 0x0000, 0x0000, 0x0000, 0x0000, 0x0000, 0x0000, 0x0000, 0x0000, 0x0000, 0x0000, 0x0000,
  0x0000, 0x0000, 0x0000, 0x0000, 0x0000, 0x0000, 0x0000, 0x0000, 0x0000, 0x0000, 0x0000, 0x0000,
  0x0000, 0x0000, 0x0000, 0x0000, 0x0000, 0x0000, 0x0000, 0x0000, 0x0000, 0x0000, 0x0000, 0x0000,
  0x0000, 0x0000, 0x0000, 0x0000, 0x0000, 0x0000, 0x0000, 0x0000, 0x0000, 0x0000, 0x738D, 0x7BEF,
  0x840F, 0x7BEF, 0x840F, 0x7BEF, 0x7BEF, 0x7BCE, 0x840F, 0x840F, 0x8C71, 0x840F, 0x8C71, 0x8430,
  0x840F, 0x840F, 0x7BEF, 0x8C50, 0x8C50, 0x7BCE, 0x8430, 0x7BCE, 0x8C50, 0x8C50, 0x7BCE, 0x73AE,
  0x840F, 0x6B6D, 0x0000, 0x0000, 0x0000, 0x0000, 0x0000, 0x0000, 0x0000, 0x0000, 0x0000, 0x0000,
  0x0000, 0x0000, 0x0000, 0x0000, 0x0000, 0x0000, 0x0000, 0x0000, 0x0000, 0x0000, 0x0000, 0x0000,
  0x0000, 0x0000, 0x0000, 0x0000, 0x0000, 0x0000, 0x0000, 0x0000, 0x0000, 0x0000, 0x0000, 0x0000,
  0x0000, 0x0000, 0x0000, 0x0000, 0x0000, 0x0000, 0x0000, 0x0000, 0x0000, 0x0000, 0x0000, 0x0000,
  0x0000, 0x0000, 0x0000, 0x0000, 0x0000, 0x0000, 0x0000, 0x0000, 0x0000, 0x0000, 0x0000, 0x0000,
  0x0000, 0x0000, 0x0000, 0x0000, 0x0000, 0x0000, 0x0000, 0x0000, 0x0000, 0x0000, 0x0000, 0x0000,
  0x0000, 0x0000, 0x0000, 0x0000, 0x0000, 0x0000, 0x0000, 0x0000, 0x0000, 0x0000, 0x0000, 0x0000,
  0x0000, 0x0000, 0x0000, 0x0000, 0x0000, 0x0000, 0x0000, 0x0000, 0x0000, 0x0000, 0x0000, 0x0000,
  0x0000, 0x0000, 0x8C50, 0x8430, 0x9491, 0x738D, 0x738D, 0x73AE, 0x840F, 0x8C50, 0x8C50, 0x8430,
  0x8430, 0x7BEF, 0x840F, 0x8C50, 0x7BEF, 0x8430, 0x7BEF, 0x8C50, 0x8C50, 0x840F, 0x840F, 0x840F,
  0x840F, 0x840F, 0x8C50, 0x7BEF, 0x7BEF, 0x7BEF, 0x8430, 0x840F, 0x8C50, 0x8430, 0x8C50, 0x7BEF,
  0x738D, 0x6B6D, 0x0000, 0x0000, 0x0000, 0x0000, 0x0000, 0x0000, 0x0000, 0x0000, 0x0000, 0x0000,
  0x0000, 0x0000, 0x0000, 0x0000, 0x0000, 0x0000, 0x0000, 0x0000, 0x0000, 0x0000, 0x0000, 0x0000,
  0x0000, 0x0000, 0x0000, 0x0000, 0x0000, 0x0000, 0x0000, 0x0000, 0x0000, 0x0000, 0x0000, 0x0000,
  0x0000, 0x0000, 0x0000, 0x0000, 0x0000, 0x0000, 0x0000, 0x0000, 0x0000, 0x0000, 0x0000, 0x0000,
  0x0000, 0x0000, 0x0000, 0x0000, 0x0000, 0x0000, 0x0000, 0x0000, 0x0000, 0x0000, 0x0000, 0x0000,
  0x0000, 0x0000, 0x0000, 0x0000, 0x0000, 0x0000, 0x0000, 0x0000, 0x0000, 0x0000, 0x0000, 0x0000,
  0x0000, 0x0000, 0x0000, 0x0000, 0x0000, 0x0000, 0x0000, 0x0000, 0x0000, 0x0000, 0x0000, 0x0000,
  0x0000, 0x0000, 0x0000, 0x0000, 0x0000, 0x0000, 0x0000, 0x630B, 0x632C, 0x8430, 0x9491, 0x9491,
  0x94B2, 0x8C71, 0x7BEF, 0x7BCE, 0x840F, 0x8430, 0x8C50, 0x7BEF, 0x8C71, 0x8430, 0x840F, 0x8430,
  0x7BEF, 0x840F, 0x9491, 0x8C71, 0x9491, 0x8430, 0x8C50, 0x9491, 0x8430, 0x8C71, 0x8C50, 0x9491,
  0x8C71, 0x840F, 0x8430, 0x8430, 0x8C50, 0x8430, 0x8C50, 0x7BCE, 0x8C50, 0x7BEF, 0x8430, 0x840F,
  0x73AE, 0x0000, 0x0000, 0x0000, 0x0000, 0x0000, 0x0000, 0x0000, 0x0000, 0x0000, 0x0000, 0x0000,
  0x0000, 0x0000, 0x0000, 0x0000, 0x0000, 0x0000, 0x0000, 0x0000, 0x0000, 0x0000, 0x0000, 0x0000,
  0x0000, 0x0000, 0x0000, 0x0000, 0x0000, 0x0000, 0x0000, 0x0000, 0x0000, 0x0000, 0x0000, 0x0000,
  0x0000, 0x0000, 0x0000, 0x0000, 0x0000, 0x0000, 0x0000, 0x0000, 0x0000, 0x0000, 0x0000, 0x0000,
  0x0000, 0x0000, 0x0000, 0x0000, 0x0000, 0x0000, 0x0000, 0x0000, 0x0000, 0x0000, 0x0000, 0x0000,
  0x0000, 0x0000, 0x0000, 0x0000, 0x0000, 0x0000, 0x0000, 0x0000, 0x0000, 0x0000, 0x0000, 0x0000,
  0x0000, 0x0000, 0x0000, 0x0000, 0x0000, 0x0000, 0x0000, 0x0000, 0x0000, 0x0000, 0x0000, 0x0000,
  0x630B, 0x6B4C, 0x6B4C, 0x630B, 0x630B, 0x738D, 0x6B6D, 0x94B2, 0x94B2, 0x94B2, 0xA513, 0x7BEF,
  0x7BCE, 0x8C71, 0x840F, 0x840F, 0x8430, 0x8C71, 0x9491, 0x8C71, 0x8430, 0x8C71, 0x9491, 0x840F,
  0x9491, 0x8C71, 0x94B2, 0x8C71, 0x8430, 0x8C71, 0x8C71, 0x94B2, 0x94B2, 0x8430, 0x94B2, 0x8430,
  0x8430, 0x8C50, 0x8C71, 0x8C50, 0x8430, 0x840F, 0x8C50, 0x840F, 0x7BCE, 0x8430, 0x840F, 0x73AE,
  0x0000, 0x0000, 0x0000, 0x0000, 0x0000, 0x0000, 0x0000, 0x0000, 0x0000, 0x0000, 0x0000, 0x0000,
  0x0000, 0x0000, 0x0000, 0x0000, 0x0000, 0x0000, 0x0000, 0x0000, 0x0000, 0x0000, 0x0000, 0x0000,
  0x0000, 0x0000, 0x0000, 0x0000, 0x0000, 0x0000, 0x0000, 0x0000, 0x0000, 0x0000, 0x0000, 0x0000,
  0x0000, 0x0000, 0x0000, 0x0000, 0x0000, 0x0000, 0x0000, 0x0000, 0x0000, 0x0000, 0x0000, 0x0000,
  0x0000, 0x0000, 0x0000, 0x0000, 0x0000, 0x0000, 0x0000, 0x0000, 0x0000, 0x0000, 0x0000, 0x0000,
  0x0000, 0x0000, 0x0000, 0x0000, 0x0000, 0x0000, 0x0000, 0x0000, 0x0000, 0x0000, 0x0000, 0x0000,
  0x0000, 0x0000, 0x0000, 0x0000, 0x0000, 0x0000, 0x632C, 0x5AEB, 0x5AEB, 0x630B, 0x632C, 0x6B4C,
  0x5AEB, 0x6B6D, 0x6B6D, 0x738D, 0x73AE, 0xA513, 0x9CF3, 0xA513, 0x73AE, 0x840F, 0x73AE, 0x8430,
  0x8430, 0x9491, 0x8C71, 0x8C71, 0x8C50, 0x9491, 0x8430, 0x8C50, 0x94B2, 0x94B2, 0x94B2, 0x9491,
  0x8C71, 0x8C71, 0x9CD2, 0x9491, 0x9CD2, 0x94B2, 0x8C71, 0x8C50, 0x8C71, 0x8430, 0x8C50, 0x840F,
  0x8430, 0x8C50, 0x8430, 0x9491, 0x8C71, 0x8C50, 0x8430, 0x8C50, 0x7BEF, 0x840F, 0x0000, 0x0000,
  0x0000, 0x0000, 0x0000, 0x0000, 0x0000, 0x0000, 0x0000, 0x0000, 0x0000, 0x0000, 0x0000, 0x0000,
  0x0000, 0x0000, 0x0000, 0x0000, 0x0000, 0x0000, 0x0000, 0x0000, 0x0000, 0x0000, 0x0000, 0x0000,
  0x0000, 0x0000, 0x0000, 0x0000, 0x0000, 0x0000, 0x0000, 0x0000, 0x0000, 0x0000, 0x0000, 0x0000,
  0x0000, 0x0000, 0x0000, 0x0000, 0x0000, 0x0000, 0x0000, 0x0000, 0x0000, 0x0000, 0x0000, 0x0000,
  0x0000, 0x0000, 0x0000, 0x0000, 0x0000, 0x0000, 0x0000, 0x0000, 0x0000, 0x0000, 0x0000, 0x0000,
  0x0000, 0x0000, 0x0000, 0x0000, 0x0000, 0x0000, 0x0000, 0x0000, 0x0000, 0x0000, 0x0000, 0x0000,
  0x5AEB, 0x630B, 0x5AEB, 0x630B, 0x632C, 0x630B, 0x6B4C, 0x6B4C, 0x5ACA, 0x6B6D, 0x630B, 0x6B6D,
  0x73AE, 0x6B4C, 0x9491, 0x8C71, 0xA513, 0x94B2, 0x8430, 0x94B2, 0x8C71, 0x9491, 0x94B2, 0xA534,
  0xA513, 0x9CF3, 0x9CF3, 0xA513, 0x94B2, 0x8C50, 0x9491, 0x9CD2, 0x9491, 0x94B2, 0x9491, 0x9CF3,
  0x8C71, 0x8C50, 0x9491, 0x9491, 0x9491, 0x9CD2, 0x94B2, 0x94B2, 0x94B2, 0x8C71, 0x8C50, 0x94B2,
  0x8C71, 0x8C71, 0x8C71, 0x840F, 0x7BEF, 0x840F, 0x7BEF, 0x73AE, 0x0000, 0x0000, 0x0000, 0x0000,
  0x0000, 0x0000, 0x0000, 0x0000, 0x0000, 0x0000, 0x0000, 0x0000, 0x0000, 0x0000, 0x0000, 0x0000,
  0x0000, 0x0000, 0x0000, 0x0000, 0x0000, 0x0000, 0x0000, 0x0000, 0x0000, 0x0000, 0x0000, 0x0000,
  0x0000, 0x0000, 0x0000, 0x0000, 0x0000, 0x0000, 0x0000, 0x0000, 0x0000, 0x0000, 0x0000, 0x0000,
  0x0000, 0x0000, 0x0000, 0x0000, 0x0000, 0x0000, 0x0000, 0x0000, 0x0000, 0x0000, 0x0000, 0x0000,
  0x0000, 0x0000, 0x0000, 0x0000, 0x0000, 0x0000, 0x0000, 0x0000, 0x0000, 0x0000, 0x0000, 0x0000,
  0x0000, 0x0000, 0x0000, 0x0000, 0x0000, 0x0000, 0x6B4C, 0x632C, 0x5AEB, 0x5AEB, 0x630B, 0x632C,
  0x52AA, 0x52AA, 0x5ACA, 0x5AEB, 0x632C, 0x632C, 0x630B, 0x738D, 0x6B6D, 0x73AE, 0xB595, 0xA534,
  0xB595, 0xAD75, 0x9CF3, 0x9CF3, 0xA534, 0xAD54, 0x8C71, 0x94B2, 0x9CF3, 0xA534, 0x9CD2, 0x9CD2,
  0x9CD2, 0x9CD2, 0x8C71, 0x94B2, 0x94B2, 0x94B2, 0x9CF3, 0x9CD2, 0x94B2, 0x8C71, 0x9CF3, 0x8C71,
  0x8C71, 0x9CD2, 0x94B2, 0x9491, 0x8C50, 0x8C71, 0x8430, 0x9491, 0x8C50, 0x9491, 0x840F, 0x9491,
  0x8430, 0x840F, 0x7BEF, 0x8430, 0x7BCE, 0x73AE, 0x0000, 0x0000, 0x0000, 0x0000, 0x0000, 0x0000,
  0x0000, 0x0000, 0x0000, 0x0000, 0x0000, 0x0000, 0x0000, 0x0000, 0x0000, 0x0000, 0x0000, 0x0000,
  0x0000, 0x0000, 0x0000, 0x0000, 0x0000, 0x0000, 0x0000, 0x0000, 0x0000, 0x0000, 0x0000, 0x0000,
  0x0000, 0x0000, 0x0000, 0x0000, 0x0000, 0x0000, 0x0000, 0x0000, 0x0000, 0x0000, 0x0000, 0x0000,
  0x0000, 0x0000, 0x0000, 0x0000, 0x0000, 0x0000, 0x0000, 0x0000, 0x0000, 0x0000, 0x0000, 0x0000,
  0x0000, 0x0000, 0x0000, 0x0000, 0x0000, 0x0000, 0x0000, 0x0000, 0x0000, 0x0000, 0x0000, 0x0000,
  0x630B, 0x630B, 0x630B, 0x632C, 0x630B, 0x632C, 0x630B, 0x632C, 0x52AA, 0x52AA, 0x630B, 0x6B4C,
  0x630B, 0x6B6D, 0x6B4C, 0x630B, 0x5AEB, 0x840F, 0x840F, 0x8C71, 0x9491, 0x8C71, 0x6B6D, 0x7BEF,
  0x8430, 0xB595, 0x94B2, 0x7BCE, 0x8C50, 0x840F, 0x9CD2, 0xA534, 0x9CF3, 0x9CF3, 0x9CF3, 0xA534,
  0x8C50, 0x9CD2, 0x9CD2, 0x9491, 0x9CF3, 0xA513, 0x9491, 0x94B2, 0x9491, 0x9CF3, 0x9CF3, 0x94B2,
  0x94B2, 0x9CD2, 0x8C71, 0x8C71, 0x8C71, 0x9CD2, 0x8430, 0x94B2, 0x8C50, 0x8C71, 0x8C50, 0x7BEF,
  0x8C50, 0x8430, 0x840F, 0x738D, 0x0000, 0x0000, 0x0000, 0x0000, 0x0000, 0x0000, 0x0000, 0x0000,
  0x0000, 0x0000, 0x0000, 0x0000, 0x0000, 0x0000, 0x0000, 0x0000, 0x0000, 0x0000, 0x0000, 0x0000,
  0x0000, 0x0000, 0x0000, 0x0000, 0x0000, 0x0000, 0x0000, 0x0000, 0x0000, 0x0000, 0x0000, 0x0000,
  0x0000, 0x0000, 0x0000, 0x0000, 0x0000, 0x0000, 0x0000, 0x0000, 0x0000, 0x0000, 0x0000, 0x0000,
  0x0000, 0x0000, 0x0000, 0x0000, 0x0000, 0x0000, 0x0000, 0x0000, 0x0000, 0x0000, 0x0000, 0x0000,
  0x0000, 0x0000, 0x0000, 0x0000, 0x0000, 0x0000, 0x8C50, 0x9491, 0x630B, 0x6B6D, 0x6B6D, 0x5AEB,
  0x52AA, 0x630B, 0x630B, 0x630B, 0x5ACA, 0x5ACA, 0x630B, 0x632C, 0x6B4C, 0x5ACA, 0x6B4C, 0x6B4C,
  0x6B6D, 0x7BEF, 0x630B, 0x630B, 0x840F, 0x9491, 0x6B6D, 0x6B4C, 0x6B6D, 0x632C, 0x9CF3, 0x9491,
  0x7BEF, 0x8C71, 0x8430, 0x8C50, 0x8430, 0xA534, 0xA534, 0xA513, 0x9CF3, 0x94B2, 0x9491, 0x9CD2,
  0x8C71, 0xA513, 0x9491, 0x94B2, 0x9CF3, 0x9CD2, 0x9CD2, 0x94B2, 0x94B2, 0x9491, 0x9CD2, 0x8C50,
  0x94B2, 0x8C50, 0x94B2, 0x9491, 0x9CD2, 0x9491, 0x840F, 0x8430, 0x9491, 0x840F, 0x840F, 0x7BCE,
  0x7BEF, 0x6B6D, 0x0000, 0x0000, 0x0000, 0x0000, 0x0000, 0x0000, 0x0000, 0x0000, 0x0000, 0x0000,
  0x0000, 0x0000, 0x0000, 0x0000, 0x0000, 0x0000, 0x0000, 0x0000, 0x0000, 0x0000, 0x0000, 0x0000,
  0x0000, 0x0000, 0x0000, 0x0000, 0x0000, 0x0000, 0x0000, 0x0000, 0x0000, 0x0000, 0x0000, 0x0000,
  0x0000, 0x0000, 0x0000, 0x0000, 0x0000, 0x0000, 0x0000, 0x0000, 0x0000, 0x0000, 0x0000, 0x0000,
  0x0000, 0x0000, 0x0000, 0x0000, 0x0000, 0x0000, 0x0000, 0x0000, 0x0000, 0x0000, 0x0000, 0x0000,
  0x0000, 0x9491, 0x94B2, 0x94B2, 0x632C, 0x630B, 0x5AEB, 0x5ACA, 0x632C, 0x5ACA, 0x5ACA, 0x5ACA,
  0x52AA, 0x52AA, 0x5ACA, 0x5289, 0x5289, 0x632C, 0x632C, 0x73AE, 0x738D, 0x5ACA, 0x5ACA, 0x5AEB,
  0x7BCE, 0x7BEF, 0x6B6D, 0x5ACA, 0x6B4C, 0x632C, 0x6B4C, 0x9CD2, 0x73AE, 0x8C50, 0x7BEF, 0x840F,
  0x8C50, 0x840F, 0xA534, 0xAD54, 0xAD54, 0x9CF3, 0x94B2, 0x94B2, 0x9491, 0x9CD2, 0x94B2, 0x9CF3,
  0x9CF3, 0xA513, 0x9491, 0xA513, 0x8C71, 0x94B2, 0x94B2, 0x9491, 0x9491, 0x9CD2, 0x9491, 0x9CD2,
  0x9CD2, 0x94B2, 0x94B2, 0x8430, 0x8C50, 0x9491, 0x8C50, 0x840F, 0x8C50, 0x7BCE, 0x7BEF, 0x0000,
  0x0000, 0x0000, 0x0000, 0x0000, 0x0000, 0x0000, 0x0000, 0x0000, 0x0000, 0x0000, 0x0000, 0x0000,
  0x0000, 0x0000, 0x0000, 0x0000, 0x0000, 0x0000, 0x0000, 0x0000, 0x0000, 0x0000, 0x0000, 0x0000,
  0x0000, 0x0000, 0x0000, 0x0000, 0x0000, 0x0000, 0x0000, 0x0000, 0x0000, 0x0000, 0x0000, 0x0000,
  0x0000, 0x0000, 0x0000, 0x0000, 0x0000, 0x0000, 0x0000, 0x0000, 0x0000, 0x0000, 0x0000, 0x0000,
  0x0000, 0x0000, 0x0000, 0x0000, 0x0000, 0x0000, 0x0000, 0x6B4C, 0x632C, 0x8C71, 0x9491, 0x6B4C,
  0x632C, 0x632C, 0x6B6D, 0x630B, 0x630B, 0x5ACA, 0x5289, 0x5ACA, 0x4A69, 0x5289, 0x4A69, 0x5289,
  0x5AEB, 0x5ACA, 0x632C, 0x6B6D, 0x7BCE, 0x5289, 0x630B, 0x632C, 0x8C50, 0x630B, 0x6B6D, 0x5ACA,
  0x52AA, 0x630B, 0x6B4C, 0x94B2, 0x8430, 0x73AE, 0x840F, 0x840F, 0x8430, 0x8C71, 0x8430, 0xA534,
  0xB595, 0xA513, 0x9CF3, 0x9CF3, 0x94B2, 0x9CD2, 0x9CF3, 0xA534, 0x9CD2, 0x9CD2, 0x9CF3, 0x9CF3,
  0x9CD2, 0x9CD2, 0x9CF3, 0x9CD2, 0x9CF3, 0x9CF3, 0x8C71, 0x8C71, 0x9CD2, 0x8C71, 0x8C71, 0x94B2,
  0x9491, 0x8C71, 0x8C71, 0x8430, 0x840F, 0x840F, 0x8430, 0x7BEF, 0x7BCE, 0x0000, 0x0000, 0x0000,
  0x0000, 0x0000, 0x0000, 0x0000, 0x0000, 0x0000, 0x0000, 0x0000, 0x0000, 0x0000, 0x0000, 0x0000,
  0x0000, 0x0000, 0x0000, 0x0000, 0x0000, 0x0000, 0x0000, 0x0000, 0x0000, 0x0000, 0x0000, 0x0000,
  0x0000, 0x0000, 0x0000, 0x0000, 0x0000, 0x0000, 0x0000, 0x0000, 0x0000, 0x0000, 0x0000, 0x0000,
  0x0000, 0x0000, 0x0000, 0x0000, 0x0000, 0x0000, 0x0000, 0x0000, 0x0000, 0x0000, 0x0000, 0x0000,
  0x0000, 0x0000, 0x6B4C, 0x6B4C, 0x6B4C, 0x9CF3, 0x9CD2, 0x738D, 0x6B6D, 0x6B6D, 0x6B4C, 0x5AEB,
  0x630B, 0x5ACA, 0x5289, 0x4A69, 0x5ACA, 0x4A69, 0x5ACA, 0x52AA, 0x52AA, 0x632C, 0x630B, 0x6B4C,
  0x5AEB, 0x6B4C, 0x5AEB, 0x630B, 0x632C, 0x5AEB, 0x5ACA, 0x5289, 0x5ACA, 0x630B, 0x6B4C, 0x8C50,
  0x94B2, 0x73AE, 0x7BCE, 0x8C71, 0x8C71, 0x9491, 0x840F, 0x8430, 0xA534, 0xAD54, 0xA513, 0x9491,
  0x9CF3, 0x9CD2, 0x94B2, 0xAD54, 0x9CD2, 0x94B2, 0x94B2, 0xA513, 0xA534, 0x9CF3, 0xA513, 0x9CD2,
  0x9CF3, 0x9491, 0x94B2, 0x9CD2, 0x9CD2, 0x9491, 0x94B2, 0x9CD2, 0x8C71, 0x9CD2, 0x9491, 0x8C71,
  0x8430, 0x8430, 0x840F, 0x8C71, 0x8C50, 0x7BEF, 0x0000, 0x0000, 0x0000, 0x0000, 0x0000, 0x0000,
  0x0000, 0x0000, 0x0000, 0x0000, 0x0000, 0x0000, 0x0000, 0x0000, 0x0000, 0x0000, 0x0000, 0x0000,
  0x0000, 0x0000, 0x0000, 0x0000, 0x0000, 0x0000, 0x0000, 0x0000, 0x0000, 0x0000, 0x0000, 0x0000,
  0x0000, 0x0000, 0x0000, 0x0000, 0x0000, 0x0000, 0x0000, 0x0000, 0x0000, 0x0000, 0x0000, 0x0000,
  0x0000, 0x0000, 0x0000, 0x0000, 0x0000, 0x0000, 0x0000, 0x0000, 0x0000, 0x840F, 0x6B4C, 0x6B6D,
  0x8C50, 0x9CD2, 0x94B2, 0x738D, 0x7BCE, 0x6B6D, 0x738D, 0x6B6D, 0x5AEB, 0x630B, 0x4A69, 0x4A48,
  0x4A69, 0x39E7, 0x4A69, 0x4A69, 0x5ACA, 0x5ACA, 0x5ACA, 0x6B6D, 0x52AA, 0x630B, 0x5AEB, 0x5289,
  0x5AEB, 0x630B, 0x52AA, 0x5289, 0x4A69, 0x630B, 0x6B4C, 0x632C, 0x8C71, 0x7BEF, 0x8430, 0x8C71,
  0x8430, 0x8C50, 0x8430, 0x8430, 0x94B2, 0xAD75, 0xAD54, 0xA534, 0x9491, 0x9CD2, 0xA513, 0x9CD2,
  0xA534, 0x9CF3, 0xA534, 0xA534, 0xA534, 0x9491, 0x94B2, 0x9CF3, 0x9CF3, 0x9CF3, 0xA513, 0x94B2,
  0x9CF3, 0x9CF3, 0x9CF3, 0x8C71, 0x94B2, 0x9CD2, 0x9491, 0x8C71, 0x8C50, 0x8430, 0x9491, 0x8C71,
  0x8C71, 0x7BCE, 0x8430, 0x0000, 0x0000, 0x0000, 0x0000, 0x0000, 0x0000, 0x0000, 0x0000, 0x0000,
  0x0000, 0x0000, 0x0000, 0x0000, 0x0000, 0x0000, 0x0000, 0x0000, 0x0000, 0x0000, 0x0000, 0x0000,
  0x0000, 0x0000, 0x0000, 0x0000, 0x0000, 0x0000, 0x0000, 0x0000, 0x0000, 0x0000, 0x0000, 0x0000,
  0x0000, 0x0000, 0x0000, 0x0000, 0x0000, 0x0000, 0x0000, 0x0000, 0x0000, 0x0000, 0x0000, 0x0000,
  0x0000, 0x0000, 0x0000, 0x632C, 0x9CD2, 0x94B2, 0x632C, 0x73AE, 0x7BEF, 0x8C71, 0x94B2, 0x7BCE,
  0x6B6D, 0x630B, 0x630B, 0x632C, 0x5289, 0x5AEB, 0x5AEB, 0x5ACA, 0x52AA, 0x52AA, 0x5289, 0x632C,
  0x630B, 0x4A69, 0x52AA, 0x73AE, 0x6B4C, 0x632C, 0x5ACA, 0x4A69, 0x6B4C, 0x6B4C, 0x5ACA, 0x52AA,
  0x5AEB, 0x5ACA, 0x5AEB, 0x8C50, 0x8C71, 0x7BEF, 0x7BEF, 0x7BCE, 0x840F, 0x9491, 0x8430, 0x94B2,
  0x9CD2, 0xA534, 0xA513, 0xA534, 0xA513, 0x9CD2, 0xA534, 0x9CF3, 0x9CD2, 0xA534, 0x9CD2, 0xA534,
  0x9CD2, 0x9CD2, 0xA513, 0xA513, 0xA513, 0x9491, 0x9CD2, 0x9CF3, 0x94B2, 0xA513, 0x8C71, 0x94B2,
  0x94B2, 0x8C50, 0x94B2, 0x8C50, 0x9CD2, 0x94B2, 0x8C71, 0x8430, 0x8C71, 0x8C71, 0x7BEF, 0x7BCE,
  0x738D, 0x0000, 0x0000, 0x0000, 0x0000, 0x0000, 0x0000, 0x0000, 0x0000, 0x0000, 0x0000, 0x0000,
  0x0000, 0x0000, 0x0000, 0x0000, 0x0000, 0x0000, 0x0000, 0x0000, 0x0000, 0x0000, 0x0000, 0x0000,
  0x0000, 0x0000, 0x0000, 0x0000, 0x0000, 0x0000, 0x0000, 0x0000, 0x0000, 0x0000, 0x0000, 0x0000,
  0x0000, 0x0000, 0x0000, 0x0000, 0x0000, 0x0000, 0x0000, 0x0000, 0x0000, 0x0000, 0x5289, 0x73AE,
  0x94B2, 0xA534, 0x7BEF, 0x840F, 0x6B6D, 0x9491, 0xA534, 0x7BCE, 0x6B4C, 0x6B4C, 0x738D, 0x6B4C,
  0x5AEB, 0x73AE, 0x6B6D, 0x4228, 0x4A69, 0x4A69, 0x4A48, 0x4A69, 0x630B, 0x738D, 0x5289, 0x630B,
  0x8430, 0x6B4C, 0x6B4C, 0x5289, 0x73AE, 0x6B4C, 0x5AEB, 0x5AEB, 0x52AA, 0x5ACA, 0x630B, 0x8C71,
  0x7BEF, 0x7BCE, 0x7BCE, 0x7BEF, 0x8C50, 0x8C50, 0x9491, 0x8C71, 0x8C71, 0x8C71, 0xA534, 0xAD75,
  0x9CD2, 0x94B2, 0xAD54, 0xA513, 0xA513, 0x9CD2, 0xA513, 0xA513, 0xA534, 0x9CD2, 0xA513, 0x9CD2,
  0xA534, 0x9CD2, 0x94B2, 0x9CF3, 0x9CD2, 0xA513, 0xA513, 0x9CD2, 0x9CD2, 0x9CD2, 0x9491, 0x9CD2,
  0x8C50, 0x94B2, 0x9491, 0x9491, 0x9491, 0x8C71, 0x9491, 0x8C50, 0x8430, 0x738D, 0x0000, 0x0000,
  0x0000, 0x0000, 0x0000, 0x0000, 0x0000, 0x0000, 0x0000, 0x0000, 0x0000, 0x0000, 0x0000, 0x0000,
  0x0000, 0x0000, 0x0000, 0x0000, 0x0000, 0x0000, 0x0000, 0x0000, 0x0000, 0x0000, 0x0000, 0x0000,
  0x0000, 0x0000, 0x0000, 0x0000, 0x0000, 0x0000, 0x0000, 0x0000, 0x0000, 0x0000, 0x0000, 0x0000,
  0x0000, 0x0000, 0x0000, 0x0000, 0x0000, 0x5289, 0x52AA, 0x73AE, 0x7BCE, 0x73AE, 0x8430, 0x8C50,
  0x9491, 0x9CD2, 0x9491, 0xAD54, 0x6B6D, 0x73AE, 0x630B, 0x5ACA, 0x738D, 0x73AE, 0x4228, 0x5289,
  0x39C6, 0x39C6, 0x4228, 0x4A69, 0x4A69, 0x6B6D, 0x73AE, 0x630B, 0x7BEF, 0x738D, 0x630B, 0x5ACA,
  0x7BCE, 0x6B4C, 0x6B6D, 0x632C, 0x632C, 0x5ACA, 0x738D, 0x8C71, 0x6B6D, 0x7BCE, 0x7BEF, 0x8430,
  0x8C71, 0x8C71, 0x8C71, 0x8C50, 0x8C71, 0x94B2, 0xBDD6, 0xB595, 0x94B2, 0xA513, 0xA513, 0xA513,
  0xAD54, 0xAD54, 0x9CD2, 0xA534, 0xAD54, 0xAD54, 0x9CD2, 0xAD54, 0x94B2, 0xA534, 0x94B2, 0xA513,
  0x94B2, 0x9CD2, 0xA513, 0xA513, 0x9CF3, 0x9CD2, 0x8C71, 0x8C71, 0x94B2, 0x9491, 0x9CD2, 0x9491,
  0x9CD2, 0x9491, 0x8C50, 0x8C71, 0x8430, 0x7BEF, 0x840F, 0x0000, 0x0000, 0x0000, 0x0000, 0x0000,
  0x0000, 0x0000, 0x0000, 0x0000, 0x0000, 0x0000, 0x0000, 0x0000, 0x0000, 0x0000, 0x0000, 0x0000,
  0x0000, 0x0000, 0x0000, 0x0000, 0x0000, 0x0000, 0x0000, 0x0000, 0x0000, 0x0000, 0x0000, 0x0000,
  0x0000, 0x0000, 0x0000, 0x0000, 0x0000, 0x0000, 0x0000, 0x0000, 0x0000, 0x0000, 0x0000, 0x0000,
  0x4228, 0x4A48, 0x5289, 0x73AE, 0x7BCE, 0x840F, 0x632C, 0x8C71, 0x8430, 0xBDD6, 0x94B2, 0xAD54,
  0x7BEF, 0x738D, 0x630B, 0x840F, 0x73AE, 0x52AA, 0x4A48, 0x4228, 0x39E7, 0x4207, 0x39C6, 0x4207,
  0x52AA, 0x4A48, 0x73AE, 0x73AE, 0x840F, 0x9491, 0x630B, 0x630B, 0x738D, 0x7BEF, 0x632C, 0x5AEB,
  0x632C, 0x738D, 0x8C71, 0x8430, 0x738D, 0x7BEF, 0x8C50, 0x7BEF, 0x7BEF, 0x840F, 0x8C50, 0x8C71,
  0x8C71, 0x8C71, 0xAD54, 0xB5B6, 0xA534, 0xA513, 0xA513, 0xAD75, 0xAD75, 0xAD75, 0xA534, 0xAD54,
  0xA513, 0xA534, 0x9CF3, 0x9CD2, 0xA513, 0x9CD2, 0xAD54, 0xAD54, 0x9CD2, 0xA513, 0x9CF3, 0x9CD2,
  0x94B2, 0x9491, 0x9CF3, 0x94B2, 0x8C71, 0x8C71, 0x9CF3, 0x94B2, 0x9491, 0x8C50, 0x8C71, 0x8430,
  0x8C71, 0x8430, 0x840F, 0x8430, 0x0000, 0x0000, 0x0000, 0x0000, 0x0000, 0x0000, 0x0000, 0x0000,
  0x0000, 0x0000, 0x0000, 0x0000, 0x0000, 0x0000, 0x0000, 0x0000, 0x0000, 0x0000, 0x0000, 0x0000,
  0x0000, 0x0000, 0x0000, 0x0000, 0x0000, 0x0000, 0x0000, 0x0000, 0x0000, 0x0000, 0x0000, 0x0000,
  0x0000, 0x0000, 0x0000, 0x0000, 0x0000, 0x0000, 0x0000, 0x4A48, 0x52AA, 0x4A69, 0x6B6D, 0x6B6D,
  0x6B6D, 0x6B4C, 0x6B6D, 0x738D, 0x94B2, 0xBDD6, 0x9491, 0x94B2, 0x840F, 0x6B6D, 0x6B6D, 0x7BEF,
  0x630B, 0x52AA, 0x4A48, 0x39E7, 0x4A69, 0x4228, 0x39C6, 0x4228, 0x4228, 0x52AA, 0x630B, 0x73AE,
  0x738D, 0x8430, 0x7BCE, 0xB595, 0x8430, 0x7BCE, 0x6B4C, 0x6B6D, 0x8C71, 0x9491, 0x8C71, 0x6B4C,
  0x6B6D, 0x7BCE, 0x73AE, 0x8C50, 0x8C71, 0x8C71, 0x9491, 0x8C50, 0x9491, 0x8C50, 0xAD54, 0xB5B6,
  0xB5B6, 0x9CD2, 0xAD75, 0xAD75, 0xAD54, 0xA534, 0xA534, 0x9CF3, 0xA513, 0xAD54, 0xA513, 0x9CD2,
  0xA534, 0xA534, 0x9CD2, 0xA513, 0x9CD2, 0xAD54, 0x9CD2, 0x9CD2, 0x9491, 0x9491, 0x9CD2, 0xA513,
  0x9CF3, 0x9CD2, 0x9CF3, 0x8C50, 0x9491, 0x8C71, 0x94B2, 0x8430, 0x8430, 0x8430, 0x8C50, 0x7BCE,
  0x840F, 0x0000, 0x0000, 0x0000, 0x0000, 0x0000, 0x0000, 0x0000, 0x0000, 0x0000, 0x0000, 0x0000,
  0x0000, 0x0000, 0x0000, 0x0000, 0x0000, 0x0000, 0x0000, 0x0000, 0x0000, 0x0000, 0x0000, 0x0000,
  0x0000, 0x0000, 0x0000, 0x0000, 0x0000, 0x0000, 0x0000, 0x0000, 0x0000, 0x0000, 0x0000, 0x0000,
  0x0000, 0x0000, 0x4A48, 0x4A69, 0x52AA, 0x5289, 0x6B6D, 0x6B6D, 0x73AE, 0x738D, 0x632C, 0x73AE,
  0x6B6D, 0x9CF3, 0xAD75, 0x9CD2, 0x9CF3, 0x6B6D, 0x8C71, 0x8430, 0x5AEB, 0x52AA, 0x4A48, 0x4A69,
  0x4207, 0x4228, 0x4228, 0x4228, 0x4A48, 0x52AA, 0x5289, 0x8430, 0x8C71, 0x738D, 0x8C50, 0xB5B6,
  0xA534, 0xAD54, 0x8C50, 0x8C71, 0x8C71, 0x738D, 0x73AE, 0x738D, 0x840F, 0x7BEF, 0x7BEF, 0x840F,
  0x8430, 0x840F, 0x8430, 0x8C71, 0x8C50, 0x94B2, 0xAD75, 0xB5B6, 0x9CF3, 0xA513, 0xA513, 0xAD54,
  0xAD54, 0xAD54, 0xAD75, 0xA534, 0xA513, 0xA534, 0xAD54, 0x9CD2, 0xAD75, 0xA534, 0x9CF3, 0xAD54,
  0xA534, 0xA513, 0xA534, 0x9CD2, 0x9CF3, 0xA534, 0x9CF3, 0x9491, 0x9CF3, 0x9CD2, 0xA513, 0x9CF3,
  0x9CF3, 0x8C50, 0x94B2, 0x94B2, 0x94B2, 0x8C50, 0x8C50, 0x840F, 0x8C50, 0x73AE, 0x0000, 0x0000,
  0x0000, 0x0000, 0x0000, 0x0000, 0x0000, 0x0000, 0x0000, 0x0000, 0x0000, 0x0000, 0x0000, 0x0000,
  0x0000, 0x0000, 0x0000, 0x0000, 0x0000, 0x0000, 0x0000, 0x0000, 0x0000, 0x0000, 0x0000, 0x0000,
  0x0000, 0x0000, 0x0000, 0x0000, 0x0000, 0x0000, 0x0000, 0x0000, 0x0000, 0x4207, 0x5289, 0x4228,
  0x4228, 0x6B6D, 0x738D, 0x630B, 0x5ACA, 0x630B, 0x632C, 0x73AE, 0x738D, 0x94B2, 0xB5B6, 0x9CF3,
  0xAD54, 0x9CF3, 0x8C50, 0x840F, 0x5AEB, 0x4A69, 0x52AA, 0x4A69, 0x4207, 0x3185, 0x39C6, 0x5289,
  0x4A69, 0x5289, 0x52AA, 0x8C50, 0x9CD2, 0x8C50, 0x94B2, 0x8C71, 0x9CD2, 0x73AE, 0x738D, 0x738D,
  0x7BEF, 0x7BCE, 0x7BCE, 0x7BCE, 0x8430, 0x840F, 0x8430, 0x8C50, 0x8C50, 0x8C50, 0x9491, 0x9CD2,
  0x8C71, 0x9CD2, 0xB595, 0xBDD6, 0xA513, 0xAD54, 0x9CF3, 0xA534, 0xAD54, 0xAD54, 0xA513, 0xA534,
  0xA534, 0xA534, 0xA534, 0xAD54, 0xAD75, 0xAD54, 0xA513, 0x9CF3, 0xA534, 0xA534, 0x9CF3, 0xA513,
  0x9CF3, 0x94B2, 0x94B2, 0x9CF3, 0x9CD2, 0xA513, 0x9CF3, 0x94B2, 0x94B2, 0x8C71, 0x9CD2, 0x9491,
  0x8C71, 0x8430, 0x840F, 0x8C50, 0x7BEF, 0x7BEF, 0x7BEF, 0x0000, 0x0000, 0x0000, 0x0000, 0x0000,
  0x0000, 0x0000, 0x0000, 0x0000, 0x0000, 0x0000, 0x0000, 0x0000, 0x0000, 0x0000, 0x0000, 0x0000,
  0x0000, 0x0000, 0x0000, 0x0000, 0x0000, 0x0000, 0x0000, 0x0000, 0x0000, 0x0000, 0x0000, 0x0000,
  0x0000, 0x0000, 0x0000, 0x0000, 0x4228, 0x52AA, 0x4A48, 0x4A48, 0x630B, 0x630B, 0x6B6D, 0x5289,
  0x632C, 0x5AEB, 0x6B4C, 0x7BCE, 0x7BEF, 0xA513, 0x9491, 0x9CF3, 0x9CF3, 0x9CF3, 0xCE58, 0x8C71,
  0x630B, 0x5289, 0x4A48, 0x4A69, 0x4A69, 0x39C6, 0x4A48, 0x4A48, 0x52AA, 0x5AEB, 0x630B, 0x8C71,
  0x9CD2, 0xC617, 0xCE58, 0x9CF3, 0x7BEF, 0x8430, 0x7BEF, 0x840F, 0x840F, 0x7BEF, 0x8C50, 0x7BEF,
  0x840F, 0x7BEF, 0x8C50, 0x8430, 0x8430, 0x94B2, 0x9CD2, 0x8C50, 0x94B2, 0xAD75, 0xB595, 0xB5B6,
  0xAD54, 0xA534, 0xA534, 0xA534, 0xB595, 0xAD75, 0xAD54, 0xAD54, 0xAD75, 0xA534, 0xA534, 0xAD75,
  0xAD54, 0xAD54, 0xA513, 0xA534, 0x9CD2, 0x9CF3, 0x9CD2, 0x9CF3, 0xA534, 0xA513, 0x94B2, 0xA534,
  0x94B2, 0x94B2, 0xA534, 0x9491, 0x9CD2, 0x9491, 0x8C71, 0x9CF3, 0x94B2, 0x8C71, 0x9491, 0x8C50,
  0x7BEF, 0x8430, 0x8430, 0x738D, 0x0000, 0x0000, 0x0000, 0x0000, 0x0000, 0x0000, 0x0000, 0x0000,
  0x0000, 0x0000, 0x0000, 0x0000, 0x0000, 0x0000, 0x0000, 0x0000, 0x0000, 0x0000, 0x0000, 0x0000,
  0x0000, 0x0000, 0x0000, 0x0000, 0x0000, 0x0000, 0x0000, 0x0000, 0x0000, 0x0000, 0x0000, 0x4A48,
  0x5289, 0x4A48, 0x632C, 0x632C, 0x630B, 0x5ACA, 0x4A69, 0x5ACA, 0x630B, 0x6B4C, 0x6B6D, 0x738D,
  0x73AE, 0x7BEF, 0xAD54, 0xA534, 0xAD75, 0x9CF3, 0x9CF3, 0xC617, 0x632C, 0x5ACA, 0x4A69, 0x52AA,
  0x4A48, 0x4A69, 0x4A48, 0x4A48, 0x5AEB, 0x5ACA, 0x632C, 0xCE79, 0xE71B, 0xB5B6, 0xC638, 0x9CF3,
  0x8C71, 0x9491, 0x8C50, 0x8C71, 0x840F, 0x8C50, 0x8430, 0x8430, 0x8C71, 0x8C71, 0x9491, 0x8C71,
  0x8C71, 0x94B2, 0x9491, 0x9CF3, 0x9CD2, 0xBDD6, 0xBDD6, 0xBDD6, 0xAD75, 0xAD54, 0xA513, 0xA534,
  0xB5B6, 0xA513, 0xAD75, 0xA534, 0xAD75, 0xAD75, 0xAD75, 0xA534, 0x9CF3, 0xB595, 0xAD54, 0x9CF3,
  0xAD54, 0xA513, 0x9CF3, 0xAD54, 0xA513, 0x9CD2, 0xA534, 0xA534, 0xA534, 0x94B2, 0xA534, 0x94B2,
  0x9491, 0x94B2, 0x94B2, 0x9CF3, 0x8C71, 0x9491, 0x9491, 0x8430, 0x840F, 0x8430, 0x73AE, 0x8430,
  0x840F, 0x0000, 0x0000, 0x0000, 0x0000, 0x0000, 0x0000, 0x0000, 0x0000, 0x0000, 0x0000, 0x0000,
  0x0000, 0x0000, 0x0000, 0x0000, 0x0000, 0x0000, 0x0000, 0x0000, 0x0000, 0x0000, 0x0000, 0x0000,
  0x0000, 0x0000, 0x0000, 0x0000, 0x0000, 0x0000, 0x738D, 0x632C, 0x6B6D, 0x6B4C, 0x6B6D, 0x6B4C,
  0x630B, 0x52AA, 0x5289, 0x52AA, 0x6B6D, 0x632C, 0x6B6D, 0x7BEF, 0x7BCE, 0x8430, 0xA513, 0xA534,
  0x9491, 0xAD54, 0xA513, 0xC617, 0x9CF3, 0x8430, 0x630B, 0x5ACA, 0x4A69, 0x4A48, 0x4A69, 0x5289,
  0x5ACA, 0x8C50, 0x9CD2, 0xD699, 0xA534, 0xBDD6, 0xA534, 0xAD54, 0x9CD2, 0x8430, 0x9491, 0x94B2,
  0x9491, 0x94B2, 0x8C71, 0x8C50, 0x8C71, 0x8C50, 0x94B2, 0x94B2, 0x9491, 0x94B2, 0x9491, 0xA513,
  0x9CF3, 0xB595, 0xB595, 0xA534, 0xAD54, 0x9CF3, 0xB595, 0xAD75, 0xB5B6, 0xAD54, 0xB595, 0xA534,
  0xAD54, 0xB5B6, 0xAD54, 0xAD54, 0xAD75, 0xAD54, 0xB595, 0xA513, 0xAD75, 0x9CF3, 0xAD54, 0xAD54,
  0xA513, 0xA513, 0xA513, 0xA534, 0xA513, 0xA534, 0x94B2, 0x9CF3, 0x9491, 0xA513, 0x9CF3, 0xA513,
  0x94B2, 0x94B2, 0x8430, 0x840F, 0x8430, 0x9491, 0x8C50, 0x94B2, 0x9491, 0x8430, 0x0000, 0x0000,
  0x0000, 0x0000, 0x0000, 0x0000, 0x0000, 0x0000, 0x0000, 0x0000, 0x0000, 0x0000, 0x0000, 0x0000,
  0x0000, 0x0000, 0x0000, 0x0000, 0x0000, 0x0000, 0x0000, 0x0000, 0x0000, 0x0000, 0x0000, 0x0000,
  0x0000, 0x0000, 0x6B6D, 0x738D, 0x738D, 0x6B6D, 0x630B, 0x4A69, 0x4A69, 0x52AA, 0x5ACA, 0x5289,
  0x5AEB, 0x630B, 0x7BCE, 0x7BCE, 0x73AE, 0xAD54, 0xA513, 0x8430, 0x8C50, 0x8C50, 0xB595, 0xC638,
  0xCE79, 0x94B2, 0x8C50, 0x8C71, 0x840F, 0x7BCE, 0x8C50, 0x8430, 0x94B2, 0x9491, 0xD6BA, 0xCE79,
  0xA534, 0xAD54, 0xA513, 0xAD75, 0x9CF3, 0x94B2, 0x94B2, 0x8C71, 0x9CD2, 0x94B2, 0x94B2, 0x8430,
  0x9491, 0x9491, 0x8C50, 0x9CF3, 0x9CD2, 0x9CD2, 0x8C71, 0xA534, 0xB595, 0xC617, 0xBDF7, 0xAD75,
  0xAD54, 0xB595, 0xAD75, 0xB595, 0xAD75, 0xA534, 0xA534, 0xAD75, 0xB595, 0xAD54, 0xB595, 0xB595,
  0xAD54, 0xAD54, 0xAD75, 0xAD75, 0xA513, 0xAD75, 0xA513, 0x9CD2, 0xA513, 0x9CD2, 0xAD54, 0xA513,
  0xA534, 0xA513, 0xA513, 0xA513, 0x94B2, 0xA513, 0x9491, 0x9CD2, 0x9CF3, 0x9491, 0x840F, 0xA534,
  0x9CD2, 0xA513, 0x9CD2, 0x73AE, 0x6B6D, 0x630B, 0x0000, 0x0000, 0x0000, 0x0000, 0x0000, 0x0000,
  0x0000, 0x0000, 0x0000, 0x0000, 0x0000, 0x0000, 0x0000, 0x0000, 0x0000, 0x0000, 0x0000, 0x0000,
  0x0000, 0x0000, 0x0000, 0x0000, 0x0000, 0x0000, 0x0000, 0x0000, 0x0000, 0x9CD2, 0x7BEF, 0x7BEF,
  0x6B4C, 0x5ACA, 0x630B, 0x630B, 0x5289, 0x630B, 0x738D, 0x7BCE, 0x7BEF, 0x738D, 0x7BCE, 0x840F,
  0x8430, 0xAD75, 0xA534, 0x8C71, 0x8C71, 0x94B2, 0x94B2, 0x8430, 0xD6BA, 0xD699, 0x94B2, 0x8C50,
  0x94B2, 0x9491, 0x9CD2, 0x8C50, 0x9491, 0xD699, 0xCE58, 0x8C50, 0x8C71, 0x9CF3, 0xAD75, 0xBDD6,
  0xB5B6, 0xA534, 0x94B2, 0x9491, 0x9491, 0x8C71, 0x8C50, 0x9CD2, 0x94B2, 0x8C71, 0x9491, 0xA513,
  0x94B2, 0x9CF3, 0x9491, 0xBDD6, 0xB5B6, 0xBDF7, 0xAD54, 0xB595, 0xA534, 0xA534, 0xAD54, 0xAD54,
  0xB595, 0xAD54, 0xB5B6, 0xAD54, 0xAD75, 0xA534, 0xA513, 0xA513, 0xAD54, 0xA513, 0xA534, 0xA534,
  0x9CF3, 0xA534, 0xAD75, 0x9CF3, 0xAD54, 0xAD54, 0x9CD2, 0x9CF3, 0x9CD2, 0xA534, 0xA534, 0x9CD2,
  0x9CD2, 0x94B2, 0x9CD2, 0xA513, 0x94B2, 0x8C71, 0x7BEF, 0xA513, 0x9CD2, 0x7BCE, 0x6B6D, 0x6B6D,
  0x630B, 0x6B6D, 0x5AEB, 0x0000, 0x0000, 0x0000, 0x0000, 0x0000, 0x0000, 0x0000, 0x0000, 0x0000,
  0x0000, 0x0000, 0x0000, 0x0000, 0x0000, 0x0000, 0x0000, 0x0000, 0x0000, 0x0000, 0x0000, 0x0000,
  0x0000, 0x0000, 0x0000, 0x0000, 0x7BEF, 0x8C71, 0x632C, 0x738D, 0x630B, 0x6B4C, 0x630B, 0x6B4C,
  0x630B, 0x6B6D, 0x6B4C, 0x7BCE, 0x7BEF, 0x8430, 0x7BCE, 0x8C71, 0x8430, 0xA534, 0xAD75, 0x9CD2,
  0x94B2, 0xA534, 0xA513, 0x94B2, 0x8430, 0xA513, 0xA534, 0xD699, 0x9CD2, 0xA513, 0x9CD2, 0xCE58,
  0xCE79, 0xAD54, 0x8C71, 0x9491, 0xA513, 0x94B2, 0xA513, 0xB5B6, 0xC617, 0xBDD6, 0xB595, 0x9491,
  0x9491, 0x9CD2, 0x9CF3, 0x9CD2, 0x9CD2, 0xA513, 0xA513, 0xA513, 0xA513, 0x9CD2, 0xB595, 0xC617,
  0xC617, 0xB595, 0xB595, 0xA534, 0xB595, 0xAD75, 0xB595, 0xB5B6, 0xAD54, 0xB5B6, 0xAD54, 0xA513,
  0xAD75, 0xB595, 0xA534, 0xA534, 0xAD54, 0xAD54, 0xAD75, 0xAD54, 0xAD75, 0xA534, 0xA534, 0xAD75,
  0x9CF3, 0xA513, 0x9CF3, 0xA534, 0xA513, 0x9CD2, 0x9CF3, 0xA534, 0x9CF3, 0xA534, 0xA534, 0x94B2,
  0x8C71, 0x8C50, 0xA534, 0xAD54, 0x7BEF, 0x7BEF, 0x73AE, 0x73AE, 0x630B, 0x632C, 0x5AEB, 0x5ACA,
  0x0000, 0x0000, 0x0000, 0x0000, 0x0000, 0x0000, 0x0000, 0x0000, 0x0000, 0x0000, 0x0000, 0x0000,
  0x0000, 0x0000, 0x0000, 0x0000, 0x0000, 0x0000, 0x0000, 0x0000, 0x0000, 0x0000, 0x0000, 0x6B4C,
  0x6B6D, 0x8C50, 0x8C50, 0x6B4C, 0x630B, 0x738D, 0x6B6D, 0x7BEF, 0x6B6D, 0x630B, 0x5AEB, 0x5ACA,
  0x632C, 0x738D, 0x738D, 0x8430, 0xBDD6, 0xB5B6, 0xA513, 0x94B2, 0x9CF3, 0x9CD2, 0x9CD2, 0x9CF3,
  0x9CF3, 0x8C71, 0x8C50, 0xAD75, 0xB5B6, 0xAD75, 0xAD54, 0xBDD6, 0x94B2, 0x9CD2, 0x9CD2, 0xAD54,
  0xAD75, 0xB595, 0xA513, 0xAD75, 0xB5B6, 0xB5B6, 0xC617, 0xBDF7, 0xB5B6, 0xA534, 0x94B2, 0x94B2,
  0xA534, 0xA513, 0x9CD2, 0xA513, 0xB595, 0xBDF7, 0xC638, 0xBDF7, 0xA513, 0xAD54, 0xA534, 0xB595,
  0xAD54, 0xB5B6, 0xB5B6, 0xBDD6, 0xAD75, 0xB5B6, 0xB5B6, 0xB595, 0xB595, 0xAD75, 0xA513, 0xAD75,
  0xAD75, 0xA513, 0x9CF3, 0xA534, 0xAD75, 0xA513, 0xA534, 0xA513, 0xAD75, 0xA534, 0xA513, 0xA513,
  0xA513, 0xAD54, 0xA513, 0x9CD2, 0xA534, 0x94B2, 0x94B2, 0x94B2, 0x8C50, 0xAD75, 0x9CF3, 0x8C50,
  0x738D, 0x7BCE, 0x738D, 0x6B4C, 0x6B6D, 0x6B4C, 0x6B4C, 0x5AEB, 0x630B, 0x0000, 0x0000, 0x0000,
  0x0000, 0x0000, 0x0000, 0x0000, 0x0000, 0x0000, 0x0000, 0x0000, 0x0000, 0x0000, 0x0000, 0x0000,
  0x0000, 0x0000, 0x0000, 0x0000, 0x0000, 0x0000, 0x0000, 0x73AE, 0x73AE, 0x8C50, 0x9491, 0x8C50,
  0x6B6D, 0x73AE, 0x7BEF, 0x632C, 0x5AEB, 0x5ACA, 0x5AEB, 0x6B6D, 0x6B6D, 0x738D, 0x73AE, 0x738D,
  0xC638, 0xC638, 0xA513, 0x9491, 0xA513, 0xA534, 0xAD75, 0xA513, 0xAD75, 0x9CD2, 0x9CD2, 0x94B2,
  0x9CD2, 0x9CD2, 0x94B2, 0x9491, 0xA534, 0xAD54, 0xA513, 0xAD54, 0xB5B6, 0xB595, 0xAD54, 0xB595,
  0xA534, 0xB5B6, 0xBDD6, 0xB5B6, 0xB5B6, 0xB595, 0xBDD6, 0xB595, 0xBDD6, 0xC638, 0xC638, 0xBDF7,
  0xC638, 0xBDD6, 0xBDD6, 0xAD75, 0xA513, 0xB595, 0xB5B6, 0xAD75, 0xB595, 0xAD54, 0xAD75, 0xAD54,
  0xBDD6, 0xB5B6, 0xB5B6, 0xA534, 0xAD75, 0xA534, 0xA534, 0x9CF3, 0xAD54, 0xAD75, 0xA534, 0xAD54,
  0xA513, 0xA534, 0x9CF3, 0xA534, 0xAD54, 0x9CF3, 0x9CF3, 0x9CF3, 0xA534, 0xA513, 0xA534, 0x9CF3,
  0x9CD2, 0x9CF3, 0x9CD2, 0x9CD2, 0x8430, 0xAD75, 0xB595, 0x73AE, 0x7BCE, 0x6B6D, 0x73AE, 0x6B4C,
  0x5AEB, 0x5ACA, 0x630B, 0x5ACA, 0x52AA, 0x0000, 0x0000, 0x0000, 0x0000, 0x0000, 0x0000, 0x0000,
  0x0000, 0x0000, 0x0000, 0x0000, 0x0000, 0x0000, 0x0000, 0x0000, 0x0000, 0x0000, 0x0000, 0x0000,
  0x0000, 0x0000, 0x73AE, 0x8430, 0x8430, 0x8430, 0x9CF3, 0x9491, 0x9CF3, 0x840F, 0x632C, 0x632C,
  0x632C, 0x632C, 0x630B, 0x5AEB, 0x6B4C, 0x6B4C, 0x6B4C, 0x9CF3, 0x9491, 0xAD54, 0xA534, 0xA513,
  0x9CF3, 0x9CF3, 0xAD75, 0xAD75, 0xA534, 0xA513, 0xAD75, 0xAD54, 0xAD54, 0xA513, 0x9CF3, 0xAD75,
  0xB595, 0xBDD6, 0xA534, 0xBDD6, 0xAD54, 0xAD75, 0xAD54, 0xAD75, 0xA534, 0xA513, 0x9CD2, 0xAD54,
  0xC638, 0xC617, 0xCE58, 0xB5B6, 0xAD75, 0xBDF7, 0xC638, 0xC617, 0xBDD6, 0xAD54, 0xAD54, 0xAD54,
  0xB5B6, 0xB5B6, 0xB5B6, 0xAD54, 0xBDD6, 0xAD54, 0xB595, 0xB595, 0xAD75, 0xAD54, 0xA534, 0xB595,
  0xA513, 0xA513, 0xA513, 0xAD54, 0xA534, 0xAD54, 0xAD54, 0xA513, 0xAD54, 0xA513, 0xAD54, 0x9CD2,
  0x9CD2, 0xAD54, 0xA513, 0xA534, 0xA534, 0xAD54, 0xA513, 0xAD75, 0x9CF3, 0xAD54, 0x9491, 0x94B2,
  0xB595, 0xAD54, 0x8C50, 0x840F, 0x738D, 0x6B4C, 0x6B6D, 0x630B, 0x5AEB, 0x632C, 0x5AEB, 0x5AEB,
  0x5289, 0x630B, 0x0000, 0x0000, 0x0000, 0x0000, 0x0000, 0x0000, 0x0000, 0x0000, 0x0000, 0x0000,
  0x0000, 0x0000, 0x0000, 0x0000, 0x0000, 0x0000, 0x0000, 0x0000, 0x0000, 0x73AE, 0x73AE, 0x840F,
  0x8430, 0x8C50, 0x73AE, 0x94B2, 0x9CF3, 0xB595, 0x6B4C, 0x630B, 0x738D, 0x630B, 0x5AEB, 0x6B4C,
  0x6B4C, 0x9491, 0x8430, 0x8C71, 0x7BCE, 0x8430, 0xAD54, 0xB595, 0x94B2, 0xAD75, 0xA534, 0xA534,
  0xAD54, 0xA513, 0xA513, 0xB595, 0xAD54, 0xAD75, 0xB5B6, 0xAD54, 0xB5B6, 0xB5B6, 0xBDD6, 0xAD54,
  0xB595, 0xB595, 0xAD75, 0xBDD6, 0xA534, 0x9CD2, 0xAD75, 0xBDD6, 0xB595, 0xB5B6, 0xCE58, 0xD699,
  0xCE58, 0xCE79, 0xA513, 0xA534, 0xAD54, 0xB5B6, 0xA534, 0xB5B6, 0xAD54, 0xB5B6, 0xBDD6, 0xAD75,
  0xAD54, 0xAD54, 0xAD54, 0xBDD6, 0xA534, 0xB595, 0xAD75, 0xAD75, 0xA513, 0x9CF3, 0xA534, 0xAD54,
  0xA513, 0xA513, 0x9CF3, 0xA534, 0xA513, 0x9CF3, 0x9CF3, 0xA534, 0xA534, 0xA534, 0xA534, 0xA513,
  0xA534, 0xAD75, 0xA513, 0xA534, 0x9CF3, 0xA534, 0x94B2, 0x9CF3, 0xB5B6, 0xB5B6, 0x8C50, 0x7BCE,
  0x7BCE, 0x738D, 0x632C, 0x632C, 0x52AA, 0x5ACA, 0x5ACA, 0x630B, 0x5AEB, 0x630B, 0x5289, 0x0000,
  0x0000, 0x0000, 0x0000, 0x0000, 0x0000, 0x0000, 0x0000, 0x0000, 0x0000, 0x0000, 0x0000, 0x0000,
  0x0000, 0x0000, 0x0000, 0x0000, 0x0000, 0x738D, 0x840F, 0x840F, 0x8C50, 0x8C50, 0x8430, 0x7BEF,
  0xA513, 0x8C71, 0x840F, 0x8C50, 0x7BEF, 0x8C50, 0x840F, 0x7BCE, 0x7BCE, 0x8430, 0x840F, 0x7BEF,
  0x7BEF, 0x8430, 0xA534, 0xB5B6, 0xAD54, 0xAD54, 0xAD75, 0x9CF3, 0x9CF3, 0x9CD2, 0x9CD2, 0xAD54,
  0xAD54, 0xAD75, 0xAD54, 0xAD54, 0xB595, 0xAD54, 0xB595, 0xAD54, 0xA534, 0xB5B6, 0xAD54, 0xAD54,
  0xB595, 0xB5B6, 0xBDF7, 0xA513, 0x9CF3, 0x94B2, 0x8C71, 0x9CF3, 0x9CD2, 0xBDD6, 0xBDD6, 0xA534,
  0xAD75, 0xB5B6, 0xB5B6, 0xB5B6, 0xBDF7, 0xAD75, 0xBDD6, 0xAD75, 0xB5B6, 0xB595, 0xBDF7, 0xBDD6,
  0xB595, 0xBDD6, 0xB595, 0xA534, 0xAD54, 0xAD75, 0xAD54, 0x9CF3, 0x9CF3, 0x9CF3, 0xAD54, 0x9CD2,
  0x9CD2, 0xA534, 0xA534, 0xA534, 0x9CD2, 0x9CF3, 0xAD54, 0x9CD2, 0xA513, 0xAD54, 0xAD75, 0xAD54,
  0x9CF3, 0xA513, 0x9CD2, 0x9491, 0xAD54, 0xA534, 0x8C50, 0x73AE, 0x7BCE, 0x73AE, 0x738D, 0x6B6D,
  0x5AEB, 0x5ACA, 0x5AEB, 0x5289, 0x630B, 0x5289, 0x52AA, 0x0000, 0x0000, 0x0000, 0x0000, 0x0000,
  0x0000, 0x0000, 0x0000, 0x0000, 0x0000, 0x0000, 0x0000, 0x0000, 0x0000, 0x0000, 0x0000, 0x0000,
  0x7BEF, 0x840F, 0x7BEF, 0x7BEF, 0x840F, 0x7BCE, 0x7BEF, 0x9491, 0x8430, 0x6B4C, 0x8C50, 0x7BCE,
  0x840F, 0x7BEF, 0x7BEF, 0x7BEF, 0x8430, 0x6B6D, 0x7BCE, 0x7BEF, 0x8C71, 0x8C50, 0xAD75, 0xAD75,
  0xA534, 0x9CD2, 0x8C71, 0xAD75, 0xAD54, 0xA534, 0xBDD6, 0xB5B6, 0xC638, 0x9CF3, 0xAD75, 0xB595,
  0xB595, 0xAD54, 0xAD75, 0xB5B6, 0xAD75, 0xB5B6, 0xAD75, 0xA513, 0xBDD6, 0xC638, 0xA513, 0x9CF3,
  0x9CD2, 0x9CD2, 0x94B2, 0x9491, 0x9491, 0xA513, 0xB5B6, 0xC638, 0xA513, 0xB595, 0xAD75, 0xAD75,
  0xAD75, 0xBDD6, 0xAD54, 0xBDD6, 0xBDD6, 0xBDF7, 0xBDD6, 0xAD54, 0xAD75, 0xAD75, 0xAD54, 0xAD54,
  0xA513, 0x9CF3, 0xAD75, 0xA534, 0xA534, 0x9CF3, 0xA513, 0xAD54, 0x94B2, 0xAD54, 0x9CD2, 0x9CF3,
  0xA534, 0xAD75, 0xA534, 0xA534, 0xAD54, 0xA513, 0xA534, 0xA513, 0xA513, 0xAD54, 0x9CF3, 0x9491,
  0xAD54, 0xAD75, 0x8430, 0x840F, 0x6B6D, 0x6B6D, 0x738D, 0x5AEB, 0x630B, 0x5289, 0x5AEB, 0x5AEB,
  0x5289, 0x630B, 0x5AEB, 0x630B, 0x0000, 0x0000, 0x0000, 0x0000, 0x0000, 0x0000, 0x0000, 0x0000,
  0x0000, 0x0000, 0x0000, 0x0000, 0x0000, 0x0000, 0x0000, 0x0000, 0x738D, 0x7BEF, 0x73AE, 0x94B2,
  0xA534, 0x94B2, 0x9CF3, 0xB595, 0xA534, 0x73AE, 0x7BCE, 0x738D, 0x6B4C, 0x632C, 0x632C, 0x630B,
  0x630B, 0x6B6D, 0x840F, 0x7BCE, 0x8C71, 0x8C71, 0xBDF7, 0xA534, 0x94B2, 0xAD54, 0xC638, 0xD699,
  0x9CD2, 0x9CD2, 0x9CF3, 0x8430, 0xB5B6, 0xBDD6, 0xC617, 0xA513, 0xA534, 0xAD54, 0xB595, 0xAD75,
  0xA534, 0xB5B6, 0xB595, 0xB595, 0xC617, 0x9491, 0x8C71, 0x9CD2, 0x8C71, 0x8C50, 0x8C71, 0x9491,
  0xA513, 0xA513, 0xAD54, 0xCE58, 0xAD75, 0xAD75, 0xBDF7, 0xB5B6, 0xBDF7, 0xBDD6, 0xB595, 0xB5B6,
  0xBDD6, 0xB595, 0xAD75, 0xAD54, 0xB595, 0xAD75, 0xB5B6, 0xB595, 0xA513, 0xAD54, 0xAD75, 0xAD54,
  0x9CD2, 0x9CF3, 0x9CF3, 0x94B2, 0x9CF3, 0xA534, 0x9CD2, 0xA513, 0x9CD2, 0xA513, 0x9CD2, 0xAD54,
  0xA534, 0xAD54, 0xAD54, 0xAD75, 0xA534, 0xA513, 0x9CD2, 0x9491, 0xAD75, 0xB595, 0x840F, 0x8430,
  0x738D, 0x6B6D, 0x6B4C, 0x5AEB, 0x5AEB, 0x52AA, 0x630B, 0x630B, 0x630B, 0x632C, 0x52AA, 0x632C,
  0x0000, 0x0000, 0x0000, 0x0000, 0x0000, 0x0000, 0x0000, 0x0000, 0x0000, 0x0000, 0x0000, 0x0000,
  0x0000, 0x0000, 0x0000, 0x73AE, 0x8430, 0x8C71, 0x9CD2, 0xA534, 0xA513, 0xAD54, 0x94B2, 0xB595,
  0xAD75, 0x9CD2, 0x8C71, 0x9491, 0x6B6D, 0x632C, 0x6B6D, 0x738D, 0x738D, 0x840F, 0x7BCE, 0x8C50,
  0x9491, 0x94B2, 0xAD75, 0xA534, 0xA534, 0xC638, 0xA534, 0x6B4C, 0x632C, 0x738D, 0x7BCE, 0x9CD2,
  0x94B2, 0x8C50, 0xC617, 0xC617, 0xAD54, 0xAD75, 0xA534, 0xA534, 0xA534, 0xAD54, 0xA513, 0xC617,
  0xB5B6, 0xA513, 0x9491, 0x8C71, 0x94B2, 0x9491, 0x8C50, 0x8430, 0x94B2, 0x9CF3, 0xA534, 0xCE58,
  0xCE58, 0xB5B6, 0xBDD6, 0xB5B6, 0xBDF7, 0xB5B6, 0xBDD6, 0xBDF7, 0xBDD6, 0xB595, 0xBDD6, 0xAD75,
  0xBDD6, 0xAD54, 0xAD75, 0xB595, 0xA513, 0xAD54, 0xA534, 0x9CF3, 0xA534, 0xA534, 0x9CF3, 0x9CF3,
  0xA513, 0xA534, 0x9CD2, 0xA513, 0xA513, 0x9CF3, 0xA534, 0xA513, 0xAD75, 0xA534, 0xA534, 0xA534,
  0x9CF3, 0xAD54, 0xA534, 0xA513, 0xAD75, 0xBDD6, 0xAD75, 0x7BCE, 0x73AE, 0x7BCE, 0x6B4C, 0x6B6D,
  0x6B6D, 0x6B6D, 0x6B4C, 0x630B, 0x5ACA, 0x6B6D, 0x6B6D, 0x6B4C, 0x632C, 0x0000, 0x0000, 0x0000,
  0x0000, 0x0000, 0x0000, 0x0000, 0x0000, 0x0000, 0x0000, 0x0000, 0x0000, 0x0000, 0x0000, 0x8C50,
  0x94B2, 0x9CF3, 0x9CD2, 0x9491, 0x9CF3, 0x9CD2, 0x9CD2, 0x9CF3, 0xB5B6, 0x9CD2, 0x94B2, 0x94B2,
  0x8430, 0x8430, 0x6B6D, 0x73AE, 0x73AE, 0x73AE, 0x7BCE, 0x8430, 0x94B2, 0x94B2, 0xB5B6, 0xBDF7,
  0xCE58, 0x73AE, 0x6B6D, 0x6B4C, 0x632C, 0x630B, 0x6B6D, 0x6B6D, 0x9CF3, 0x7BEF, 0x9CD2, 0xBDD6,
  0xA534, 0xAD75, 0xA534, 0xAD54, 0xA534, 0xA534, 0xA534, 0xB5B6, 0x9CD2, 0x9CF3, 0x8C50, 0x840F,
  0x8C50, 0x8430, 0x7BEF, 0x8430, 0x8C71, 0x9491, 0x9CF3, 0xC617, 0xBDF7, 0xB595, 0xBDF7, 0xB5B6,
  0xBDD6, 0xBDF7, 0xB5B6, 0xAD75, 0xBDD6, 0xB595, 0xAD54, 0xB5B6, 0xAD75, 0xB5B6, 0xA534, 0xAD54,
  0xAD75, 0xA513, 0xAD54, 0xA534, 0x94B2, 0xA534, 0xA534, 0x94B2, 0x9CD2, 0x9CF3, 0x9CD2, 0xA534,
  0x9CF3, 0x9CD2, 0x9CF3, 0xA534, 0xA513, 0xAD54, 0xA513, 0xAD54, 0xAD54, 0xAD54, 0xA534, 0x94B2,
  0x9491, 0xBDD6, 0xB595, 0x8C50, 0x7BCE, 0x738D, 0x6B6D, 0x632C, 0x630B, 0x6B6D, 0x630B, 0x632C,
  0x738D, 0x6B6D, 0x6B4C, 0x630B, 0x6B6D, 0x0000, 0x0000, 0x0000, 0x0000, 0x0000, 0x0000, 0x0000,
  0x0000, 0x0000, 0x0000, 0x0000, 0x0000, 0x0000, 0x8C50, 0x9491, 0x94B2, 0x9CF3, 0x7BCE, 0x7BCE,
  0x73AE, 0x6B6D, 0x738D, 0x73AE, 0x7BEF, 0x8430, 0x9CD2, 0x9CD2, 0x8C71, 0x9491, 0x9491, 0x7BCE,
  0x7BEF, 0x73AE, 0x840F, 0x9491, 0x8C50, 0x9CD2, 0xA513, 0xB5B6, 0xC617, 0x6B4C, 0x5ACA, 0x5289,
  0x4A48, 0x4A69, 0x5289, 0x630B, 0x632C, 0x9CF3, 0x8C50, 0xB595, 0xBDF7, 0xA513, 0x9CF3, 0xA513,
  0xAD54, 0xA534, 0xA513, 0xC617, 0xA513, 0x9491, 0x8430, 0x8C71, 0x7BEF, 0x840F, 0x8430, 0x8430,
  0x9CD2, 0x94B2, 0x9CD2, 0x9CF3, 0xBDF7, 0xAD75, 0xAD75, 0xB595, 0xBDF7, 0xBDF7, 0xB5B6, 0xC617,
  0xB5B6, 0xBDD6, 0xBDF7, 0xAD75, 0xBDD6, 0xB595, 0xB595, 0xB5B6, 0xA513, 0xAD54, 0x9CF3, 0xAD54,
  0x9CD2, 0xA534, 0xA534, 0x94B2, 0x9CF3, 0xA534, 0x9CD2, 0x9CF3, 0xA534, 0x9CF3, 0x9CF3, 0xAD54,
  0x9CF3, 0xAD54, 0xAD54, 0xB595, 0xA513, 0xA534, 0xAD75, 0x9CF3, 0x9491, 0xB595, 0xB5B6, 0xB595,
  0x8430, 0x7BEF, 0x7BCE, 0x7BEF, 0x6B6D, 0x6B4C, 0x6B4C, 0x632C, 0x632C, 0x632C, 0x6B4C, 0x6B4C,
  0x94B2, 0x840F, 0x0000, 0x0000, 0x0000, 0x0000, 0x0000, 0x0000, 0x0000, 0x0000, 0x0000, 0x0000,
  0x0000, 0x0000, 0x8C50, 0x94B2, 0x738D, 0x6B4C, 0x6B6D, 0x6B4C, 0x6B4C, 0x7BEF, 0x738D, 0x6B6D,
  0x840F, 0x7BEF, 0x6B4C, 0x738D, 0x94B2, 0x9491, 0x8C71, 0x8C71, 0x738D, 0x8430, 0x7BEF, 0x94B2,
  0x9CF3, 0xB595, 0xAD54, 0xBDD6, 0x9CD2, 0x738D, 0x632C, 0x5289, 0x4207, 0x4228, 0x52AA, 0x52AA,
  0x5AEB, 0x8C71, 0x7BEF, 0xB5B6, 0xB5B6, 0xA513, 0xA534, 0xA534, 0xA534, 0xA534, 0xA534, 0xAD54,
  0x9CD2, 0x9CF3, 0x8C50, 0x8430, 0x7BEF, 0x8430, 0x840F, 0x9491, 0x8C71, 0x94B2, 0xA534, 0xC638,
  0xBDD6, 0xB595, 0xC617, 0xB5B6, 0xB5B6, 0xBDD6, 0xC617, 0xBDF7, 0xB5B6, 0xBDF7, 0xB5B6, 0xBDF7,
  0xAD54, 0xAD75, 0xA534, 0xB5B6, 0xB595, 0xA513, 0xAD75, 0xA513, 0xA513, 0xA534, 0xA534, 0xA534,
  0xAD54, 0xA534, 0x9CD2, 0x9CD2, 0xAD54, 0xA534, 0xAD75, 0xAD54, 0xA513, 0xAD75, 0xB595, 0xA534,
  0xA513, 0xAD54, 0xAD75, 0xAD54, 0xA534, 0x94B2, 0xBDD6, 0xBDD6, 0x8430, 0x8C50, 0x7BEF, 0x738D,
  0x6B6D, 0x73AE, 0x6B4C, 0x73AE, 0x6B6D, 0x6B6D, 0x7BCE, 0x6B4C, 0x94B2, 0x8C71, 0x0000, 0x0000,
  0x0000, 0x0000, 0x0000, 0x0000, 0x0000, 0x0000, 0x0000, 0x0000, 0x0000, 0x8C71, 0x94B2, 0x6B6D,
  0x73AE, 0x6B4C, 0x6B6D, 0x73AE, 0x73AE, 0x738D, 0x73AE, 0x73AE, 0x73AE, 0x8430, 0x8430, 0x738D,
  0x738D, 0x9CF3, 0xA513, 0x9CD2, 0x9CD2, 0x840F, 0x840F, 0x8C71, 0xB595, 0xB595, 0x8C50, 0xCE58,
  0x94B2, 0x6B4C, 0x5AEB, 0x4A48, 0x39E7, 0x39C6, 0x4A69, 0x52AA, 0x632C, 0x840F, 0x840F, 0x9491,
  0xAD54, 0x8C50, 0xB5B6, 0xBDD6, 0xAD75, 0x94B2, 0x9CF3, 0xAD54, 0xBDD6, 0x94B2, 0x94B2, 0x8430,
  0x8430, 0x8C50, 0x9491, 0x9491, 0x94B2, 0x8C71, 0x9CD2, 0xBDD6, 0xBDF7, 0xAD75, 0xC617, 0xB595,
  0xBDD6, 0xBDD6, 0xBDD6, 0xBDF7, 0xBDD6, 0xBDD6, 0xB5B6, 0xB5B6, 0xB595, 0xAD75, 0xB595, 0xAD54,
  0xAD75, 0xA513, 0xA513, 0xA513, 0xA534, 0x9CF3, 0xAD54, 0x9CF3, 0x9CF3, 0x9CD2, 0x9CF3, 0xAD75,
  0x9CD2, 0xAD54, 0xA513, 0xA534, 0xB595, 0xA513, 0xAD75, 0xAD75, 0xAD54, 0xAD75, 0xA534, 0xAD54,
  0x9CF3, 0x9491, 0x9CD2, 0xB5B6, 0xAD75, 0xB595, 0x7BCE, 0x73AE, 0x7BCE, 0x738D, 0x840F, 0x73AE,
  0x840F, 0x7BEF, 0xA513, 0x9CD2, 0x94B2, 0x73AE, 0x6B6D, 0x0000, 0x0000, 0x0000, 0x0000, 0x0000,
  0x0000, 0x0000, 0x0000, 0x0000, 0x0000, 0x8C50, 0x73AE, 0x738D, 0x6B4C, 0x738D, 0x6B6D, 0x632C,
  0x6B4C, 0x6B4C, 0x73AE, 0x632C, 0x73AE, 0x6B6D, 0x8430, 0x8430, 0x8430, 0x738D, 0x9CD2, 0x94B2,
  0xA513, 0xAD75, 0x8430, 0xB595, 0xB595, 0xAD75, 0x94B2, 0xA534, 0x9491, 0x630B, 0x632C, 0x4A48,
  0x5289, 0x4A48, 0x5289, 0x52AA, 0x6B4C, 0x8C50, 0x7BEF, 0x9491, 0xCE58, 0xA534, 0xAD54, 0xAD54,
  0xB595, 0xAD75, 0xB595, 0xB595, 0xAD75, 0x94B2, 0x8C50, 0x9491, 0x8430, 0x8430, 0x9491, 0x8C71,
  0x94B2, 0x94B2, 0x9CF3, 0xB5B6, 0xAD54, 0xB5B6, 0xC617, 0xC617, 0xB5B6, 0xC617, 0xB5B6, 0xB5B6,
  0xBDD6, 0xB5B6, 0xBDD6, 0xBDF7, 0xAD54, 0xBDD6, 0xBDD6, 0xB595, 0xB595, 0xB5B6, 0xB595, 0xA513,
  0xA534, 0xAD54, 0x9CF3, 0xAD54, 0xA534, 0xAD54, 0x9CD2, 0xAD75, 0x9CF3, 0xAD75, 0xA534, 0xA513,
  0xB595, 0xA534, 0xAD75, 0xAD54, 0xA513, 0xA534, 0xA513, 0xA534, 0x9CF3, 0xA513, 0x9CF3, 0x8C71,
  0xAD54, 0xAD54, 0xAD54, 0xB595, 0x7BEF, 0x7BCE, 0x7BEF, 0x73AE, 0xA513, 0xA513, 0x9CF3, 0x94B2,
  0x7BCE, 0x7BCE, 0x7BCE, 0x0000, 0x0000, 0x0000, 0x0000, 0x0000, 0x0000, 0x0000, 0x0000, 0x0000,
  0x8430, 0x6B4C, 0x738D, 0x738D, 0x6B6D, 0x632C, 0x738D, 0x632C, 0x738D, 0x6B6D, 0x6B6D, 0x6B4C,
  0x738D, 0x738D, 0x6B4C, 0x8C50, 0x8C50, 0x840F, 0x8C71, 0xCE79, 0xC638, 0xCE79, 0x9CF3, 0xA534,
  0xA513, 0x94B2, 0xA534, 0xBDD6, 0xA513, 0x6B4C, 0x5AEB, 0x5AEB, 0x4A69, 0x4228, 0x52AA, 0x5289,
  0x7BCE, 0x738D, 0x8430, 0x8C71, 0xB5B6, 0xA513, 0x94B2, 0x9491, 0x94B2, 0xAD75, 0xAD75, 0xAD54,
  0xC617, 0xAD54, 0x8C50, 0x94B2, 0x8C71, 0x8C71, 0x94B2, 0x9491, 0x9491, 0x9CD2, 0xC638, 0xC638,
  0xA534, 0xB5B6, 0xC617, 0xBDF7, 0xBDD6, 0xB595, 0xB595, 0xBDF7, 0xB595, 0xBDF7, 0xBDF7, 0xB5B6,
  0xBDD6, 0xAD54, 0xBDD6, 0xB595, 0xAD75, 0xAD54, 0xAD75, 0xAD75, 0xA513, 0xAD54, 0xA534, 0x9CF3,
  0xA513, 0xA513, 0xA513, 0x9CF3, 0xAD75, 0xAD54, 0xAD75, 0xAD75, 0xAD54, 0xA513, 0xA513, 0xAD54,
  0xA534, 0xAD75, 0xA513, 0xAD54, 0xAD75, 0xA513, 0x9CF3, 0x94B2, 0x8C71, 0xBDD6, 0xA534, 0xAD54,
  0xA534, 0xAD54, 0xAD75, 0x9CF3, 0xA534, 0xA513, 0xA513, 0x8430, 0x8430, 0x7BCE, 0x7BEF, 0x738D,
  0x0000, 0x0000, 0x0000, 0x0000, 0x0000, 0x0000, 0x0000, 0x0000, 0x840F, 0x6B6D, 0x630B, 0x630B,
  0x738D, 0x6B6D, 0x5AEB, 0x630B, 0x6B4C, 0x6B4C, 0x5AEB, 0x632C, 0x6B6D, 0x738D, 0x7BCE, 0x73AE,
  0x73AE, 0x840F, 0x8C71, 0x94B2, 0xCE58, 0xCE58, 0xAD75, 0x9CF3, 0xA534, 0xAD75, 0xA534, 0xBDD6,
  0xA513, 0x94B2, 0x6B6D, 0x6B4C, 0x5ACA, 0x5289, 0x5AEB, 0x840F, 0x7BEF, 0x7BCE, 0x8C50, 0x9CF3,
  0x9CD2, 0x840F, 0x94B2, 0x94B2, 0x8C71, 0x94B2, 0x8C50, 0x8C50, 0x94B2, 0xB5B6, 0xAD54, 0x8C50,
  0x8430, 0x94B2, 0x9CD2, 0x9CF3, 0xBDD6, 0xB5B6, 0xBDD6, 0xAD54, 0xAD75, 0xBDF7, 0xB5B6, 0xC617,
  0xBDD6, 0xB5B6, 0xC617, 0xC617, 0xC617, 0xC617, 0xBDD6, 0xBDD6, 0xB595, 0xB5B6, 0xB595, 0xAD75,
  0xAD75, 0xA534, 0xA534, 0xB5B6, 0xA534, 0xA513, 0x9CF3, 0x9CF3, 0xAD75, 0xAD54, 0xAD75, 0xA513,
  0x9CF3, 0xA513, 0xAD54, 0xA513, 0xAD75, 0xAD54, 0xB5B6, 0xAD75, 0xAD75, 0xA513, 0xAD75, 0xA534,
  0xA534, 0xAD75, 0xA513, 0x9CD2, 0x9491, 0x9CD2, 0x9CF3, 0x8C50, 0xB595, 0xAD54, 0xAD75, 0x9CF3,
  0x840F, 0x9491, 0x8C50, 0x8C50, 0x8430, 0x7BEF, 0x7BEF, 0x7BCE, 0x0000, 0x0000, 0x0000, 0x0000,
  0x0000, 0x0000, 0x0000, 0x0000, 0x630B, 0x738D, 0x738D, 0x6B4C, 0x630B, 0x5AEB, 0x6B4C, 0x5AEB,
  0x6B6D, 0x5ACA, 0x5AEB, 0x6B4C, 0x738D, 0x738D, 0x6B6D, 0x7BCE, 0x6B6D, 0x738D, 0x8430, 0x7BCE,
  0xBDD6, 0xBDD6, 0xB595, 0x9CD2, 0xAD54, 0xA534, 0x9CF3, 0xC617, 0xAD54, 0x73AE, 0x8430, 0x8C50,
  0x840F, 0x73AE, 0x738D, 0x840F, 0x840F, 0x7BEF, 0x7BCE, 0x9CF3, 0x8430, 0x7BCE, 0x840F, 0x8C71,
  0x840F, 0x8C50, 0x7BCE, 0x94B2, 0x8C50, 0xAD75, 0xC617, 0xA534, 0xB595, 0xAD75, 0xA534, 0xAD75,
  0xAD75, 0xA534, 0xA534, 0xAD54, 0xAD75, 0xB595, 0xB5B6, 0xB5B6, 0xB5B6, 0xC617, 0xBDD6, 0xBDD6,
  0xBDD6, 0xBDF7, 0xB5B6, 0xB595, 0xBDF7, 0xBDF7, 0xAD75, 0xB595, 0xAD54, 0xAD54, 0xB5B6, 0xA534,
  0xB5B6, 0xAD75, 0xB595, 0xAD54, 0xAD54, 0xA534, 0xA534, 0xAD75, 0xB595, 0xA513, 0xAD75, 0xA534,
  0xA534, 0xA534, 0xB5B6, 0xAD75, 0xAD54, 0xA513, 0xAD75, 0xAD75, 0xA534, 0xA513, 0xA513, 0xAD54,
  0xA513, 0x94B2, 0xA513, 0x8C71, 0x9CD2, 0x8C71, 0x94B2, 0x8C71, 0x8430, 0x8C71, 0x8430, 0x8430,
  0x94B2, 0x8430, 0x8C50, 0x7BEF, 0x0000, 0x0000, 0x0000, 0x0000, 0x0000, 0x0000, 0x0000, 0x8C50,
  0x6B4C, 0x6B4C, 0x632C, 0x6B4C, 0x6B6D, 0x5AEB, 0x632C, 0x5AEB, 0x632C, 0x6B4C, 0x5ACA, 0x630B,
  0x5AEB, 0x630B, 0x6B6D, 0x73AE, 0x7BEF, 0x7BEF, 0x8430, 0x8C71, 0xB5B6, 0xB5B6, 0xC617, 0x9CF3,
  0x9CF3, 0xAD75, 0x9CF3, 0x94B2, 0xA534, 0xA534, 0x7BCE, 0x7BCE, 0x7BCE, 0x632C, 0x632C, 0x7BCE,
  0x7BCE, 0x6B6D, 0x94B2, 0x8C50, 0x840F, 0x7BEF, 0x738D, 0x840F, 0x7BEF, 0x7BEF, 0x94B2, 0x94B2,
  0x94B2, 0x9CD2, 0xC617, 0xBDF7, 0xA513, 0xA534, 0xA534, 0x94B2, 0x9CF3, 0x9CF3, 0xAD54, 0xBDD6,
  0xBDD6, 0xBDD6, 0xAD75, 0xAD75, 0xB595, 0xB5B6, 0xB5B6, 0xB5B6, 0xC617, 0xBDF7, 0xBDF7, 0xB5B6,
  0xBDF7, 0xB5B6, 0xB595, 0xAD54, 0xB595, 0xAD54, 0xBDD6, 0xB5B6, 0xAD75, 0xA534, 0xAD54, 0xA513,
  0xAD54, 0xA534, 0xAD75, 0xAD75, 0xAD54, 0xA534, 0xB595, 0xB5B6, 0xAD54, 0xB595, 0xAD54, 0xB5B6,
  0xA534, 0xAD54, 0xAD75, 0xA513, 0xA534, 0xA513, 0xB595, 0xA513, 0x9CD2, 0xA513, 0xA513, 0x9CD2,
  0x9491, 0x9CF3, 0x9491, 0x9CD2, 0x94B2, 0x8C50, 0x9491, 0x8C50, 0x8C71, 0x8C50, 0x840F, 0x840F,
  0x738D, 0x0000, 0x0000, 0x0000, 0x0000, 0x0000, 0x0000, 0x8C50, 0x6B6D, 0x738D, 0x6B4C, 0x6B6D,
  0x5ACA, 0x6B4C, 0x5ACA, 0x632C, 0x52AA, 0x52AA, 0x52AA, 0x52AA, 0x5ACA, 0x630B, 0x738D, 0x6B4C,
  0x738D, 0x7BCE, 0x8C50, 0x8C50, 0x9491, 0xC617, 0xC638, 0xA513, 0xA513, 0x9CD2, 0x9CD2, 0x9CF3,
  0x94B2, 0xB595, 0xA534, 0xBDF7, 0x9CD2, 0x8C71, 0x8C50, 0x94B2, 0xD6BA, 0xAD75, 0xA513, 0x8C50,
  0x7BCE, 0x6B6D, 0x738D, 0x7BCE, 0x9491, 0x8430, 0x8C71, 0x8430, 0x7BEF, 0x7BCE, 0x840F, 0x8430,
  0xAD54, 0xAD54, 0xAD54, 0xB595, 0xAD54, 0xAD54, 0xA534, 0xB595, 0xBDD6, 0xB595, 0xBDD6, 0xAD75,
  0xC617, 0xBDF7, 0xBDF7, 0xBDD6, 0xC617, 0xB5B6, 0xC617, 0xB5B6, 0xB595, 0xBDF7, 0xB595, 0xBDD6,
  0xB595, 0xB595, 0xAD75, 0xB595, 0xAD54, 0xB595, 0xAD75, 0xAD75, 0xA534, 0xB5B6, 0xB595, 0xB5B6,
  0xBDD6, 0xBDD6, 0xB595, 0xA534, 0xAD54, 0xB5B6, 0xAD54, 0xB595, 0xAD54, 0xA534, 0xA534, 0xAD54,
  0xA534, 0xA534, 0xAD54, 0xAD54, 0x9CF3, 0x9CF3, 0xA513, 0x9CD2, 0x9CF3, 0xA534, 0x9CD2, 0x9CD2,
  0x9CD2, 0x94B2, 0x9CD2, 0x94B2, 0x8430, 0x840F, 0x7BEF, 0x8C50, 0x73AE, 0x0000, 0x0000, 0x0000,
  0x0000, 0x0000, 0x0000, 0x6B4C, 0x630B, 0x6B4C, 0x738D, 0x6B4C, 0x632C, 0x5289, 0x5AEB, 0x52AA,
  0x5AEB, 0x630B, 0x5289, 0x52AA, 0x632C, 0x632C, 0x738D, 0x738D, 0x738D, 0x73AE, 0x7BEF, 0x9491,
  0x94B2, 0xC617, 0xBDD6, 0x9491, 0xA513, 0x94B2, 0x9CF3, 0x9CD2, 0x8C71, 0xB5B6, 0xA513, 0xBDF7,
  0xC617, 0xC638, 0xCE79, 0xCE79, 0xB5B6, 0x8C50, 0x94B2, 0x9491, 0x8C71, 0x7BCE, 0x73AE, 0x7BEF,
  0x7BEF, 0x6B4C, 0x632C, 0x6B4C, 0x632C, 0x6B4C, 0x7BCE, 0x8C71, 0x8C71, 0x9CD2, 0xB595, 0xAD54,
  0xBDF7, 0xB595, 0xA534, 0xA534, 0xA534, 0xB5B6, 0xAD54, 0xBDF7, 0xBDF7, 0xC617, 0xC617, 0xBDF7,
  0xC617, 0xBDD6, 0xC617, 0xC617, 0xB595, 0xBDD6, 0xBDD6, 0xBDF7, 0xB5B6, 0xAD75, 0xBDD6, 0xB595,
  0xBDD6, 0xB5B6, 0xB5B6, 0xAD54, 0xB595, 0xAD75, 0xB5B6, 0xAD54, 0xB5B6, 0xB5B6, 0xAD75, 0xAD54,
  0xA534, 0xB5B6, 0xB595, 0xAD54, 0xA513, 0xAD54, 0xAD54, 0xAD54, 0xAD75, 0xAD75, 0xA534, 0xAD75,
  0xAD75, 0x9CF3, 0xA534, 0x9CD2, 0xA513, 0x94B2, 0xA513, 0x9CD2, 0x9CD2, 0x9CF3, 0x8C50, 0x94B2,
  0x9491, 0x9491, 0x8C71, 0x8C50, 0x7BCE, 0x0000, 0x0000, 0x0000, 0x0000, 0x0000, 0x8C71, 0x738D,
  0x632C, 0x6B6D, 0x6B6D, 0x5AEB, 0x632C, 0x630B, 0x52AA, 0x5AEB, 0x630B, 0x4A69, 0x5289, 0x5AEB,
  0x5ACA, 0x6B4C, 0x738D, 0x6B4C, 0x6B6D, 0x7BEF, 0x840F, 0x7BEF, 0x8430, 0xBDD6, 0xC617, 0x9CF3,
  0x9CD2, 0x94B2, 0x94B2, 0xBDF7, 0xBDF7, 0xB595, 0xAD54, 0xA513, 0x9CD2, 0xA534, 0xAD75, 0xB595,
  0x9CF3, 0x9CD2, 0x9491, 0x840F, 0x8430, 0x8430, 0x8C50, 0x9491, 0x5ACA, 0x5289, 0x52AA, 0x630B,
  0x630B, 0x630B, 0x6B4C, 0x7BCE, 0x8430, 0x8430, 0x9491, 0x9CD2, 0xAD54, 0xBDD6, 0xB595, 0xA534,
  0xAD75, 0xB5B6, 0xB595, 0xB5B6, 0xB5B6, 0xC617, 0xB5B6, 0xC617, 0xC617, 0xBDD6, 0xC617, 0xC617,
  0xBDD6, 0xBDF7, 0xC617, 0xBDD6, 0xB595, 0xBDD6, 0xB5B6, 0xAD75, 0xBDD6, 0xAD75, 0xBDD6, 0xAD75,
  0xB595, 0xA534, 0xB5B6, 0xB595, 0xA534, 0xB595, 0xB5B6, 0xA534, 0xAD54, 0xAD75, 0xA534, 0xB595,
  0xAD54, 0xA534, 0xAD54, 0xAD75, 0xAD75, 0xAD54, 0xA513, 0xAD75, 0xA513, 0x9CF3, 0xAD54, 0x9CF3,
  0x94B2, 0x9CF3, 0x9CD2, 0x9CD2, 0x9CD2, 0x9491, 0x9CF3, 0x8C71, 0x8C71, 0x8430, 0x8C50, 0x8C50,
  0x7BEF, 0x7BCE, 0x0000, 0x0000, 0x0000, 0x0000, 0x8C50, 0x9491, 0x630B, 0x6B4C, 0x5AEB, 0x738D,
  0x5289, 0x4A48, 0x52AA, 0x52AA, 0x52AA, 0x52AA, 0x5ACA, 0x5AEB, 0x632C, 0x6B6D, 0x6B4C, 0x738D,
  0x6B6D, 0x73AE, 0x840F, 0x8C71, 0x8C50, 0xB595, 0xBDD6, 0x9CF3, 0x9491, 0x94B2, 0xB595, 0xC617,
  0xBDF7, 0xBDF7, 0xBDF7, 0x8C50, 0x8430, 0x7BCE, 0x8C71, 0x7BEF, 0x6B6D, 0x632C, 0x632C, 0x6B4C,
  0x8430, 0x8430, 0x8430, 0x840F, 0x632C, 0x4A69, 0x5289, 0x4A69, 0x5289, 0x5ACA, 0x6B4C, 0x840F,
  0x8430, 0x73AE, 0x9CD2, 0xA513, 0x94B2, 0xB595, 0xAD75, 0xC617, 0xB595, 0xAD54, 0xB595, 0xC617,
  0xAD75, 0xB595, 0xBDF7, 0xB5B6, 0xC617, 0xB5B6, 0xBDF7, 0xBDD6, 0xBDF7, 0xB5B6, 0xC638, 0xB595,
  0xC617, 0xC617, 0xC617, 0xAD75, 0xBDF7, 0xB5B6, 0xAD54, 0xAD75, 0xB595, 0xA534, 0xAD54, 0xA534,
  0xAD75, 0xA534, 0x9CD2, 0xA513, 0xA534, 0xB595, 0xB5B6, 0xBDD6, 0xBDF7, 0xAD75, 0xAD75, 0xAD54,
  0x9CF3, 0x9CF3, 0xA513, 0xA534, 0x9CF3, 0xAD54, 0xAD75, 0xA534, 0x9CD2, 0x9CF3, 0x94B2, 0x94B2,
  0x94B2, 0x9491, 0x9CF3, 0x94B2, 0x94B2, 0x94B2, 0x8C50, 0x840F, 0x8C71, 0x73AE, 0x0000, 0x0000,
  0x0000, 0x0000, 0x9491, 0x8C50, 0x738D, 0x6B6D, 0x738D, 0x632C, 0x5ACA, 0x4A69, 0x5289, 0x4A48,
  0x4228, 0x632C, 0x5289, 0x630B, 0x6B4C, 0x630B, 0x6B4C, 0x7BCE, 0x840F, 0x7BCE, 0x7BCE, 0x8430,
  0x8C50, 0xB595, 0xAD75, 0x94B2, 0x8C71, 0xAD75, 0xC617, 0xBDF7, 0xAD75, 0x840F, 0x7BEF, 0x8C50,
  0x8430, 0x7BCE, 0x7BEF, 0x7BEF, 0x6B6D, 0x6B4C, 0x6B4C, 0x5ACA, 0x632C, 0x6B4C, 0x8C71, 0x738D,
  0x5ACA, 0x632C, 0x4228, 0x52AA, 0x5ACA, 0x5AEB, 0x5289, 0x6B6D, 0x738D, 0x7BCE, 0x9491, 0x9491,
  0x94B2, 0x9CF3, 0xC617, 0xB595, 0xB595, 0xB595, 0xAD54, 0xB595, 0xB5B6, 0xC617, 0xC617, 0xB5B6,
  0xBDD6, 0xBDD6, 0xC617, 0xB5B6, 0xB5B6, 0xB595, 0xBDD6, 0xB595, 0xBDF7, 0xBDD6, 0xB5B6, 0xBDF7,
  0xB5B6, 0xB595, 0xAD75, 0xA513, 0xC617, 0xCE79, 0xD699, 0xC638, 0xCE58, 0xBDF7, 0xA534, 0xA534,
  0xB5B6, 0xB595, 0xBDD6, 0xBDD6, 0xBDD6, 0xBDF7, 0xAD75, 0xAD75, 0xAD75, 0xAD75, 0x9CF3, 0xA534,
  0xA513, 0xA534, 0xA534, 0xA513, 0xAD54, 0x9CD2, 0xA534, 0xA534, 0x94B2, 0x9491, 0x9CD2, 0x9491,
  0x94B2, 0x8C50, 0x840F, 0x8C50, 0x8C71, 0x8430, 0x0000, 0x0000, 0x0000, 0x0000, 0x840F, 0x9CD2,
  0x738D, 0x738D, 0x73AE, 0x52AA, 0x5289, 0x4228, 0x39E7, 0x4228, 0x4A48, 0x52AA, 0x5ACA, 0x5AEB,
  0x632C, 0x6B6D, 0x738D, 0x7BCE, 0x840F, 0x7BCE, 0x8C50, 0x9491, 0xB5B6, 0xBDD6, 0xBDD6, 0x9CD2,
  0xB5B6, 0xBDF7, 0xC617, 0xBDF7, 0x9491, 0x8C71, 0x7BEF, 0x8430, 0x840F, 0x7BEF, 0x8430, 0x7BCE,
  0x632C, 0x6B6D, 0x5AEB, 0x52AA, 0x5AEB, 0x5AEB, 0x5AEB, 0x6B6D, 0x6B4C, 0x632C, 0x5AEB, 0x5289,
  0x5289, 0x5289, 0x5AEB, 0x738D, 0x6B6D, 0x6B4C, 0x8C71, 0x9491, 0x94B2, 0x9491, 0xB595, 0xB595,
  0xAD54, 0xA513, 0xB595, 0xAD75, 0xB595, 0xBDD6, 0xBDD6, 0xBDF7, 0xB595, 0xB5B6, 0xC638, 0xC617,
  0xBDD6, 0xBDD6, 0xBDF7, 0xB5B6, 0xBDD6, 0xBDF7, 0xC617, 0xAD54, 0xA534, 0xA534, 0xC617, 0xD6BA,
  0xC638, 0xC617, 0xCE58, 0xC638, 0xC617, 0xC638, 0xCE79, 0xC638, 0xA513, 0xAD54, 0x94B2, 0xA534,
  0x9CF3, 0x9CF3, 0x9CF3, 0xBDF7, 0xB5B6, 0xAD54, 0xB5B6, 0x9CD2, 0xA534, 0xA513, 0x9CF3, 0xAD54,
  0xAD54, 0x9CF3, 0x9CF3, 0xA534, 0x9CF3, 0x9CD2, 0x9CF3, 0x9CF3, 0x9491, 0x9CD2, 0x8C71, 0x840F,
  0x8430, 0x73AE, 0x0000, 0x0000, 0x0000, 0x8430, 0x9491, 0x8C50, 0x6B6D, 0x6B4C, 0x6B6D, 0x5ACA,
  0x5ACA, 0x52AA, 0x4228, 0x52AA, 0x4A69, 0x5ACA, 0x5ACA, 0x632C, 0x6B4C, 0x6B4C, 0x6B4C, 0x738D,
  0x7BEF, 0x8C50, 0x7BEF, 0x8430, 0xB595, 0xBDD6, 0xAD54, 0xBDD6, 0xBDD6, 0xB5B6, 0xBDD6, 0x840F,
  0x8430, 0x8430, 0x7BCE, 0x840F, 0x738D, 0x6B6D, 0x7BEF, 0x7BCE, 0x5AEB, 0x630B, 0x5AEB, 0x630B,
  0x6B4C, 0x630B, 0x4A48, 0x52AA, 0x6B4C, 0x632C, 0x52AA, 0x5289, 0x52AA, 0x4A48, 0x5ACA, 0x6B4C,
  0x7BCE, 0x73AE, 0x94B2, 0x9491, 0x8C50, 0x94B2, 0xB5B6, 0xAD75, 0xB5B6, 0xA513, 0xB5B6, 0xB5B6,
  0xC617, 0xC617, 0xBDF7, 0xBDD6, 0xB595, 0xBDF7, 0xC638, 0xBDF7, 0xBDF7, 0xC638, 0xB595, 0xB5B6,
  0xBDF7, 0xB5B6, 0xBDD6, 0xAD75, 0xA534, 0xCE79, 0xCE58, 0xD699, 0x9CD2, 0x8C50, 0x8C50, 0x9491,
  0x94B2, 0x8C71, 0xD6BA, 0xDEDA, 0xBDD6, 0xAD54, 0x8C50, 0x9CF3, 0x94B2, 0xA513, 0x9CF3, 0xA534,
  0x9CF3, 0xAD54, 0xAD75, 0xA534, 0x9CF3, 0xA513, 0xA513, 0xAD54, 0xA513, 0x9CD2, 0x9CD2, 0xA513,
  0x9CD2, 0x94B2, 0x9CD2, 0x9491, 0x9CF3, 0x8C71, 0x8C71, 0x8C50, 0x8430, 0x840F, 0x7BEF, 0x0000,
  0x0000, 0x6B4C, 0x9491, 0x9491, 0xA513, 0x6B6D, 0x632C, 0x73AE, 0x630B, 0x5AEB, 0x5AEB, 0x52AA,
  0x5289, 0x73AE, 0x632C, 0x738D, 0x6B6D, 0x7BCE, 0x738D, 0x738D, 0x73AE, 0x8C50, 0x8C50, 0x8C50,
  0xB595, 0xBDD6, 0x9491, 0xB595, 0xAD75, 0xBDD6, 0x8430, 0x9491, 0x8C50, 0x8430, 0x7BEF, 0x73AE,
  0x73AE, 0x73AE, 0x632C, 0x7BEF, 0x738D, 0x632C, 0x52AA, 0x6B4C, 0x5AEB, 0x4A69, 0x52AA, 0x4A48,
  0x4A69, 0x5ACA, 0x5289, 0x5289, 0x4228, 0x52AA, 0x630B, 0x73AE, 0x6B4C, 0x73AE, 0x9491, 0x840F,
  0x8C50, 0x9CF3, 0xA513, 0xB5B6, 0xB5B6, 0xAD54, 0xB595, 0xAD54, 0xBDF7, 0xBDF7, 0xB5B6, 0xC638,
  0xC617, 0xBDD6, 0xBDF7, 0xBDF7, 0xBDF7, 0xBDD6, 0xC617, 0xBDD6, 0xC617, 0xB595, 0xB5B6, 0xAD54,
  0xC638, 0xC638, 0xD699, 0x8C71, 0x94B2, 0x8C50, 0x8C71, 0x840F, 0x8C50, 0x8C50, 0x9CD2, 0x7BEF,
  0xAD75, 0xB595, 0x9491, 0x8C71, 0x9CF3, 0x9CD2, 0xA513, 0x9CF3, 0xA513, 0x94B2, 0xBDD6, 0xBDD6,
  0xAD54, 0x9CD2, 0xA534, 0xA534, 0xA513, 0xA534, 0xA534, 0x9CD2, 0x9CD2, 0x9CD2, 0x9CF3, 0x8C71,
  0x9CF3, 0x9CD2, 0x94B2, 0x8C71, 0x8430, 0x7BCE, 0x7BEF, 0x0000, 0x0000, 0x6B4C, 0x8C71, 0x9491,
  0xA513, 0x7BEF, 0x738D, 0x7BCE, 0x73AE, 0x632C, 0x630B, 0x630B, 0x738D, 0x632C, 0x6B6D, 0x6B4C,
  0x73AE, 0x6B6D, 0x7BEF, 0x840F, 0x7BEF, 0x7BEF, 0x8C50, 0xBDF7, 0xAD75, 0xB595, 0xAD75, 0xAD54,
  0xAD75, 0xB595, 0x8430, 0x840F, 0x8430, 0x73AE, 0x73AE, 0x73AE, 0x73AE, 0x6B4C, 0x630B, 0x73AE,
  0x6B6D, 0x52AA, 0x5ACA, 0x6B4C, 0x630B, 0x4A48, 0x5289, 0x5289, 0x52AA, 0x738D, 0x6B6D, 0x738D,
  0x5ACA, 0x4228, 0x632C, 0x5AEB, 0x632C, 0x7BEF, 0x8C50, 0x8430, 0x8C71, 0x9CD2, 0x9CF3, 0xB595,
  0xBDD6, 0xB595, 0xAD75, 0xB5B6, 0xBDF7, 0xBDD6, 0xBDD6, 0xBDF7, 0xBDF7, 0xC617, 0xBDF7, 0xB595,
  0xBDD6, 0xB595, 0xC617, 0xC617, 0xB5B6, 0xB595, 0xAD75, 0xC617, 0xC617, 0xC617, 0x8C50, 0x94B2,
  0x8C50, 0x7BEF, 0x840F, 0x8C50, 0x9491, 0x9491, 0x8430, 0x7BCE, 0x7BCE, 0xA534, 0xA513, 0x9491,
  0x9491, 0x9491, 0x94B2, 0x9CD2, 0x9491, 0x9491, 0xA513, 0xAD75, 0xAD54, 0xB595, 0xA513, 0x9CF3,
  0xAD54, 0x9CD2, 0x94B2, 0x94B2, 0x9CD2, 0x9491, 0x9CF3, 0x9CF3, 0x94B2, 0x8C50, 0x9491, 0x8430,
  0x8430, 0x8430, 0x8430, 0x0000, 0x0000, 0x7BEF, 0x6B6D, 0x9491, 0x94B2, 0x94B2, 0x7BCE, 0x7BCE,
  0x6B4C, 0x8430, 0x7BCE, 0x840F, 0x73AE, 0x7BCE, 0x7BCE, 0x7BCE, 0x7BCE, 0x73AE, 0x73AE, 0x8C50,
  0x8C71, 0x840F, 0xB5B6, 0xB5B6, 0xAD75, 0x8C50, 0xAD54, 0xB5B6, 0xB595, 0x94B2, 0x7BEF, 0x8C50,
  0x8C50, 0x7BCE, 0x73AE, 0x6B4C, 0x738D, 0x73AE, 0x5AEB, 0x5AEB, 0x632C, 0x6B6D, 0x5289, 0x5289,
  0x5289, 0x5ACA, 0x630B, 0x52AA, 0x52AA, 0x632C, 0x738D, 0x6B4C, 0x73AE, 0x632C, 0x738D, 0x632C,
  0x7BEF, 0x7BEF, 0x8430, 0x840F, 0x94B2, 0x8C71, 0x9CD2, 0xB595, 0xBDD6, 0xAD54, 0xB5B6, 0xBDD6,
  0xB5B6, 0xBDF7, 0xBDF7, 0xB595, 0xBDF7, 0xB5B6, 0xB5B6, 0xC617, 0xBDD6, 0xBDD6, 0xBDD6, 0xB5B6,
  0xB595, 0xC617, 0xBDD6, 0xE71B, 0xDEFB, 0x9CD2, 0x840F, 0x8430, 0x8C50, 0x8430, 0x840F, 0x8C50,
  0x840F, 0x7BCE, 0x73AE, 0x73AE, 0x7BEF, 0x7BCE, 0xAD54, 0xA534, 0x8C50, 0x8C71, 0x9CD2, 0x9491,
  0x9491, 0x8C71, 0x94B2, 0xA513, 0xB595, 0xAD75, 0x94B2, 0x9CF3, 0x9CD2, 0xA534, 0x9CD2, 0x9CD2,
  0x9CF3, 0x9CD2, 0x94B2, 0x9CF3, 0x9CD2, 0x9CD2, 0x94B2, 0x8430, 0x8430, 0x840F, 0x840F, 0x0000,
  0x0000, 0x7BCE, 0x7BEF, 0xA513, 0x9CF3, 0xA513, 0xAD54, 0x73AE, 0x738D, 0x7BCE, 0x738D, 0x73AE,
  0x73AE, 0x73AE, 0x73AE, 0x7BEF, 0x7BEF, 0x7BEF, 0x7BEF, 0x7BEF, 0x9491, 0xB5B6, 0xB595, 0xBDD6,
  0xB5B6, 0x8C71, 0xBDD6, 0xAD75, 0xBDD6, 0x8430, 0x7BEF, 0x7BCE, 0x7BCE, 0x73AE, 0x738D, 0x6B6D,
  0x632C, 0x6B4C, 0x6B4C, 0x632C, 0x632C, 0x6B6D, 0x5AEB, 0x632C, 0x6B6D, 0x632C, 0x5AEB, 0x52AA,
  0x39E7, 0x5289, 0x6B6D, 0x8430, 0x8C71, 0x6B4C, 0x7BCE, 0x8430, 0x73AE, 0x73AE, 0x8C50, 0x840F,
  0x9491, 0x94B2, 0xA534, 0xBDF7, 0xB595, 0xAD75, 0xB5B6, 0xB5B6, 0xB595, 0xBDF7, 0xB595, 0xC617,
  0xBDD6, 0xC617, 0xBDD6, 0xC617, 0xB595, 0xBDD6, 0xBDD6, 0xBDD6, 0xBDF7, 0x8C71, 0xB595, 0xAD54,
  0x7BCE, 0x7BEF, 0x94B2, 0x8430, 0x7BCE, 0x6B6D, 0x6B4C, 0x840F, 0x8430, 0x6B4C, 0x738D, 0x6B6D,
  0x7BEF, 0x73AE, 0x9CF3, 0xAD75, 0x8C71, 0x8C50, 0x8C50, 0x8C71, 0x94B2, 0x9CF3, 0x94B2, 0x9CF3,
  0xB595, 0xB595, 0x9CF3, 0x9CF3, 0x9491, 0x94B2, 0x9491, 0x9CD2, 0x9491, 0x94B2, 0x8C71, 0x9CF3,
  0x9491, 0x9CD2, 0x9CD2, 0x8C50, 0x8C71, 0x8C50, 0x8430, 0x0000, 0x0000, 0x73AE, 0x840F, 0x73AE,
  0x9491, 0x94B2, 0x9CD2, 0xAD54, 0x73AE, 0x8430, 0x73AE, 0x8430, 0x7BCE, 0x840F, 0x8430, 0x7BEF,
  0x7BCE, 0x8430, 0x8430, 0x8C71, 0xBDD6, 0xB595, 0xBDF7, 0xBDD6, 0x8C71, 0xBDF7, 0xBDF7, 0xBDF7,
  0x9491, 0x840F, 0x7BEF, 0x840F, 0x7BEF, 0x73AE, 0x738D, 0x6B4C, 0x632C, 0x6B6D, 0x5AEB, 0x5ACA,
  0x5ACA, 0x52AA, 0x5AEB, 0x73AE, 0x840F, 0x840F, 0x5289, 0x39E7, 0x4A48, 0x52AA, 0x5289, 0x840F,
  0x7BEF, 0x7BCE, 0x7BCE, 0x8430, 0x7BCE, 0x738D, 0x7BEF, 0x8430, 0x8C50, 0x94B2, 0x9CF3, 0xB595,
  0xB595, 0xAD54, 0xAD75, 0xB5B6, 0xAD75, 0xB595, 0xAD75, 0xBDF7, 0xBDD6, 0xBDD6, 0xB595, 0xB595,
  0xAD75, 0xBDF7, 0xB595, 0xCE79, 0xA513, 0x9491, 0x9CD2, 0xA513, 0x7BCE, 0x738D, 0x8430, 0x6B6D,
  0x7BCE, 0x6B6D, 0x73AE, 0x6B6D, 0x738D, 0x632C, 0x6B4C, 0x632C, 0x6B4C, 0x7BEF, 0xA534, 0xA534,
  0x840F, 0x840F, 0x8430, 0x9CD2, 0x8C71, 0x8C71, 0x8C71, 0x8C71, 0x9CD2, 0xAD75, 0xAD54, 0x9CF3,
  0xA513, 0x8C71, 0x9CF3, 0x9CD2, 0x8C71, 0x94B2, 0x9491, 0x9491, 0x8C71, 0x8C71, 0x8C71, 0x9491,
  0x9491, 0x7BEF, 0x7BEF, 0x0000, 0x73AE, 0x840F, 0x7BEF, 0x8430, 0x7BCE, 0xA513, 0xAD54, 0xAD75,
  0xA534, 0xA513, 0xAD54, 0x7BEF, 0x8C50, 0x840F, 0x7BCE, 0x7BEF, 0x7BEF, 0x8C71, 0xB595, 0xB5B6,
  0xC617, 0xC638, 0xBDF7, 0x9CF3, 0x8C71, 0xAD75, 0xC617, 0xBDD6, 0x8C50, 0x840F, 0x840F, 0x73AE,
  0x7BEF, 0x73AE, 0x7BCE, 0x630B, 0x5AEB, 0x5AEB, 0x630B, 0x630B, 0x52AA, 0x52AA, 0x630B, 0x632C,
  0x7BEF, 0x5AEB, 0x5289, 0x5289, 0x5AEB, 0x5AEB, 0x4A48, 0x73AE, 0x6B6D, 0x6B4C, 0x52AA, 0x630B,
  0x8C50, 0x94B2, 0x8430, 0x840F, 0x9CD2, 0x94B2, 0xBDD6, 0xB5B6, 0xC617, 0xAD75, 0xAD54, 0xAD75,
  0xAD75, 0xB5B6, 0xB595, 0xAD75, 0xB5B6, 0xB5B6, 0xBDD6, 0xB595, 0xBDF7, 0xBDF7, 0xBDD6, 0xCE58,
  0x9CD2, 0x8C50, 0x8C50, 0x840F, 0x6B4C, 0x6B4C, 0x6B4C, 0x738D, 0x73AE, 0x6B6D, 0x630B, 0x6B6D,
  0x632C, 0x5ACA, 0x738D, 0x738D, 0x6B4C, 0x7BCE, 0x7BCE, 0x94B2, 0x9CF3, 0x840F, 0x8C50, 0x9491,
  0x94B2, 0x9491, 0x94B2, 0x9491, 0x9CD2, 0x9CF3, 0xAD54, 0x94B2, 0xB595, 0xB595, 0xAD75, 0x94B2,
  0x9491, 0x8C71, 0x9CD2, 0x94B2, 0x94B2, 0x8C50, 0x8430, 0x94B2, 0x8C50, 0x8C50, 0x7BEF, 0x73AE,
  0x7BCE, 0x7BEF, 0x8C50, 0x840F, 0x8430, 0x8C50, 0x8430, 0xA534, 0xAD54, 0xAD75, 0xAD75, 0xAD54,
  0xB5B6, 0xB595, 0xAD75, 0xBDF7, 0xB5B6, 0xB5B6, 0xB595, 0xB5B6, 0xBDF7, 0xBDF7, 0x9491, 0x8C71,
  0x8C71, 0xA534, 0xAD75, 0xB595, 0x840F, 0x9491, 0x8C50, 0x7BEF, 0x73AE, 0x73AE, 0x6B4C, 0x6B6D,
  0x6B6D, 0x5ACA, 0x630B, 0x4A69, 0x5ACA, 0x5ACA, 0x5ACA, 0x630B, 0x5289, 0x52AA, 0x5289, 0x4207,
  0x4228, 0x4228, 0x52AA, 0x6B4C, 0x632C, 0x73AE, 0x5AEB, 0x630B, 0x8C71, 0x9CD2, 0x94B2, 0x9491,
  0x8C71, 0xA513, 0xAD75, 0xBDD6, 0xA534, 0xA513, 0xA534, 0xBDD6, 0xAD75, 0xAD54, 0xB595, 0xBDD6,
  0xB595, 0xB595, 0xBDF7, 0xB595, 0xAD75, 0xB595, 0xAD75, 0xCE58, 0x9CD2, 0x7BEF, 0x9491, 0x94B2,
  0x632C, 0x6B6D, 0x7BCE, 0x6B6D, 0x6B4C, 0x630B, 0x6B6D, 0x5ACA, 0x52AA, 0x630B, 0x630B, 0x630B,
  0x632C, 0x6B4C, 0x7BEF, 0x9CD2, 0x9CD2, 0x840F, 0x8C50, 0x9491, 0x8C50, 0x94B2, 0x9491, 0x9491,
  0x8430, 0xC638, 0xB5B6, 0xB5B6, 0xAD75, 0xAD75, 0xB595, 0xAD54, 0xAD54, 0xAD75, 0xAD75, 0x8430,
  0x8430, 0x8430, 0x8430, 0x9491, 0x8C50, 0x840F, 0x840F, 0x738D, 0x7BEF, 0x8C50, 0x9491, 0x9491,
  0x840F, 0x8C71, 0x8C50, 0x8430, 0xA513, 0xB595, 0xB5B6, 0xAD75, 0xAD75, 0xB595, 0xAD75, 0xAD75,
  0xBDD6, 0xB5B6, 0xBDD6, 0xBDF7, 0x9CF3, 0x9CD2, 0xAD54, 0xB595, 0xAD75, 0xCE79, 0xDEDA, 0xC638,
  0x8430, 0x840F, 0x7BCE, 0x8C50, 0x7BCE, 0x7BEF, 0x73AE, 0x738D, 0x632C, 0x5AEB, 0x5289, 0x4A69,
  0x52AA, 0x6B6D, 0x6B6D, 0x52AA, 0x5ACA, 0x52AA, 0x5ACA, 0x4207, 0x4207, 0x4228, 0x4A69, 0x6B4C,
  0x6B6D, 0x6B4C, 0x52AA, 0x6B6D, 0x73AE, 0x9CD2, 0xA534, 0x840F, 0x94B2, 0xB5B6, 0xAD54, 0xAD75,
  0xAD75, 0xB595, 0xB5B6, 0xBDD6, 0xB5B6, 0xAD54, 0xB595, 0xAD54, 0xB5B6, 0xB595, 0xAD54, 0xAD75,
  0xAD75, 0xB5B6, 0xAD54, 0xAD54, 0x9491, 0x7BEF, 0x9CD2, 0x9CD2, 0x738D, 0x738D, 0x9491, 0x738D,
  0x7BCE, 0x6B4C, 0x632C, 0x630B, 0x630B, 0x632C, 0x5AEB, 0x6B6D, 0x6B6D, 0x6B6D, 0x7BEF, 0x9CF3,
  0x9CD2, 0x8C50, 0x9491, 0x94B2, 0x8C50, 0x8C71, 0x8C71, 0xB595, 0xB5B6, 0xC638, 0xC617, 0xAD75,
  0xAD75, 0xB5B6, 0xA534, 0xBDD6, 0xB595, 0xAD75, 0xB595, 0xAD54, 0xA513, 0x8430, 0x8C50, 0x8C50,
  0x840F, 0x840F, 0x8C50, 0x7BEF, 0x7BCE, 0x840F, 0x9491, 0x9491, 0x8C71, 0x8430, 0x8430, 0x8430,
  0x9491, 0x8C50, 0x94B2, 0xA534, 0xAD75, 0xB595, 0xBDD6, 0xB595, 0xB5B6, 0x9CF3, 0xA513, 0x9491,
  0x9CD2, 0xAD75, 0xB5B6, 0x8430, 0x7BEF, 0x94B2, 0xAD54, 0xAD54, 0x94B2, 0x840F, 0x840F, 0x73AE,
  0x840F, 0x7BCE, 0x6B4C, 0x73AE, 0x6B6D, 0x6B4C, 0x52AA, 0x5289, 0x630B, 0x630B, 0x6B6D, 0x4A69,
  0x5ACA, 0x5289, 0x4A69, 0x52AA, 0x4A69, 0x4207, 0x4228, 0x632C, 0x7BCE, 0x7BEF, 0x632C, 0x5AEB,
  0x632C, 0xA534, 0x9CD2, 0x94B2, 0xA534, 0xB5B6, 0xAD75, 0xAD54, 0xAD75, 0xAD54, 0xAD75, 0xB595,
  0xAD75, 0xB595, 0xB595, 0xB5B6, 0xBDD6, 0xB5B6, 0xAD75, 0xB5B6, 0xAD54, 0xAD75, 0xB5B6, 0xB5B6,
  0xB595, 0x9491, 0xA534, 0xAD54, 0x840F, 0x8C71, 0x840F, 0x840F, 0x73AE, 0x6B4C, 0x630B, 0x6B4C,
  0x738D, 0x6B4C, 0x630B, 0x738D, 0x7BCE, 0x73AE, 0x9CF3, 0x9CD2, 0x7BCE, 0x8430, 0x9491, 0x8C71,
  0x8C50, 0xA534, 0x9CF3, 0xAD54, 0xBDD6, 0xC617, 0xC638, 0x840F, 0x8C71, 0x840F, 0x7BEF, 0x8C50,
  0x7BEF, 0xAD75, 0xA534, 0xB595, 0xAD54, 0x9CD2, 0x7BEF, 0x8C71, 0x8C50, 0x7BEF, 0x840F, 0x7BCE,
  0x8430, 0x7BEF, 0x8430, 0x8C71, 0x8C50, 0x94B2, 0x9491, 0x9491, 0x8C50, 0x8C71, 0x8C71, 0x9CD2,
  0x9491, 0x9CD2, 0x9491, 0x9CF3, 0x9491, 0x9CF3, 0x94B2, 0x9CF3, 0xAD54, 0xB5B6, 0x8C50, 0x7BEF,
  0x7BEF, 0x9CD2, 0x94B2, 0xA534, 0x8430, 0x94B2, 0x73AE, 0x7BCE, 0x7BCE, 0x6B6D, 0x73AE, 0x738D,
  0x6B6D, 0x630B, 0x5ACA, 0x632C, 0x5ACA, 0x73AE, 0x73AE, 0x52AA, 0x4A48, 0x4A69, 0x5AEB, 0x630B,
  0x5ACA, 0x52AA, 0x52AA, 0x5AEB, 0x632C, 0x6B6D, 0x5ACA, 0x73AE, 0x7BEF, 0x7BEF, 0x9CF3, 0xC617,
  0xA513, 0xAD54, 0xAD75, 0xA513, 0xA513, 0xB595, 0xA534, 0xA534, 0xB595, 0xAD75, 0xAD54, 0xB595,
  0xB5B6, 0xB5B6, 0xAD75, 0xAD75, 0xB595, 0xB5B6, 0xB595, 0xAD75, 0xA513, 0xB595, 0xD6BA, 0xCE58,
  0x9491, 0x840F, 0x8C50, 0x840F, 0x73AE, 0x7BCE, 0x738D, 0x840F, 0x7BCE, 0x738D, 0x6B4C, 0x73AE,
  0x7BEF, 0x73AE, 0xAD54, 0xA534, 0x8430, 0x8C71, 0x8430, 0x840F, 0xA534, 0xAD75, 0xA534, 0xAD75,
  0x94B2, 0x8C71, 0x840F, 0x8430, 0x7BEF, 0x7BEF, 0x8C50, 0x8C50, 0x8430, 0x8C50, 0x8430, 0xA513,
  0xA534, 0x9CF3, 0xA534, 0x7BEF, 0x8C50, 0x840F, 0x7BEF, 0x7BEF, 0x7BEF, 0x8C50, 0x8C50, 0x8C71,
  0x8C71, 0x9CD2, 0x8C71, 0x9CD2, 0x9CF3, 0x9CF3, 0x8C71, 0x9CF3, 0xA513, 0x9CF3, 0x9CD2, 0x9CF3,
  0x94B2, 0xA534, 0x9CF3, 0xA534, 0xBDF7, 0x8C50, 0x840F, 0x840F, 0x73AE, 0x738D, 0x8C50, 0x9CD2,
  0xA513, 0x94B2, 0x8430, 0x840F, 0x7BEF, 0x840F, 0x7BEF, 0x6B4C, 0x73AE, 0x632C, 0x630B, 0x630B,
  0x52AA, 0x73AE, 0x630B, 0x5289, 0x5ACA, 0x5289, 0x5289, 0x5289, 0x5289, 0x5AEB, 0x6B4C, 0x5ACA,
  0x630B, 0x5289, 0x5289, 0x5AEB, 0x8C50, 0x8C50, 0xC617, 0xC617, 0xB595, 0xA534, 0x9CF3, 0xAD54,
  0xA513, 0xA534, 0xA513, 0xA534, 0xA513, 0xB5B6, 0xBDD6, 0xA534, 0xB5B6, 0xAD54, 0xB595, 0xAD54,
  0xAD75, 0xAD75, 0xAD75, 0xB595, 0xB595, 0xA513, 0x9CD2, 0xC617, 0xC638, 0x8C50, 0x8C50, 0x840F,
  0x8C50, 0x7BCE, 0x840F, 0x8430, 0x7BEF, 0x8430, 0x73AE, 0x738D, 0x840F, 0x7BEF, 0xAD54, 0x9CF3,
  0x8C71, 0x8C71, 0x8C50, 0x840F, 0xAD75, 0xA534, 0xAD75, 0x8430, 0x8C50, 0x8430, 0x840F, 0x8430,
  0x840F, 0x7BEF, 0x8430, 0x840F, 0x8430, 0x840F, 0x73AE, 0x840F, 0xAD75, 0x9CD2, 0x9CD2, 0xA513,
  0x7BEF, 0x7BCE, 0x8430, 0x738D, 0x73AE, 0x7BEF, 0x840F, 0x9491, 0x94B2, 0x8C50, 0x94B2, 0x9491,
  0x9CF3, 0x9CD2, 0x9CD2, 0xA513, 0x9CF3, 0x9CD2, 0x9CD2, 0xAD54, 0xA513, 0x9CF3, 0xB595, 0x9CF3,
  0xC617, 0x8C71, 0x8C50, 0x738D, 0x6B4C, 0x6B6D, 0x8430, 0x94B2, 0x94B2, 0x9491, 0x9CF3, 0x8C50,
  0x840F, 0x7BCE, 0x738D, 0x6B6D, 0x73AE, 0x6B4C, 0x630B, 0x6B4C, 0x630B, 0x738D, 0x738D, 0x5ACA,
  0x4A69, 0x52AA, 0x4A69, 0x5289, 0x52AA, 0x5289, 0x6B4C, 0x5AEB, 0x632C, 0x5ACA, 0x5AEB, 0x7BCE,
  0x73AE, 0xA513, 0xC638, 0xBDF7, 0x9CF3, 0x9CF3, 0xAD54, 0xB595, 0xA513, 0xA513, 0xA534, 0xAD54,
  0xA534, 0xA534, 0xA534, 0xB595, 0xAD54, 0xB595, 0xA534, 0xB595, 0xAD54, 0xAD75, 0xAD75, 0xA513,
  0xB5B6, 0x9CF3, 0x9CF3, 0xC638, 0xC638, 0xBDF7, 0x94B2, 0x8C50, 0x8430, 0x7BCE, 0x840F, 0x738D,
  0x7BEF, 0x7BEF, 0x6B6D, 0x738D, 0x738D, 0xA513, 0x9CD2, 0x7BEF, 0x7BEF, 0x840F, 0x8430, 0xAD54,
  0xA534, 0xAD75, 0x7BEF, 0x8C71, 0x8430, 0x7BCE, 0x7BEF, 0x7BCE, 0x7BCE, 0x73AE, 0x840F, 0x7BEF,
  0x7BEF, 0x73AE, 0x7BCE, 0x7BCE, 0x840F, 0x9CF3, 0xA534, 0x9CD2, 0x94B2, 0x8C50, 0x7BCE, 0x840F,
  0x7BCE, 0x7BEF, 0x9491, 0x840F, 0x9CD2, 0x9CF3, 0x9CF3, 0x9491, 0x9CD2, 0xA513, 0x9CD2, 0x9CF3,
  0xA513, 0xA534, 0x9CD2, 0x9CF3, 0xAD75, 0xB595, 0xA534, 0xA513, 0xB5B6, 0x9491, 0x8C50, 0x738D,
  0x7BCE, 0x632C, 0x8C71, 0x9491, 0x9CD2, 0xA534, 0x94B2, 0x8C71, 0x8430, 0x7BEF, 0x8430, 0x738D,
  0x738D, 0x738D, 0x6B6D, 0x6B4C, 0x73AE, 0x8C71, 0x840F, 0x6B6D, 0x5AEB, 0x632C, 0x630B, 0x5ACA,
  0x52AA, 0x5289, 0x5AEB, 0x6B4C, 0x5AEB, 0x5289, 0x6B4C, 0x738D, 0x8430, 0x9CF3, 0xA534, 0xAD54,
  0x9491, 0xA513, 0xAD54, 0xA513, 0xAD75, 0xAD54, 0xB595, 0xAD54, 0xA513, 0xA534, 0xAD75, 0xAD54,
  0xB595, 0xB595, 0xAD54, 0xAD75, 0xAD75, 0xA534, 0xAD75, 0xA513, 0xAD54, 0xA534, 0xAD54, 0x9CF3,
  0xCE58, 0xCE58, 0xC617, 0x8C50, 0x94B2, 0x9491, 0x8C50, 0x840F, 0x8C71, 0x7BEF, 0x8C50, 0x9CF3,
  0xC617, 0xC617, 0xA534, 0x9CD2, 0xAD54, 0x8C50, 0xA534, 0xA513, 0xAD75, 0x7BEF, 0x94B2, 0x94B2,
  0x840F, 0x7BEF, 0x7BCE, 0x840F, 0x7BEF, 0x7BEF, 0x73AE, 0x73AE, 0x73AE, 0x7BEF, 0x73AE, 0x73AE,
  0x7BEF, 0x840F, 0x9CF3, 0xA513, 0x9CF3, 0x8430, 0x840F, 0x840F, 0x840F, 0x8C71, 0x9491, 0x9491,
  0x9491, 0x9491, 0x9491, 0x9CF3, 0x94B2, 0xA534, 0xA534, 0xA534, 0x9CD2, 0x9CD2, 0xA513, 0xAD54,
  0x9CF3, 0xA534, 0xAD54, 0xA513, 0xB5B6, 0x9491, 0x840F, 0x7BEF, 0x7BCE, 0x73AE, 0x6B6D, 0x8C71,
  0x9CD2, 0xD699, 0x840F, 0x8430, 0x8C71, 0x8C50, 0x840F, 0x7BEF, 0x7BCE, 0x73AE, 0x7BEF, 0x73AE,
  0x738D, 0x8430, 0x9491, 0x630B, 0x5ACA, 0x632C, 0x630B, 0x632C, 0x738D, 0x7BEF, 0x632C, 0x632C,
  0x52AA, 0x5289, 0x632C, 0x632C, 0x73AE, 0xBDF7, 0xA534, 0x9491, 0x9CD2, 0x9CF3, 0xAD54, 0xAD75,
  0x9CD2, 0xA534, 0xAD54, 0x9CF3, 0xB595, 0xAD75, 0xA534, 0xA534, 0xAD75, 0xAD75, 0xA534, 0xA513,
  0xB595, 0xAD54, 0xB595, 0xAD54, 0xA534, 0xB595, 0xAD75, 0x9CF3, 0x9CF3, 0xCE79, 0xC638, 0xC638,
  0xBDD6, 0x9491, 0x7BCE, 0x7BCE, 0x6B6D, 0xA534, 0xE71B, 0xD6BA, 0xE71B, 0xAD54, 0xA534, 0xAD75,
  0xAD75, 0x9CF3, 0xC617, 0xAD54, 0xC617, 0x8C50, 0x8C71, 0x9491, 0x7BCE, 0x7BCE, 0x840F, 0x738D,
  0x738D, 0x6B6D, 0x6B6D, 0x6B4C, 0x6B6D, 0x73AE, 0x73AE, 0x6B6D, 0x7BEF, 0x7BEF, 0x7BCE, 0xA534,
  0x9CD2, 0x94B2, 0x840F, 0x7BEF, 0x7BEF, 0x8430, 0x8430, 0x8C50, 0x8C71, 0x9491, 0x9CF3, 0x9CD2,
  0x9CD2, 0x9CD2, 0xA534, 0xA513, 0x9CD2, 0x9CD2, 0xA513, 0x9CD2, 0xA513, 0x9CF3, 0x9CF3, 0x9CF3,
  0xAD54, 0x8C50, 0x840F, 0x8430, 0x8430, 0x73AE, 0x738D, 0x9CF3, 0xAD75, 0xD6BA, 0xAD75, 0x8430,
  0x8C50, 0x8430, 0x8C50, 0x840F, 0x7BEF, 0x7BEF, 0x8430, 0x8430, 0x5AEB, 0x738D, 0x738D, 0x5AEB,
  0x52AA, 0x5ACA, 0x5289, 0x52AA, 0xA513, 0x8430, 0x7BEF, 0x632C, 0x52AA, 0x5ACA, 0x6B6D, 0x6B6D,
  0x7BEF, 0xBDF7, 0xA534, 0x94B2, 0x9CF3, 0x9CD2, 0xAD54, 0x9CF3, 0xA534, 0xA513, 0x9CF3, 0x94B2,
  0x9CD2, 0xA534, 0xA534, 0x9CF3, 0x9CD2, 0xA534, 0xAD75, 0xA513, 0xAD54, 0xA513, 0xAD75, 0xAD54,
  0xAD75, 0xAD75, 0xB595, 0xAD54, 0xAD54, 0xA513, 0xC617, 0xB5B6, 0xB595, 0xAD75, 0xA534, 0xC617,
  0xBDF7, 0xC638, 0xC638, 0x94B2, 0x7BCE, 0x8430, 0x840F, 0x94B2, 0x8430, 0xE71B, 0xDEFB, 0xD6BA,
  0x840F, 0x8C50, 0x840F, 0x8430, 0x840F, 0x6B6D, 0x7BCE, 0x7BCE, 0x6B6D, 0x73AE, 0x738D, 0x632C,
  0x632C, 0x738D, 0x6B4C, 0x6B4C, 0x73AE, 0x738D, 0x738D, 0xA534, 0x94B2, 0x8C50, 0x840F, 0x7BEF,
  0x7BCE, 0x7BCE, 0x9491, 0x9491, 0x8C71, 0x8C50, 0x8C50, 0x94B2, 0x8C71, 0x9491, 0x9CF3, 0xA534,
  0xA534, 0x94B2, 0x9491, 0xA513, 0x94B2, 0xB5B6, 0xB5B6, 0xBDD6, 0xA534, 0xCE58, 0x8430, 0x840F,
  0x8430, 0x8430, 0x840F, 0x840F, 0xCE58, 0xAD54, 0xB5B6, 0xC617, 0x8C50, 0x9491, 0x7BEF, 0x8430,
  0x94B2, 0x8C71, 0x840F, 0x6B6D, 0x738D, 0x630B, 0x73AE, 0x738D, 0x5AEB, 0x5AEB, 0x5AEB, 0x7BEF,
  0x73AE, 0x9CF3, 0x8430, 0x6B6D, 0x630B, 0x630B, 0x6B6D, 0x7BEF, 0xCE58, 0xC617, 0x9491, 0xBDD6,
  0xBDF7, 0xC617, 0xB595, 0xC617, 0xB595, 0xAD75, 0xAD75, 0xAD54, 0x94B2, 0x8C50, 0x94B2, 0x8C71,
  0x94B2, 0xA513, 0x9CD2, 0x9CD2, 0xAD75, 0xAD54, 0xAD75, 0xAD54, 0xAD75, 0xAD75, 0xAD75, 0xAD54,
  0xA534, 0x9CD2, 0x9CF3, 0x9CD2, 0x9CF3, 0xDEDA, 0xF79D, 0xF7BE, 0xFFDE, 0xAD54, 0x7BEF, 0x73AE,
  0x7BEF, 0x7BEF, 0x840F, 0x840F, 0x7BEF, 0xA534, 0xE71B, 0xD6BA, 0xA513, 0x7BEF, 0x73AE, 0x6B6D,
  0x6B4C, 0x6B4C, 0x632C, 0x632C, 0x632C, 0x5AEB, 0x6B4C, 0x630B, 0x6B6D, 0x630B, 0x6B4C, 0x6B4C,
  0x6B6D, 0x738D, 0x7BCE, 0x7BCE, 0x9CF3, 0x9491, 0x738D, 0x738D, 0x73AE, 0x7BEF, 0x7BEF, 0x8430,
  0x8430, 0x9491, 0x8C71, 0x94B2, 0x94B2, 0x9CD2, 0xA534, 0x9CD2, 0x9491, 0x9CD2, 0xB595, 0xAD75,
  0xB595, 0xB595, 0xB595, 0xB595, 0xA534, 0xA513, 0xBDD6, 0xCE79, 0xBDF7, 0xAD75, 0xAD75, 0x9CF3,
  0x94B2, 0xBDD6, 0xB5B6, 0xC638, 0xBDF7, 0x9491, 0x8C50, 0x8C50, 0x8C50, 0x94B2, 0x7BCE, 0x6B4C,
  0x6B6D, 0x632C, 0x738D, 0x7BEF, 0x73AE, 0x52AA, 0x840F, 0x73AE, 0x7BEF, 0x9491, 0x840F, 0x840F,
  0x6B6D, 0x73AE, 0x7BCE, 0xBDF7, 0xC617, 0xB595, 0xAD75, 0xBDD6, 0xAD75, 0xB5B6, 0xC617, 0xB5B6,
  0xAD75, 0xAD75, 0xAD54, 0xA513, 0xA513, 0xA513, 0x94B2, 0x9491, 0x8C50, 0x9CD2, 0x9CD2, 0x9491,
  0x9CF3, 0xA534, 0xA513, 0x9CF3, 0x9CF3, 0xB595, 0xA513, 0x9CF3, 0xA513, 0x9CD2, 0xAD54, 0xB595,
  0xAD75, 0xAD54, 0xCE58, 0xD6BA, 0x9CF3, 0x8C50, 0x8C50, 0x9491, 0x6B6D, 0x6B6D, 0x5AEB, 0x6B4C,
  0x73AE, 0x9491, 0x9491, 0xD699, 0x9CD2, 0x8430, 0x6B4C, 0x632C, 0x7BEF, 0x7BCE, 0x73AE, 0x738D,
  0x73AE, 0x632C, 0x5AEB, 0x5AEB, 0x6B6D, 0x738D, 0x6B4C, 0x73AE, 0x6B4C, 0x7BCE, 0x6B4C, 0x7BEF,
  0x9CD2, 0x9491, 0x738D, 0x6B6D, 0x8430, 0x8430, 0x8430, 0x8C71, 0x8C50, 0x9CD2, 0x94B2, 0x9CF3,
  0x9CF3, 0x94B2, 0x9CD2, 0x8C71, 0x9491, 0xAD75, 0xBDD6, 0xAD75, 0xB5B6, 0x9491, 0x8430, 0x94B2,
  0x94B2, 0x9491, 0xA534, 0x9CF3, 0xC617, 0xC638, 0x8C50, 0x9491, 0x94B2, 0xA513, 0xBDF7, 0xC617,
  0xB5B6, 0xC617, 0xAD54, 0x9CF3, 0x9CD2, 0x840F, 0x7BCE, 0x6B6D, 0x632C, 0x738D, 0x6B6D, 0x7BEF,
  0x9CF3, 0x94B2, 0x8430, 0x7BEF, 0x8C50, 0x632C, 0x7BEF, 0x9CD2, 0xA513, 0x9491, 0xC617, 0xBDF7,
  0xBDF7, 0xAD54, 0xAD54, 0xB5B6, 0xB595, 0x94B2, 0x9491, 0x8C50, 0x840F, 0x7BEF, 0x9CF3, 0xC638,
  0xD699, 0xCE58, 0xC617, 0xAD75, 0xAD54, 0xAD75, 0xA534, 0x9CD2, 0x9CD2, 0xA534, 0x9CF3, 0xAD75,
  0xAD54, 0xAD75, 0xAD54, 0x9CF3, 0x9491, 0xB595, 0xCE58, 0xCE58, 0x9CD2, 0x9CD2, 0x9CF3, 0x6B6D,
  0x5AEB, 0x5AEB, 0x73AE, 0x738D, 0x840F, 0x7BCE, 0x6B4C, 0x7BCE, 0x6B4C, 0x8430, 0x8430, 0x8C71,
  0x94B2, 0x8C50, 0x7BEF, 0x840F, 0x840F, 0x7BCE, 0x5ACA, 0x7BCE, 0x738D, 0x6B6D, 0x6B4C, 0x5ACA,
  0x5ACA, 0x632C, 0x6B4C, 0x632C, 0x6B6D, 0x6B6D, 0x7BCE, 0x738D, 0x94B2, 0x8C71, 0x94B2, 0x738D,
  0x8430, 0x8430, 0x840F, 0x8C71, 0x8C50, 0x9CD2, 0x9CF3, 0x9491, 0xA513, 0xA513, 0x9CD2, 0x9491,
  0xB5B6, 0xAD75, 0xB5B6, 0x8430, 0x8C71, 0x8430, 0x840F, 0x840F, 0x8C71, 0x9491, 0x8C50, 0x9491,
  0xAD75, 0xB595, 0xAD75, 0x9491, 0x9491, 0x94B2, 0x94B2, 0xB595, 0xC638, 0xBDF7, 0xAD54, 0xCE58,
  0xD6BA, 0xAD75, 0x7BCE, 0x73AE, 0x73AE, 0x8430, 0x94B2, 0x840F, 0x9CD2, 0x94B2, 0xA513, 0xA534,
  0x8430, 0x9CD2, 0x8C71, 0xC617, 0xBDD6, 0x9CF3, 0xA513, 0xD699, 0xB5B6, 0xAD75, 0xB595, 0x94B2,
  0x8C71, 0x9491, 0x8430, 0x8430, 0x94B2, 0x9491, 0xA513, 0xA534, 0x8C71, 0xA513, 0xAD75, 0x9CF3,
  0x9CD2, 0xAD75, 0xB595, 0xB595, 0x9491, 0x9CD2, 0x9CD2, 0xA513, 0xAD54, 0xAD54, 0x94B2, 0xA513,
  0xAD54, 0xC638, 0xBDF7, 0x840F, 0x7BCE, 0x94B2, 0x8C71, 0x5AEB, 0x632C, 0x632C, 0x52AA, 0x52AA,
  0x632C, 0x840F, 0x73AE, 0x738D, 0x52AA, 0x738D, 0x840F, 0x6B6D, 0x6B6D, 0xA534, 0x8C50, 0x632C,
  0x630B, 0x52AA, 0x52AA, 0x5289, 0x4228, 0x4A48, 0x5AEB, 0x632C, 0x630B, 0x630B, 0x632C, 0x632C,
  0x632C, 0x6B6D, 0x6B6D, 0x7BEF, 0x9CF3, 0x94B2, 0x8C71, 0x6B4C, 0x73AE, 0x7BCE, 0x840F, 0x840F,
  0x94B2, 0x9CD2, 0x9491, 0x9CD2, 0x94B2, 0x9CF3, 0x9491, 0xA513, 0xA534, 0xAD54, 0x8C50, 0x8C71,
  0x8C71, 0x7BEF, 0x8C50, 0x8C50, 0x7BEF, 0x7BEF, 0x8C71, 0x840F, 0x8430, 0xB595, 0xAD54, 0xB5B6,
  0x8C71, 0x94B2, 0x9CD2, 0x94B2, 0xB595, 0xBDD6, 0xB5B6, 0xCE79, 0xD6BA, 0x9CD2, 0x9CF3, 0x9CD2,
  0x9491, 0x9491, 0x8C71, 0x8C71, 0x8430, 0x8C71, 0x94B2, 0x7BEF, 0x94B2, 0x9491, 0xA513, 0xCE79,
  0xC638, 0xA534, 0xB595, 0xB5B6, 0xB5B6, 0x9CD2, 0x9CD2, 0x9491, 0x9491, 0x840F, 0x7BEF, 0x9491,
  0x8C50, 0xAD54, 0xA513, 0x6B6D, 0x630B, 0x6B6D, 0x7BCE, 0x7BCE, 0x7BEF, 0x6B6D, 0x9491, 0xAD75,
  0xA513, 0xAD54, 0x9CF3, 0xA534, 0x94B2, 0x9CF3, 0x9CD2, 0xA534, 0xC638, 0xBDF7, 0x8430, 0x7BEF,
  0x738D, 0x94B2, 0x8C71, 0x632C, 0x5289, 0x5289, 0x4A69, 0x5289, 0x4A48, 0x52AA, 0x6B4C, 0x73AE,
  0x630B, 0x6B6D, 0x840F, 0x8430, 0x630B, 0xAD75, 0x73AE, 0x5289, 0x4A69, 0x5ACA, 0x5289, 0x4A48,
  0x5289, 0x5289, 0x4A69, 0x73AE, 0x52AA, 0x6B4C, 0x6B6D, 0x738D, 0x6B6D, 0x6B6D, 0x6B6D, 0x6B6D,
  0x94B2, 0x8C71, 0x9491, 0x6B6D, 0x738D, 0x8C50, 0x8C50, 0x8C71, 0x8C71, 0x9CD2, 0x9CF3, 0x8C71,
  0x9CD2, 0x9CF3, 0x8C71, 0xB595, 0xAD75, 0x8430, 0x840F, 0x7BEF, 0x8430, 0x7BCE, 0x8430, 0x840F,
  0x73AE, 0x840F, 0x8430, 0x8430, 0x7BEF, 0x840F, 0xAD54, 0xBDD6, 0x9491, 0x9CF3, 0x9491, 0x94B2,
  0x94B2, 0x9CD2, 0xBDD6, 0xC617, 0xAD54, 0xA534, 0x94B2, 0xA513, 0x9491, 0x9CD2, 0x9491, 0x8430,
  0x8430, 0x6B6D, 0x738D, 0x73AE, 0x7BEF, 0x8430, 0x7BCE, 0xAD54, 0x9CF3, 0x9491, 0xAD75, 0xAD54,
  0xBDF7, 0x9491, 0x9CF3, 0x8C71, 0x8C71, 0x8C71, 0xA513, 0x9491, 0xA513, 0x8430, 0x632C, 0x632C,
  0x5ACA, 0x5AEB, 0x5AEB, 0x7BCE, 0x6B6D, 0x840F, 0x6B6D, 0xB5B6, 0xBDF7, 0xA513, 0xA534, 0x94B2,
  0x94B2, 0x94B2, 0xAD75, 0xC617, 0xBDF7, 0x7BEF, 0x840F, 0x73AE, 0x738D, 0x8C50, 0x632C, 0x5AEB,
  0x52AA, 0x4A48, 0x4A48, 0x4228, 0x4A69, 0x4A48, 0x5289, 0x73AE, 0x632C, 0x7BEF, 0x73AE, 0x7BCE,
  0x840F, 0xAD75, 0x7BCE, 0x4A69, 0x5AEB, 0x4A69, 0x4207, 0x4228, 0x4228, 0x4207, 0x52AA, 0x738D,
  0x6B4C, 0x5AEB, 0x738D, 0x6B4C, 0x738D, 0x73AE, 0x6B6D, 0x7BEF, 0x9CF3, 0x94B2, 0x738D, 0x738D,
  0x0000, 0x840F, 0x840F, 0x840F, 0x9491, 0x8C50, 0x9491, 0x8C71, 0x9CF3, 0x8C50, 0xAD54, 0xA513,
  0x840F, 0x8C50, 0x8C50, 0x8430, 0x73AE, 0x73AE, 0x6B6D, 0x738D, 0x6B6D, 0x7BEF, 0x840F, 0x7BCE,
  0x7BCE, 0x840F, 0x8C50, 0xB595, 0xB5B6, 0x8C71, 0xA513, 0xA534, 0x9CD2, 0xA513, 0x9CD2, 0xA513,
  0x8C50, 0x840F, 0x8C50, 0x73AE, 0x738D, 0x738D, 0x7BCE, 0x738D, 0x738D, 0x738D, 0x7BCE, 0x7BCE,
  0x7BCE, 0x94B2, 0x9491, 0xB5B6, 0xB595, 0xC638, 0xC638, 0xD699, 0x9CF3, 0x9491, 0x94B2, 0x8C50,
  0x840F, 0x94B2, 0x8C50, 0x8C71, 0x7BCE, 0x6B4C, 0x632C, 0x5AEB, 0x52AA, 0x5ACA, 0x4A69, 0x52AA,
  0x73AE, 0x6B4C, 0x630B, 0x6B4C, 0x8C50, 0x9CF3, 0xAD75, 0x94B2, 0x94B2, 0x8C71, 0xA534, 0xBDD6,
  0x94B2, 0x8430, 0x7BCE, 0x632C, 0x630B, 0x73AE, 0x52AA, 0x4A48, 0x52AA, 0x4A48, 0x4228, 0x4228,
  0x4207, 0x4228, 0x4A48, 0x5AEB, 0x7BCE, 0x840F, 0x73AE, 0x840F, 0x73AE, 0x8C50, 0x7BCE, 0x5AEB,
  0x4A48, 0x5289, 0x4A69, 0x4228, 0x4A69, 0x4A69, 0x5ACA, 0x4A69, 0x7BCE, 0x6B4C, 0x6B4C, 0x73AE,
  0x738D, 0x7BCE, 0x7BEF, 0x738D, 0x94B2, 0x9491, 0x738D, 0x0000, 0x0000, 0x8C50, 0x840F, 0x8C71,
  0x8430, 0x94B2, 0x9491, 0x94B2, 0x8C50, 0x8C50, 0xAD75, 0xB595, 0x840F, 0x7BEF, 0x8430, 0x7BCE,
  0x840F, 0x7BCE, 0x738D, 0x738D, 0x6B6D, 0x73AE, 0x6B6D, 0x7BEF, 0x7BEF, 0x840F, 0x840F, 0xA534,
  0xB5B6, 0x9CF3, 0x9CF3, 0x9CD2, 0xAD54, 0xA534, 0x94B2, 0xAD54, 0xB5B6, 0x8C50, 0x8C71, 0x8C71,
  0x8430, 0x8430, 0x73AE, 0x7BCE, 0x7BCE, 0x7BCE, 0x7BCE, 0x9CD2, 0x8C71, 0x9CF3, 0x840F, 0xA534,
  0xAD54, 0xA534, 0xC638, 0xA534, 0xB595, 0x9491, 0x8C50, 0x840F, 0x840F, 0x9CF3, 0x9491, 0x6B6D,
  0x6B4C, 0x630B, 0x630B, 0x5AEB, 0x4A48, 0x4A69, 0x4228, 0x4A48, 0x632C, 0x6B4C, 0x5AEB, 0x6B6D,
  0x94B2, 0xBDD6, 0xB595, 0xB595, 0x94B2, 0x94B2, 0xBDF7, 0xBDF7, 0x840F, 0x8C50, 0x7BCE, 0x6B4C,
  0x632C, 0x6B6D, 0x6B6D, 0x4A69, 0x4A69, 0x4228, 0x4207, 0x4207, 0x4A48, 0x4A69, 0x4207, 0x630B,
  0x6B6D, 0x632C, 0x8C50, 0x7BCE, 0x7BCE, 0x8430, 0x7BEF, 0x5ACA, 0x5ACA, 0x4228, 0x39C6, 0x4A48,
  0x4207, 0x4A69, 0x4A48, 0x52AA, 0x840F, 0x632C, 0x738D, 0x6B6D, 0x73AE, 0x7BCE, 0x6B6D, 0x9491,
  0x94B2, 0x9CD2, 0x7BEF, 0x0000, 0x0000, 0x8430, 0x8430, 0x8430, 0x9491, 0x8C71, 0x9491, 0x9CF3,
  0x94B2, 0x8C50, 0xAD75, 0xA513, 0x8C71, 0x840F, 0x7BCE, 0x73AE, 0x73AE, 0x6B4C, 0x6B6D, 0x738D,
  0x632C, 0x738D, 0x738D, 0x738D, 0x8430, 0x7BCE, 0x8C50, 0xA513, 0xAD75, 0x94B2, 0x9491, 0xA534,
  0xAD75, 0x94B2, 0x9CD2, 0xAD75, 0xB5B6, 0x94B2, 0x9491, 0x840F, 0x840F, 0x7BEF, 0x8C50, 0x8430,
  0x7BEF, 0x8430, 0x9CD2, 0x9CD2, 0x8C71, 0x840F, 0x8C71, 0xAD54, 0xA513, 0xAD54, 0xAD54, 0x8C71,
  0xAD54, 0xAD54, 0x840F, 0x8430, 0x94B2, 0x94B2, 0x8430, 0x632C, 0x73AE, 0x52AA, 0x5289, 0x52AA,
  0x4228, 0x4228, 0x4A48, 0x4A48, 0x6B4C, 0x632C, 0x738D, 0x632C, 0x8430, 0x9CD2, 0xB595, 0xB5B6,
  0xA534, 0xA513, 0xBDF7, 0xCE58, 0x7BEF, 0x738D, 0x7BCE, 0x738D, 0x6B4C, 0x738D, 0x738D, 0x4228,
  0x4A69, 0x4A48, 0x4A48, 0x4228, 0x4A69, 0x4228, 0x4228, 0x5AEB, 0x632C, 0x6B4C, 0x840F, 0x8430,
  0x9CF3, 0x8430, 0x738D, 0x52AA, 0x5289, 0x4228, 0x4228, 0x5289, 0x52AA, 0x4A69, 0x630B, 0x632C,
  0x8430, 0x630B, 0x6B4C, 0x738D, 0x738D, 0x7BCE, 0x738D, 0x94B2, 0x8C71, 0x738D, 0x6B6D, 0x0000,
  0x0000, 0x8430, 0x8430, 0x7BEF, 0x840F, 0x8C71, 0x9CD2, 0x8C50, 0x8C71, 0x94B2, 0xA513, 0xB595,
  0x8430, 0x7BCE, 0x840F, 0x7BCE, 0x7BEF, 0x738D, 0x630B, 0x6B4C, 0x738D, 0x6B6D, 0x6B6D, 0x7BCE,
  0x7BEF, 0x840F, 0x8C50, 0xA513, 0xA513, 0x9CD2, 0x94B2, 0xA534, 0xAD75, 0x94B2, 0xA534, 0xAD75,
  0xB5B6, 0x9CD2, 0x8C50, 0x9491, 0x8C71, 0x9491, 0x9491, 0x840F, 0x840F, 0x8C71, 0x9CF3, 0x9491,
  0x8430, 0x840F, 0x8C71, 0xAD54, 0x9CD2, 0xAD54, 0xA534, 0x8C50, 0x9491, 0xAD54, 0x9491, 0x840F,
  0x9CD2, 0x9491, 0x6B6D, 0x5AEB, 0x5AEB, 0x5289, 0x4A69, 0x52AA, 0x5289, 0x4A69, 0x4A48, 0x4A48,
  0x52AA, 0x632C, 0x7BCE, 0x73AE, 0x840F, 0x840F, 0x8C71, 0xB5B6, 0xB595, 0x9CD2, 0xBDD6, 0x9CF3,
  0x840F, 0x7BEF, 0x6B6D, 0x630B, 0x6B4C, 0x6B6D, 0x630B, 0x4207, 0x39E7, 0x4A48, 0x4A69, 0x5289,
  0x4207, 0x4A69, 0x52AA, 0x6B6D, 0x738D, 0x73AE, 0x73AE, 0x8430, 0xDEDA, 0xAD75, 0x630B, 0x632C,
  0x630B, 0x5ACA, 0x4A69, 0x4A48, 0x52AA, 0x5289, 0x632C, 0x5AEB, 0x8430, 0x6B4C, 0x73AE, 0x7BCE,
  0x840F, 0x6B6D, 0x9CD2, 0x9CF3, 0x8C71, 0x738D, 0x7BCE, 0x0000, 0x0000, 0x738D, 0x7BEF, 0x8430,
  0x840F, 0x8C50, 0x9491, 0x8C71, 0x94B2, 0x8430, 0xB595, 0xA513, 0x8C50, 0x840F, 0x7BEF, 0x7BCE,
  0x7BCE, 0x73AE, 0x630B, 0x6B6D, 0x630B, 0x6B4C, 0x73AE, 0x7BCE, 0x73AE, 0x7BCE, 0x7BCE, 0xA534,
  0xA534, 0x94B2, 0x8C71, 0x9491, 0x9CF3, 0xA534, 0x94B2, 0x9491, 0xB595, 0xB595, 0x94B2, 0x94B2,
  0x9CD2, 0x9CD2, 0x9491, 0x9CD2, 0x8C50, 0x9CF3, 0x9CD2, 0x7BEF, 0x8430, 0x9491, 0xAD54, 0x9CD2,
  0x8C71, 0xAD54, 0xAD54, 0x9491, 0x840F, 0x8430, 0x9491, 0x8C50, 0x8430, 0x8430, 0x6B4C, 0x52AA,
  0x630B, 0x4A69, 0x4A69, 0x4A69, 0x4228, 0x4228, 0x4228, 0x4A48, 0x4A48, 0x738D, 0x6B6D, 0x738D,
  0x8430, 0x7BEF, 0x9491, 0xB595, 0xAD75, 0x9CD2, 0xC617, 0xA513, 0x7BCE, 0x8430, 0x7BEF, 0x73AE,
  0x6B6D, 0x630B, 0x630B, 0x5AEB, 0x4A69, 0x4207, 0x4A48, 0x4A48, 0x5289, 0x5ACA, 0x5AEB, 0x6B4C,
  0x6B6D, 0x840F, 0x7BEF, 0x8C71, 0xDEFB, 0xEF5C, 0x632C, 0x6B6D, 0x6B6D, 0x52AA, 0x52AA, 0x630B,
  0x5AEB, 0x52AA, 0x6B4C, 0x7BCE, 0x8C50, 0x738D, 0x840F, 0x7BCE, 0x840F, 0x94B2, 0x94B2, 0x9CD2,
  0x738D, 0x840F, 0x7BCE, 0x0000, 0x0000, 0x738D, 0x73AE, 0x7BEF, 0x9491, 0x8C50, 0x8C50, 0x8C71,
  0x8C71, 0x9491, 0xA534, 0xAD75, 0x8430, 0x8C50, 0x7BEF, 0x7BCE, 0x738D, 0x738D, 0x6B6D, 0x738D,
  0x738D, 0x632C, 0x738D, 0x6B6D, 0x7BEF, 0x7BCE, 0x840F, 0xAD54, 0xA534, 0x94B2, 0x94B2, 0x9CD2,
  0xA513, 0xA513, 0xA513, 0xAD54, 0xAD75, 0xAD75, 0xB595, 0x9CF3, 0x9CF3, 0x9491, 0x9CF3, 0x9CD2,
  0x94B2, 0x9491, 0x8C71, 0x8C50, 0x7BEF, 0xA513, 0x9CF3, 0x9CD2, 0x73AE, 0xA534, 0x9CF3, 0x9491,
  0x9491, 0x7BEF, 0x9491, 0xAD54, 0x94B2, 0x8C71, 0x6B6D, 0x5AEB, 0x630B, 0x6B4C, 0x4A48, 0x4228,
  0x4A69, 0x4207, 0x5289, 0x52AA, 0x4A48, 0x6B6D, 0x7BCE, 0x73AE, 0x840F, 0x840F, 0x94B2, 0xAD75,
  0xB5B6, 0xA513, 0xAD75, 0xBDF7, 0x8C71, 0x7BCE, 0x7BEF, 0x6B4C, 0x630B, 0x630B, 0x738D, 0x738D,
  0x6B4C, 0x4A48, 0x52AA, 0x5AEB, 0x52AA, 0x5289, 0x52AA, 0x738D, 0x738D, 0x7BEF, 0x8C71, 0xAD54,
  0xB5B6, 0xBDD6, 0x94B2, 0x9491, 0x6B4C, 0x632C, 0x6B6D, 0x5ACA, 0x630B, 0x6B6D, 0x6B4C, 0x8C50,
  0x7BCE, 0x840F, 0x8430, 0x73AE, 0xAD54, 0x9CF3, 0x9CF3, 0x9491, 0x7BCE, 0x73AE, 0x7BCE, 0x0000,
  0x0000, 0x0000, 0x8430, 0x840F, 0x9491, 0x9491, 0x8C50, 0x8C71, 0x8C50, 0x94B2, 0xA534, 0xA534,
  0x840F, 0x840F, 0x73AE, 0x7BCE, 0x6B6D, 0x738D, 0x73AE, 0x632C, 0x6B4C, 0x73AE, 0x73AE, 0x738D,
  0x738D, 0x7BCE, 0x8430, 0x9CF3, 0x9CF3, 0x8C71, 0x9491, 0x94B2, 0xA513, 0xAD54, 0xA513, 0xA534,
  0xA534, 0xBDF7, 0xBDF7, 0xB595, 0x9CD2, 0x9CD2, 0x9491, 0x9CD2, 0xA534, 0x9CD2, 0x840F, 0x9491,
  0xBDF7, 0xBDF7, 0xAD75, 0x8C50, 0x7BEF, 0x94B2, 0x9CF3, 0x8C71, 0x8430, 0x8C71, 0x73AE, 0x9CF3,
  0x8C50, 0x8C71, 0x6B6D, 0x630B, 0x5ACA, 0x5AEB, 0x6B4C, 0x4A69, 0x4228, 0x4207, 0x4207, 0x4A48,
  0x5ACA, 0x738D, 0x8C50, 0x840F, 0x73AE, 0x8C71, 0x8C71, 0xAD75, 0xB5B6, 0xA534, 0xA534, 0xBDD6,
  0xA513, 0x840F, 0x840F, 0x7BEF, 0x738D, 0x5AEB, 0x632C, 0x738D, 0x73AE, 0x7BEF, 0x5AEB, 0x5ACA,
  0x5289, 0x5AEB, 0x630B, 0x7BCE, 0xA513, 0xBDD6, 0xC617, 0x9CF3, 0x840F, 0xBDF7, 0xBDD6, 0xC638,
  0x8C50, 0x6B6D, 0x6B6D, 0x738D, 0x6B6D, 0x94B2, 0x8C50, 0x73AE, 0x7BCE, 0x840F, 0xA534, 0xA513,
  0xA513, 0xA534, 0x94B2, 0x7BEF, 0x7BEF, 0x738D, 0x0000, 0x0000, 0x0000, 0x0000, 0x73AE, 0x8C71,
  0x7BEF, 0x8430, 0x8C71, 0x8C50, 0x9491, 0x9491, 0x9CF3, 0xA534, 0x8430, 0x8430, 0x7BCE, 0x8430,
  0x7BEF, 0x73AE, 0x6B4C, 0x738D, 0x7BCE, 0x7BCE, 0x738D, 0x840F, 0x7BEF, 0x73AE, 0x840F, 0xA534,
  0xA513, 0x9491, 0x9CD2, 0x94B2, 0x9CF3, 0xA534, 0xAD75, 0xA534, 0xA534, 0xA513, 0xB595, 0xBDF7,
  0xBDD6, 0xBDF7, 0xB595, 0x9CD2, 0x94B2, 0xE73C, 0xC617, 0xBDD6, 0xB5B6, 0xAD75, 0x9CD2, 0x94B2,
  0x8C50, 0xA513, 0x94B2, 0x8430, 0x7BCE, 0x840F, 0x8430, 0xA513, 0x94B2, 0x8C71, 0x6B6D, 0x6B4C,
  0x630B, 0x52AA, 0x630B, 0x5ACA, 0x52AA, 0x52AA, 0x52AA, 0x4A69, 0x632C, 0x7BEF, 0x8C71, 0x73AE,
  0x840F, 0x8430, 0x8C71, 0xB5B6, 0xBDD6, 0x9491, 0xA513, 0xC617, 0x9CF3, 0x8C50, 0x7BCE, 0x73AE,
  0x7BEF, 0x738D, 0x738D, 0x632C, 0x840F, 0x840F, 0x840F, 0x7BCE, 0x8C50, 0x8430, 0xB5B6, 0xAD75,
  0xC638, 0xCE79, 0xB595, 0x8C50, 0x94B2, 0x8C71, 0xB595, 0xC638, 0xC638, 0xBDF7, 0xCE79, 0xCE58,
  0xBDD6, 0x8C50, 0x7BEF, 0x9CF3, 0xAD54, 0xA534, 0xA534, 0xA534, 0xA513, 0x9CD2, 0x8C50, 0x840F,
  0x840F, 0x7BCE, 0x0000, 0x0000, 0x0000, 0x0000, 0x840F, 0x7BCE, 0x8C50, 0x8C71, 0x94B2, 0x9491,
  0x8C71, 0x9CD2, 0x8C71, 0xA513, 0xB595, 0x7BEF, 0x8430, 0x840F, 0x7BEF, 0x7BCE, 0x73AE, 0x7BCE,
  0x6B6D, 0x7BEF, 0x7BEF, 0x7BEF, 0x8430, 0x7BCE, 0xA513, 0x9CF3, 0x8C71, 0x9CD2, 0x8C71, 0x9CF3,
  0xA534, 0xAD54, 0xA534, 0xAD54, 0xA513, 0x9CF3, 0x9CF3, 0xAD54, 0xC638, 0xB5B6, 0xB5B6, 0xD6BA,
  0xDEDA, 0xDEDA, 0xBDF7, 0x9491, 0x73AE, 0x7BCE, 0x840F, 0x7BCE, 0x9CD2, 0xAD54, 0xB595, 0x8C71,
  0x7BCE, 0x7BCE, 0x840F, 0x8C50, 0x9CF3, 0x94B2, 0x73AE, 0x632C, 0x632C, 0x5AEB, 0x630B, 0x6B6D,
  0x630B, 0x630B, 0x6B4C, 0x632C, 0x8C71, 0x840F, 0x73AE, 0x73AE, 0x8C50, 0x8430, 0x9491, 0xB5B6,
  0xB5B6, 0x94B2, 0xA534, 0xC638, 0xAD54, 0xAD54, 0x7BEF, 0x7BCE, 0x7BEF, 0x7BEF, 0x6B6D, 0x6B4C,
  0x6B4C, 0x632C, 0x7BEF, 0x840F, 0x8C50, 0x94B2, 0xAD75, 0xB5B6, 0xBDF7, 0xA513, 0x8C50, 0x9491,
  0x9CF3, 0x9CD2, 0x9491, 0x94B2, 0xA534, 0xCE58, 0xBDD6, 0xC617, 0xA534, 0x9CF3, 0xA534, 0xAD54,
  0xA534, 0xAD54, 0xAD54, 0xAD54, 0x8C71, 0x8430, 0x840F, 0x7BCE, 0x8430, 0x7BCE, 0x0000, 0x0000,
  0x0000, 0x0000, 0x7BEF, 0x840F, 0x840F, 0x8430, 0x9491, 0x8C50, 0x8C71, 0x8C50, 0x8C50, 0xA534,
  0xAD54, 0xA534, 0x8C50, 0x840F, 0x840F, 0x840F, 0x840F, 0x73AE, 0x7BCE, 0x7BCE, 0x73AE, 0x73AE,
  0x8430, 0xA513, 0x9CF3, 0x9CF3, 0x8430, 0x9CF3, 0xA513, 0xA534, 0x9CF3, 0x9CF3, 0xAD54, 0x9CF3,
  0xAD54, 0xAD75, 0xAD54, 0xA534, 0x9CD2, 0xAD54, 0xBDF7, 0xAD54, 0xB595, 0x9CD2, 0x8430, 0x7BCE,
  0x840F, 0x7BCE, 0x7BCE, 0x7BEF, 0x7BEF, 0x8C71, 0xB5B6, 0xAD75, 0x9491, 0x8430, 0x9CD2, 0x9CD2,
  0xA513, 0x9491, 0x73AE, 0x7BEF, 0x7BCE, 0x630B, 0x738D, 0x5AEB, 0x5AEB, 0x5ACA, 0x5ACA, 0x73AE,
  0x840F, 0x8430, 0x7BCE, 0x840F, 0x8C50, 0x9491, 0x94B2, 0xBDF7, 0xBDF7, 0x9491, 0x9CD2, 0xB595,
  0xCE79, 0xAD75, 0xA534, 0x7BEF, 0x8430, 0x7BCE, 0x840F, 0x73AE, 0x73AE, 0x7BEF, 0x6B6D, 0x6B6D,
  0x7BCE, 0x8C71, 0x8C71, 0xA513, 0xA513, 0xB595, 0x9CD2, 0xA513, 0xA513, 0xA513, 0x9CF3, 0xA513,
  0x9CF3, 0x9491, 0xAD54, 0xAD75, 0xAD54, 0xB595, 0xAD75, 0xA534, 0xA534, 0xAD75, 0x8C50, 0x840F,
  0x7BEF, 0x8C50, 0x8430, 0x8C50, 0x7BEF, 0x7BEF, 0x0000, 0x0000, 0x0000, 0x0000, 0x0000, 0x840F,
  0x8C50, 0x8430, 0x94B2, 0x9491, 0x94B2, 0x9491, 0x8C71, 0x9491, 0xA513, 0xA534, 0xA534, 0x8C50,
  0x8C50, 0x840F, 0x7BCE, 0x840F, 0x7BEF, 0x73AE, 0x8C50, 0x840F, 0x9CF3, 0xAD54, 0xA534, 0x8C71,
  0x94B2, 0x9491, 0xA534, 0xA513, 0xA534, 0xAD54, 0x9CF3, 0xAD54, 0xB595, 0xA513, 0xB5B6, 0xA534,
  0xA534, 0xAD54, 0xBDD6, 0xBDD6, 0x8430, 0xA513, 0x94B2, 0x840F, 0x73AE, 0x7BEF, 0x73AE, 0x73AE,
  0x6B6D, 0x840F, 0x8C50, 0xBDD6, 0xBDF7, 0x8C50, 0x9CD2, 0x9CD2, 0xA534, 0xAD54, 0x8C50, 0x840F,
  0x7BEF, 0x7BCE, 0x7BCE, 0x6B6D, 0x6B6D, 0x630B, 0x632C, 0x8C71, 0x8430, 0x7BEF, 0x8430, 0x8430,
  0x8C50, 0x9CD2, 0xBDF7, 0xB5B6, 0xBDF7, 0x9CF3, 0x9CD2, 0xA513, 0x9CD2, 0xBDD6, 0x9CD2, 0x9CD2,
  0x8C71, 0x840F, 0x7BCE, 0x7BEF, 0x8430, 0x840F, 0x8C50, 0xA513, 0xA513, 0x94B2, 0xAD54, 0xAD75,
  0xB595, 0xA513, 0x9CF3, 0xAD54, 0xAD54, 0xA534, 0xAD75, 0x9CD2, 0x9CD2, 0x9491, 0x9CD2, 0x94B2,
  0x8C71, 0x9CD2, 0x8C71, 0x8C50, 0x9491, 0x8430, 0x8430, 0x840F, 0x840F, 0x9491, 0x840F, 0x7BCE,
  0x8C50, 0x0000, 0x0000, 0x0000, 0x0000, 0x0000, 0x0000, 0x840F, 0x840F, 0x840F, 0x8C71, 0x9491,
  0x8C71, 0x9CF3, 0x9491, 0x8C50, 0x94B2, 0xA534, 0xAD54, 0xAD75, 0xA534, 0x7BEF, 0x8430, 0x840F,
  0x8430, 0x7BEF, 0xAD75, 0xA534, 0xA534, 0xA513, 0x8C50, 0x8C50, 0x9CD2, 0xA534, 0xA513, 0x94B2,
  0x94B2, 0x9CF3, 0x9CF3, 0xAD54, 0xAD54, 0xB595, 0xAD75, 0xAD75, 0xAD75, 0xC617, 0xC617, 0x94B2,
  0x9491, 0x9CD2, 0x9491, 0x7BEF, 0x73AE, 0x840F, 0x7BCE, 0x7BCE, 0x840F, 0x7BEF, 0x7BCE, 0x9CD2,
  0xBDF7, 0xDEFB, 0x94B2, 0x8C50, 0xAD75, 0xAD54, 0xAD54, 0x840F, 0x73AE, 0x738D, 0x7BCE, 0x6B6D,
  0x6B6D, 0x6B6D, 0x9491, 0x9491, 0x9CD2, 0x7BEF, 0x8C71, 0x8C71, 0x8C71, 0x9491, 0xBDD6, 0xBDF7,
  0x94B2, 0x8C71, 0xB595, 0xD6BA, 0xEF5C, 0xBDF7, 0xAD54, 0x9CF3, 0xA513, 0x9CF3, 0x9CF3, 0xA534,
  0xAD54, 0xA534, 0xA534, 0x9CF3, 0xAD75, 0xA534, 0xAD75, 0xBDD6, 0x9CF3, 0xA513, 0x9CF3, 0xA534,
  0xAD75, 0xAD54, 0xAD75, 0x9CF3, 0xAD54, 0xA513, 0x9CD2, 0x9CF3, 0x9CF3, 0x9CD2, 0x8C50, 0x94B2,
  0x9491, 0x9491, 0x8430, 0x8C71, 0x8C50, 0x840F, 0x840F, 0x840F, 0x73AE, 0x0000, 0x0000, 0x0000,
  0x0000, 0x0000, 0x0000, 0x73AE, 0x8430, 0x7BEF, 0x8C50, 0x8C71, 0x94B2, 0x94B2, 0x8C71, 0x8C71,
  0x8C50, 0x8C71, 0xAD54, 0x9CF3, 0xA513, 0xAD54, 0xAD75, 0xA513, 0xB595, 0xA534, 0xAD54, 0xA513,
  0xAD54, 0x9491, 0x9491, 0x94B2, 0x9CF3, 0x94B2, 0xA534, 0x9CD2, 0x9CD2, 0x9CF3, 0xAD54, 0x9CF3,
  0xAD54, 0xA513, 0xAD75, 0xA534, 0xA534, 0xBDD6, 0xCE79, 0x9CF3, 0x94B2, 0x840F, 0x8C71, 0x94B2,
  0x738D, 0x738D, 0x738D, 0x7BEF, 0x840F, 0x7BEF, 0x840F, 0x9CF3, 0xE71B, 0xDEFB, 0xBDF7, 0x9CD2,
  0x8C50, 0xA513, 0xAD75, 0xA534, 0x8C50, 0x840F, 0x7BCE, 0x73AE, 0x94B2, 0x94B2, 0x8C71, 0x9491,
  0x8C50, 0x9491, 0x8430, 0x9CD2, 0x9CD2, 0xBDF7, 0xBDD6, 0xDEDA, 0xA513, 0xDEDA, 0x8C71, 0x8430,
  0x7BEF, 0x94B2, 0xE71B, 0xB595, 0xBDD6, 0xA513, 0xA534, 0xA534, 0xAD75, 0x9CF3, 0x9CF3, 0xB5B6,
  0xAD75, 0xBDF7, 0xBDD6, 0xA534, 0xAD75, 0xA534, 0xA513, 0xB595, 0xB595, 0xA534, 0xAD54, 0xA513,
  0xA534, 0x9CF3, 0x9CF3, 0xA513, 0x94B2, 0x9CD2, 0x94B2, 0x9491, 0x9491, 0x94B2, 0x9CD2, 0x8C50,
  0x94B2, 0x8430, 0x840F, 0x8430, 0x840F, 0x0000, 0x0000, 0x0000, 0x0000, 0x0000, 0x0000, 0x0000,
  0x73AE, 0x7BEF, 0x8C71, 0x8C50, 0x8C50, 0x8C71, 0x9491, 0x9CD2, 0x94B2, 0x8C71, 0x8C71, 0x94B2,
  0x94B2, 0xAD75, 0xA534, 0xAD75, 0xA513, 0xA513, 0x8C50, 0x8C50, 0x8C50, 0x8C71, 0x9491, 0xA513,
  0xA534, 0x94B2, 0xA513, 0x9CF3, 0xA534, 0x9CF3, 0xAD75, 0xAD75, 0xA513, 0xB595, 0xAD54, 0xA534,
  0xC638, 0xCE58, 0x9CF3, 0x94B2, 0x9CD2, 0x9491, 0x8430, 0x8430, 0x8430, 0x8430, 0x6B6D, 0x7BCE,
  0x73AE, 0x73AE, 0x840F, 0x9CF3, 0x94B2, 0xDEDA, 0xD6BA, 0xB595, 0xB595, 0x94B2, 0xAD75, 0xB5B6,
  0xA534, 0x8430, 0xA534, 0x9CD2, 0xA534, 0x9CD2, 0xA534, 0x9491, 0x8430, 0x8C50, 0x9491, 0x94B2,
  0xB595, 0xBDD6, 0xCE79, 0xB595, 0xCE58, 0x9CD2, 0x8430, 0x630B, 0x630B, 0x7BEF, 0xA513, 0xAD75,
  0xCE79, 0xCE58, 0xA534, 0xAD75, 0xB595, 0xB5B6, 0xAD54, 0xBDD6, 0xBDD6, 0xB5B6, 0x9CF3, 0xAD75,
  0xAD54, 0xA513, 0xA513, 0xAD75, 0xAD54, 0xAD54, 0x9CF3, 0xA534, 0x9CF3, 0xAD54, 0xA513, 0xA513,
  0xA513, 0xA534, 0x9CD2, 0x8C71, 0x9CF3, 0x9CD2, 0x8C71, 0x8430, 0x94B2, 0x8C71, 0x840F, 0x7BEF,
  0x0000, 0x0000, 0x0000, 0x0000, 0x0000, 0x0000, 0x0000, 0x0000, 0x73AE, 0x840F, 0x840F, 0x8C71,
  0x8C50, 0x8C50, 0x8C71, 0x8C71, 0x9CF3, 0xA513, 0x8C71, 0x8C50, 0x9491, 0x9CD2, 0x9CF3, 0x9CF3,
  0x8C50, 0x9491, 0x9CD2, 0x8C71, 0x94B2, 0x94B2, 0x9CD2, 0x9CF3, 0x94B2, 0xA534, 0x9CF3, 0xAD54,
  0x9CD2, 0xA513, 0xB595, 0xA534, 0xA534, 0xB5B6, 0xAD54, 0xAD54, 0xC617, 0xBDD6, 0x9491, 0x9CF3,
  0x8430, 0x8C71, 0x8C50, 0x7BEF, 0x840F, 0x73AE, 0x8430, 0x9491, 0x9491, 0x9CF3, 0xA513, 0x9491,
  0x8C71, 0xB5B6, 0xCE58, 0xB5B6, 0xC617, 0xC617, 0xB595, 0xDEFB, 0xDEDA, 0xDEDA, 0xAD75, 0xA534,
  0x9CF3, 0x9491, 0x94B2, 0x9CD2, 0x8C50, 0x9CD2, 0xBDF7, 0xBDD6, 0xBDD6, 0xDEFB, 0xBDD6, 0xC617,
  0xA513, 0x6B4C, 0x632C, 0x4228, 0x4A48, 0x630B, 0x6B6D, 0x9CF3, 0xC617, 0xD699, 0xCE58, 0xB5B6,
  0xAD54, 0xAD75, 0xBDF7, 0xC617, 0xA534, 0xA513, 0xAD54, 0xAD54, 0xAD54, 0xAD54, 0xAD54, 0xAD75,
  0xA513, 0xA534, 0xA513, 0xAD54, 0x9CD2, 0x9CF3, 0xA513, 0xA513, 0x9CD2, 0x9491, 0x9491, 0x9CD2,
  0x9CD2, 0x94B2, 0x8C50, 0x9491, 0x8C50, 0x9491, 0x8C50, 0x8430, 0x0000, 0x0000, 0x0000, 0x0000,
  0x0000, 0x0000, 0x0000, 0x0000, 0x7BEF, 0x8430, 0x7BEF, 0x9491, 0x8C50, 0x8430, 0x8C71, 0x9CD2,
  0x9CD2, 0xA513, 0x94B2, 0xA513, 0x94B2, 0x8C71, 0x8C71, 0x8C71, 0x9CD2, 0x9491, 0x9491, 0x9CF3,
  0xA513, 0x9CF3, 0xA513, 0x94B2, 0x94B2, 0x9CD2, 0x9CF3, 0xA513, 0xAD75, 0xA513, 0xAD54, 0xB595,
  0xA513, 0xB595, 0xAD75, 0xAD54, 0xC617, 0xCE58, 0x94B2, 0x94B2, 0x8C50, 0x8430, 0x840F, 0x73AE,
  0x6B6D, 0x73AE, 0x73AE, 0x840F, 0x8430, 0x7BEF, 0x8C50, 0x9491, 0x8C71, 0xB5B6, 0xC638, 0x9CF3,
  0xC638, 0xB5B6, 0xB5B6, 0xBDF7, 0xDEDA, 0xCE79, 0xDEDA, 0xBDD6, 0xB5B6, 0xBDD6, 0xC617, 0xCE58,
  0xCE58, 0xBDD6, 0xBDF7, 0xBDD6, 0xD6BA, 0xB595, 0x9CF3, 0x94B2, 0xA513, 0x738D, 0x630B, 0x5AEB,
  0x52AA, 0x5ACA, 0x632C, 0x9CD2, 0x8C71, 0xC617, 0xB5B6, 0xB595, 0x94B2, 0xA534, 0x9CF3, 0x9CF3,
  0xA534, 0xA513, 0xB595, 0xAD54, 0xAD75, 0xAD54, 0xA534, 0xA513, 0xA534, 0x9CF3, 0x94B2, 0x9491,
  0x9CF3, 0x9491, 0xA513, 0xA513, 0xA534, 0x9CF3, 0x9491, 0x8C71, 0x94B2, 0x94B2, 0x8430, 0x8C50,
  0x840F, 0x7BEF, 0x7BEF, 0x73AE, 0x0000, 0x0000, 0x0000, 0x0000, 0x0000, 0x0000, 0x0000, 0x0000,
  0x0000, 0x73AE, 0x8C50, 0x840F, 0x840F, 0x8C50, 0x9491, 0x9491, 0x8C71, 0x9491, 0x9CF3, 0x9CF3,
  0x9CF3, 0xA513, 0x94B2, 0x94B2, 0xA513, 0x94B2, 0x9CF3, 0xA513, 0x9CD2, 0xA513, 0xA513, 0xA513,
  0x9CD2, 0xA513, 0xA534, 0xA534, 0xA534, 0xA534, 0xAD75, 0xAD75, 0xAD54, 0xAD54, 0xB5B6, 0xA513,
  0xBDF7, 0xC617, 0x94B2, 0x9491, 0x9491, 0x8C50, 0x8C50, 0x7BCE, 0x7BCE, 0x73AE, 0x73AE, 0x8430,
  0x8C50, 0x840F, 0x94B2, 0x8C71, 0x9491, 0xBDD6, 0xCE58, 0xA513, 0xAD54, 0xA513, 0x9CF3, 0xA534,
  0x9CD2, 0xC638, 0xC617, 0xBDD6, 0xCE58, 0xCE58, 0xC617, 0xCE79, 0xC638, 0xC617, 0xB5B6, 0xBDD6,
  0xBDF7, 0xC638, 0x9CD2, 0x9491, 0x8430, 0x94B2, 0x5AEB, 0x630B, 0x52AA, 0x630B, 0x9491, 0x7BCE,
  0x9491, 0x94B2, 0xC617, 0xBDD6, 0x9CD2, 0xA513, 0xAD54, 0xAD54, 0xA534, 0xA534, 0xAD54, 0xA534,
  0xAD75, 0xA534, 0xA534, 0xB5B6, 0xB5B6, 0xAD75, 0xA534, 0xA513, 0xA534, 0xA513, 0x9491, 0x9CF3,
  0x9CD2, 0x9CF3, 0x8C71, 0x8C71, 0x9CD2, 0x94B2, 0x8430, 0x840F, 0x8C71, 0x8430, 0x73AE, 0x0000,
  0x0000, 0x0000, 0x0000, 0x0000, 0x0000, 0x0000, 0x0000, 0x0000, 0x0000, 0x738D, 0x7BEF, 0x8C50,
  0x8430, 0x94B2, 0x94B2, 0x9491, 0x9CD2, 0x94B2, 0x9CF3, 0x9CF3, 0x9CF3, 0xA534, 0xA513, 0x9CD2,
  0x9CF3, 0x9CF3, 0x9CF3, 0x9CF3, 0xA513, 0xA534, 0x9CF3, 0xA513, 0x9CD2, 0xA534, 0x9CF3, 0xAD54,
  0xA513, 0x9CF3, 0xB595, 0xB595, 0xB5B6, 0xAD54, 0xA534, 0xB595, 0xBDD6, 0xCE58, 0x9CD2, 0x9CF3,
  0x8C71, 0x94B2, 0x8430, 0x8430, 0x7BCE, 0x73AE, 0x840F, 0x8430, 0x8C50, 0x8C71, 0x9CD2, 0x8C71,
  0x94B2, 0xC638, 0xBDF7, 0xAD75, 0xB595, 0xB5B6, 0xB595, 0xAD75, 0xA513, 0xA513, 0xA513, 0xA513,
  0xAD54, 0xC638, 0xCE58, 0xCE58, 0x9CF3, 0xA513, 0x9CF3, 0xBDD6, 0xCE58, 0x9491, 0x9CD2, 0x8C50,
  0x9491, 0x840F, 0x8C50, 0x8C71, 0x8C50, 0x94B2, 0x840F, 0x7BEF, 0x8C50, 0x94B2, 0x9CD2, 0xB5B6,
  0xC638, 0xAD54, 0xA513, 0xB595, 0xB595, 0xA534, 0xB5B6, 0xAD54, 0x9CF3, 0x9CF3, 0xBDD6, 0xBDD6,
  0x94B2, 0x9CD2, 0x8C50, 0x9491, 0x9491, 0xAD54, 0xA534, 0x9491, 0x94B2, 0x9491, 0x9CD2, 0x9CD2,
  0x94B2, 0x94B2, 0x8C50, 0x840F, 0x8430, 0x7BCE, 0x738D, 0x0000, 0x0000, 0x0000, 0x0000, 0x0000,
  0x0000, 0x0000, 0x0000, 0x0000, 0x0000, 0x0000, 0x73AE, 0x8C50, 0x8430, 0x8430, 0x8C71, 0x94B2,
  0x9CD2, 0x9491, 0x94B2, 0x94B2, 0x9CF3, 0x94B2, 0xA513, 0xA513, 0x9CD2, 0xA534, 0x9CF3, 0xA513,
  0xA534, 0xA513, 0x9CF3, 0xA534, 0xAD54, 0xAD75, 0xA534, 0xAD75, 0xA513, 0xA513, 0xA534, 0xAD54,
  0xAD54, 0xAD75, 0xB595, 0xA513, 0xA513, 0xBDF7, 0xC638, 0xA513, 0x9CF3, 0x8430, 0x8C50, 0x8C50,
  0x8C71, 0x8C50, 0x8C50, 0x8430, 0x8C50, 0x8C71, 0x94B2, 0xA513, 0xC638, 0xCE58, 0xAD54, 0xAD54,
  0xAD75, 0xC617, 0xB595, 0xB5B6, 0xBDF7, 0xB5B6, 0xAD54, 0xBDD6, 0xB595, 0xB5B6, 0xB5B6, 0xAD54,
  0xB595, 0xAD54, 0xBDF7, 0xC617, 0x9491, 0x9CD2, 0x8C50, 0x8430, 0x7BCE, 0x7BCE, 0x738D, 0x6B6D,
  0x6B6D, 0x73AE, 0x8430, 0x7BCE, 0x7BEF, 0x840F, 0x94B2, 0xC617, 0xC617, 0xAD54, 0xAD75, 0xAD54,
  0xB595, 0xAD75, 0xAD54, 0xA513, 0x9CF3, 0xB595, 0xAD54, 0x8C71, 0x94B2, 0x8430, 0x9491, 0x840F,
  0x8C71, 0x8C71, 0xA513, 0xA534, 0x9CD2, 0x8C50, 0x9CD2, 0x9491, 0x94B2, 0x8C71, 0x8C50, 0x8430,
  0x8C71, 0x7BEF, 0x0000, 0x0000, 0x0000, 0x0000, 0x0000, 0x0000, 0x0000, 0x0000, 0x0000, 0x0000,
  0x0000, 0x0000, 0x7BEF, 0x840F, 0x8C71, 0x8C71, 0x94B2, 0x9491, 0x9CD2, 0x8C71, 0x9491, 0x9CD2,
  0x9CF3, 0xA513, 0x9CD2, 0x9CF3, 0x94B2, 0xA513, 0xA513, 0xAD54, 0x9CD2, 0x9CF3, 0xA534, 0xAD75,
  0x9CD2, 0xA534, 0xAD54, 0xAD54, 0xAD75, 0xA534, 0xAD75, 0xB5B6, 0xA534, 0xAD75, 0xB595, 0xA534,
  0xAD75, 0xBDD6, 0xC638, 0xA513, 0x9491, 0x9491, 0x9491, 0x840F, 0x8430, 0x8C50, 0x8C50, 0x94B2,
  0x8C71, 0x8C71, 0x94B2, 0x9CD2, 0xC617, 0xC638, 0xB595, 0xAD75, 0xBDF7, 0xBDD6, 0xBDF7, 0xBDF7,
  0xB595, 0xBDD6, 0xB5B6, 0xBDF7, 0xBDF7, 0xBDD6, 0xAD54, 0xB5B6, 0xB5B6, 0xA534, 0xBDF7, 0xC617,
  0xA513, 0x94B2, 0x8C50, 0x8C50, 0x7BCE, 0x73AE, 0x7BCE, 0x73AE, 0x73AE, 0x738D, 0x840F, 0x8430,
  0x8C71, 0x8430, 0x94B2, 0x9491, 0xBDF7, 0xBDF7, 0x9CF3, 0xA513, 0xA513, 0xB595, 0xAD75, 0x9CF3,
  0xB5B6, 0xAD75, 0x9CD2, 0x8C50, 0x7BEF, 0x8C71, 0x840F, 0x8C50, 0x8430, 0x7BEF, 0x9491, 0x9CF3,
  0x9CD2, 0x8C71, 0x8C71, 0x9CD2, 0x9491, 0x8C50, 0x94B2, 0x8C71, 0x840F, 0x738D, 0x0000, 0x0000,
  0x0000, 0x0000, 0x0000, 0x0000, 0x0000, 0x0000, 0x0000, 0x0000, 0x0000, 0x0000, 0x0000, 0x8430,
  0x7BCE, 0x9491, 0x9491, 0x94B2, 0x9491, 0x8C71, 0x9CD2, 0x9CD2, 0x94B2, 0x94B2, 0x9491, 0x9CD2,
  0x9CD2, 0x9CF3, 0x9CD2, 0xA534, 0x9CF3, 0xAD54, 0xA534, 0xA513, 0xAD75, 0x9CF3, 0xA534, 0xA534,
  0xA513, 0xB595, 0xA534, 0xB595, 0xB595, 0xB5B6, 0xB595, 0xA534, 0xA513, 0xAD75, 0xC617, 0xC638,
  0xA513, 0x9CF3, 0x9CD2, 0x8C71, 0x94B2, 0x8C50, 0x9491, 0x8C50, 0x9CF3, 0x9491, 0xA513, 0xBDF7,
  0xC617, 0xB595, 0xB5B6, 0xBDF7, 0xAD75, 0xAD75, 0xAD75, 0xBDD6, 0xB595, 0xBDD6, 0xBDD6, 0xB5B6,
  0xB5B6, 0xC617, 0xB5B6, 0xB5B6, 0xAD54, 0xAD75, 0xBDF7, 0xCE79, 0x94B2, 0x94B2, 0x840F, 0x7BCE,
  0x8430, 0x73AE, 0x738D, 0x632C, 0x632C, 0x6B4C, 0x7BEF, 0x73AE, 0x840F, 0x8C71, 0x8C50, 0x94B2,
  0xC617, 0xC617, 0xA534, 0xA534, 0xB5B6, 0xB595, 0xA534, 0xAD54, 0xB5B6, 0x94B2, 0x8430, 0x8C50,
  0x8C71, 0x840F, 0x7BCE, 0x73AE, 0x7BEF, 0x8C50, 0x7BEF, 0x8C71, 0xAD54, 0x9491, 0x94B2, 0x9CD2,
  0x9CD2, 0x8C50, 0x8C50, 0x7BEF, 0x7BCE, 0x0000, 0x0000, 0x0000, 0x0000, 0x0000, 0x0000, 0x0000,
  0x0000, 0x0000, 0x0000, 0x0000, 0x0000, 0x0000, 0x0000, 0x7BEF, 0x7BCE, 0x7BEF, 0x8430, 0x8C50,
  0x8C50, 0x8C71, 0x9CD2, 0x8C71, 0x9491, 0x9491, 0x94B2, 0x8C71, 0x8C71, 0x94B2, 0x94B2, 0x94B2,
  0xA534, 0xAD54, 0xA534, 0xAD75, 0x9CF3, 0xA513, 0xB595, 0xB595, 0xA534, 0xA534, 0xAD54, 0xB595,
  0xB595, 0xB595, 0xAD54, 0xBDD6, 0xAD75, 0xA513, 0xBDF7, 0xC638, 0xBDF7, 0x9CD2, 0x9491, 0x94B2,
  0x9CD2, 0x94B2, 0x9CD2, 0x9CD2, 0x94B2, 0x9CD2, 0xBDF7, 0xCE58, 0xC638, 0xB595, 0xBDD6, 0xB5B6,
  0xBDF7, 0xAD75, 0xC617, 0xB595, 0xBDD6, 0xAD75, 0xBDF7, 0xBDD6, 0xB595, 0xB5B6, 0xB5B6, 0xBDF7,
  0xAD75, 0xAD54, 0xCE79, 0xBDF7, 0x9CF3, 0x8430, 0x8430, 0x8C50, 0x7BCE, 0x7BCE, 0x6B4C, 0x6B4C,
  0x6B6D, 0x6B6D, 0x7BEF, 0x840F, 0x7BEF, 0x8C71, 0x9491, 0x9CD2, 0xB5B6, 0xC617, 0xA513, 0xAD54,
  0xA513, 0xA534, 0xA534, 0x9CF3, 0xAD54, 0x8C50, 0x9491, 0x8C50, 0x7BEF, 0x7BEF, 0x7BEF, 0x840F,
  0x7BEF, 0x8C50, 0x8C71, 0x8430, 0xA513, 0x8C71, 0x9CD2, 0x9491, 0x8C50, 0x840F, 0x8C50, 0x7BEF,
  0x73AE, 0x0000, 0x0000, 0x0000, 0x0000, 0x0000, 0x0000, 0x0000, 0x0000, 0x0000, 0x0000, 0x0000,
  0x0000, 0x0000, 0x0000, 0x0000, 0x7BCE, 0x840F, 0x840F, 0x8C71, 0x9491, 0x94B2, 0x8430, 0x8C71,
  0x8C50, 0x94B2, 0xAD54, 0xAD54, 0xA513, 0xA513, 0x8C71, 0x9CD2, 0x94B2, 0x94B2, 0x9CD2, 0xA534,
  0xAD75, 0xAD54, 0xA534, 0xAD54, 0xA513, 0xB595, 0xAD54, 0xB595, 0xA534, 0xAD75, 0xA534, 0xB5B6,
  0xA534, 0xA513, 0xA534, 0xC638, 0xBDF7, 0xC638, 0xBDD6, 0xA513, 0x9491, 0x9CF3, 0x9491, 0x9CF3,
  0xCE58, 0xBDD6, 0xBDD6, 0xCE58, 0xAD54, 0xB5B6, 0xB5B6, 0xBDF7, 0xB595, 0xBDD6, 0xBDD6, 0xB595,
  0xB5B6, 0xB595, 0xAD75, 0xB5B6, 0xAD54, 0xB595, 0xB5B6, 0xBDD6, 0xAD75, 0x9CF3, 0xCE58, 0xBDF7,
  0x8C50, 0x9CD2, 0x8C71, 0x8430, 0x7BEF, 0x6B6D, 0x7BCE, 0x73AE, 0x738D, 0x6B6D, 0x6B6D, 0x840F,
  0x7BEF, 0x840F, 0x8C50, 0x9CD2, 0xC617, 0xB5B6, 0xA534, 0x9CF3, 0xAD75, 0xAD54, 0xAD54, 0x9CF3,
  0xB595, 0x9CD2, 0x8C71, 0x7BEF, 0x840F, 0x738D, 0x6B4C, 0x73AE, 0x738D, 0x7BEF, 0x840F, 0x8C50,
  0x9CF3, 0x8C71, 0x9491, 0x8C71, 0x8430, 0x7BEF, 0x7BEF, 0x7BCE, 0x0000, 0x0000, 0x0000, 0x0000,
  0x0000, 0x0000, 0x0000, 0x0000, 0x0000, 0x0000, 0x0000, 0x0000, 0x0000, 0x0000, 0x0000, 0x0000,
  0x738D, 0x8C50, 0x840F, 0x7BEF, 0x840F, 0x8C50, 0x8C50, 0xA513, 0x9CD2, 0x9CF3, 0xAD75, 0x9CF3,
  0xAD54, 0xAD75, 0xA513, 0xAD54, 0xB5B6, 0x9491, 0x9CF3, 0xA513, 0x9CD2, 0xAD75, 0x9CF3, 0xA513,
  0xAD54, 0xAD54, 0xAD75, 0xAD75, 0xB5B6, 0xB595, 0xAD75, 0xAD54, 0xAD54, 0xAD54, 0xA513, 0xA534,
  0xAD54, 0xC617, 0xB5B6, 0xCE58, 0xBDF7, 0xBDD6, 0xC638, 0xBDF7, 0xC617, 0xCE79, 0xA513, 0xB595,
  0xB5B6, 0xAD75, 0xBDD6, 0xBDD6, 0xB5B6, 0xAD75, 0xB595, 0xAD75, 0xAD75, 0xAD75, 0xAD54, 0xB595,
  0xA534, 0xAD75, 0xAD54, 0xAD54, 0xB595, 0xAD54, 0xBDD6, 0xC617, 0x94B2, 0x9491, 0x8430, 0x840F,
  0x840F, 0x7BCE, 0x738D, 0x73AE, 0x738D, 0x738D, 0x7BCE, 0x7BEF, 0x840F, 0x8C50, 0x8430, 0xBDD6,
  0xB5B6, 0x9CD2, 0xAD54, 0xA513, 0xAD75, 0xA534, 0x9CF3, 0x9CF3, 0xAD75, 0x9CD2, 0x9491, 0x8C50,
  0x840F, 0x7BEF, 0x738D, 0x840F, 0x840F, 0x840F, 0x840F, 0x8430, 0x9CD2, 0x8C71, 0x9491, 0x8C71,
  0x9491, 0x8430, 0x8C50, 0x7BEF, 0x0000, 0x0000, 0x0000, 0x0000, 0x0000, 0x0000, 0x0000, 0x0000,
  0x0000, 0x0000, 0x0000, 0x0000, 0x0000, 0x0000, 0x0000, 0x0000, 0x0000, 0x7BCE, 0x8C50, 0x8430,
  0x7BCE, 0x7BEF, 0x94B2, 0x9491, 0x94B2, 0xAD54, 0x9CF3, 0xA513, 0xAD75, 0x9CF3, 0xAD75, 0xA513,
  0xAD75, 0xA534, 0xA534, 0x94B2, 0xA534, 0xAD54, 0xA534, 0xAD75, 0xAD54, 0xA534, 0xA534, 0xA513,
  0xAD54, 0x9CF3, 0xAD75, 0xA534, 0xA534, 0xB5B6, 0xAD75, 0xAD75, 0xA513, 0xA534, 0xAD54, 0xBDD6,
  0xBDF7, 0xBDF7, 0xC638, 0xBDD6, 0xAD75, 0xA513, 0xAD75, 0xAD75, 0xB5B6, 0xB5B6, 0xBDD6, 0xAD54,
  0xBDD6, 0xAD75, 0xB595, 0xAD75, 0xBDD6, 0xB595, 0xA534, 0xA513, 0xBDD6, 0xBDF7, 0xBDF7, 0xC638,
  0xB595, 0xBDD6, 0xB5B6, 0xB5B6, 0xB5B6, 0x8C71, 0x8C71, 0x7BEF, 0x8430, 0x7BCE, 0x73AE, 0x738D,
  0x738D, 0x7BCE, 0x73AE, 0x8430, 0x840F, 0x8C71, 0x8C71, 0xC617, 0xB5B6, 0x9CD2, 0xAD54, 0xA534,
  0xA513, 0x9CF3, 0x9CF3, 0xA513, 0xAD54, 0xB5B6, 0x94B2, 0x8430, 0x840F, 0x7BEF, 0x7BEF, 0x73AE,
  0x8430, 0x8C50, 0x8430, 0x840F, 0xA513, 0x8C71, 0x9491, 0x8C50, 0x840F, 0x840F, 0x7BCE, 0x0000,
  0x0000, 0x0000, 0x0000, 0x0000, 0x0000, 0x0000, 0x0000, 0x0000, 0x0000, 0x0000, 0x0000, 0x0000,
  0x0000, 0x0000, 0x0000, 0x0000, 0x0000, 0x7BCE, 0x738D, 0x840F, 0x9CD2, 0x9491, 0xA513, 0x9CD2,
  0x840F, 0x8430, 0x7BCE, 0x8C50, 0x8C71, 0x8C71, 0x9491, 0x8C50, 0xB595, 0xAD54, 0xAD54, 0xA534,
  0xA513, 0xA534, 0xAD54, 0xAD54, 0xA513, 0x9CD2, 0x9CD2, 0xB5B6, 0xBDF7, 0x9CD2, 0x9CD2, 0x9CF3,
  0xAD54, 0xAD75, 0xA534, 0xAD54, 0xB595, 0xA534, 0xA534, 0xAD75, 0xAD75, 0xB595, 0xA534, 0xA513,
  0xA534, 0xB595, 0xAD75, 0xAD75, 0xB5B6, 0xB595, 0xAD75, 0xB595, 0xAD54, 0xB5B6, 0xBDD6, 0xB5B6,
  0xAD75, 0xB595, 0xBDD6, 0xC617, 0xC638, 0xBDF7, 0xBDD6, 0xBDD6, 0xBDF7, 0xAD75, 0xBDD6, 0xCE58,
  0xCE58, 0x8C50, 0x840F, 0x7BEF, 0x8C50, 0x7BEF, 0x8C50, 0x7BEF, 0x73AE, 0x7BEF, 0x7BEF, 0x8C50,
  0x8C71, 0x8C50, 0x94B2, 0xBDD6, 0xC617, 0xA534, 0xA534, 0xAD75, 0xA534, 0xAD75, 0xA513, 0x9CF3,
  0xA513, 0xAD54, 0x8C50, 0x8C50, 0x7BEF, 0x8C50, 0x8430, 0x7BCE, 0x7BEF, 0x8430, 0x8430, 0x94B2,
  0x9CF3, 0x840F, 0x9491, 0x8C50, 0x840F, 0x840F, 0x7BCE, 0x0000, 0x0000, 0x0000, 0x0000, 0x0000,
  0x0000, 0x0000, 0x0000, 0x0000, 0x0000, 0x0000, 0x0000, 0x0000, 0x0000, 0x0000, 0x0000, 0x0000,
  0x0000, 0x0000, 0x7BEF, 0x73AE, 0x94B2, 0x9CD2, 0x94B2, 0x840F, 0x7BCE, 0x8430, 0x840F, 0x8C50,
  0x8430, 0x7BEF, 0x8430, 0x8C71, 0x840F, 0x9491, 0xAD75, 0xA534, 0xAD75, 0xA513, 0x9CD2, 0x94B2,
  0xB595, 0xB595, 0xBDF7, 0xB5B6, 0xAD75, 0xBDF7, 0xB595, 0xB5B6, 0xA534, 0xA513, 0xAD54, 0xB5B6,
  0xB595, 0xAD54, 0xAD75, 0xAD54, 0xAD75, 0xB5B6, 0xB595, 0xAD54, 0xAD54, 0xAD54, 0xAD75, 0xBDD6,
  0xB5B6, 0xBDD6, 0xAD54, 0xAD54, 0xBDD6, 0xAD75, 0xB595, 0xB595, 0xAD54, 0xC638, 0xC617, 0xB5B6,
  0xC617, 0x9CF3, 0xA534, 0xA534, 0xA534, 0x9491, 0x9CF3, 0xD6BA, 0xD699, 0xCE79, 0x8C50, 0x8C50,
  0x9491, 0x8430, 0x8C50, 0x840F, 0x8430, 0x8430, 0x7BEF, 0x840F, 0x94B2, 0x94B2, 0xB5B6, 0xB5B6,
  0x94B2, 0xAD54, 0x9CF3, 0xA534, 0xA513, 0xA534, 0xAD75, 0xA534, 0xA513, 0xB595, 0xAD54, 0x8C50,
  0x840F, 0x8C71, 0x8C50, 0x8430, 0x7BEF, 0x8430, 0x9CD2, 0x94B2, 0x8430, 0x8C71, 0x9491, 0x840F,
  0x840F, 0x7BEF, 0x0000, 0x0000, 0x0000, 0x0000, 0x0000, 0x0000, 0x0000, 0x0000, 0x0000, 0x0000,
  0x0000, 0x0000, 0x0000, 0x0000, 0x0000, 0x0000, 0x0000, 0x0000, 0x0000, 0x0000, 0x0000, 0x8C50,
  0x8430, 0x8C50, 0x840F, 0x7BCE, 0x738D, 0x73AE, 0x840F, 0x7BEF, 0x7BEF, 0x8430, 0x8C50, 0x7BCE,
  0x8430, 0x8C50, 0x8430, 0xB595, 0xA534, 0xB595, 0x8C71, 0xAD54, 0xBDD6, 0xAD75, 0x8430, 0x9491,
  0x9491, 0x9491, 0x8C71, 0xBDD6, 0xB595, 0xA513, 0xA534, 0xAD75, 0xA534, 0xA534, 0xB5B6, 0xAD54,
  0xAD75, 0xAD54, 0xBDD6, 0xAD75, 0xA534, 0xB5B6, 0xB5B6, 0xB5B6, 0xBDD6, 0xBDD6, 0xB5B6, 0xAD75,
  0xB5B6, 0xB595, 0xB595, 0xB595, 0xBDF7, 0xB5B6, 0xC638, 0xA513, 0x9CD2, 0x9CF3, 0xA513, 0x9491,
  0x9491, 0x9CD2, 0x9CD2, 0x8C71, 0xC617, 0xCE58, 0xCE79, 0x8C50, 0x9491, 0x9491, 0x9491, 0x8430,
  0x8C50, 0x8C50, 0x8C71, 0x8C50, 0x8C50, 0xBDF7, 0xB595, 0xB5B6, 0x9CD2, 0xA513, 0xAD75, 0xA513,
  0xAD75, 0xA513, 0x9CF3, 0x9CF3, 0x9CD2, 0xA513, 0xA534, 0xA513, 0xAD54, 0x8C71, 0x8430, 0x8C50,
  0xA534, 0x9CD2, 0x9CD2, 0x840F, 0x8C71, 0x9491, 0x8C71, 0x840F, 0x8430, 0x0000, 0x0000, 0x0000,
  0x0000, 0x0000, 0x0000, 0x0000, 0x0000, 0x0000, 0x0000, 0x0000, 0x0000, 0x0000, 0x0000, 0x0000,
  0x0000, 0x0000, 0x0000, 0x0000, 0x0000, 0x0000, 0x0000, 0x7BCE, 0x7BEF, 0x73AE, 0x73AE, 0x7BEF,
  0x738D, 0x7BCE, 0x6B6D, 0x738D, 0x7BEF, 0x6B6D, 0x840F, 0x7BEF, 0x7BEF, 0x8430, 0x8C50, 0x8430,
  0xAD54, 0xAD75, 0xAD54, 0xB595, 0x9491, 0x8C71, 0x840F, 0x8C71, 0x8C71, 0x8C71, 0x8430, 0x8C50,
  0xAD75, 0xBDD6, 0x9CD2, 0x9CF3, 0xB5B6, 0xAD54, 0xA534, 0xAD75, 0xA534, 0xAD75, 0xBDD6, 0xA534,
  0xA534, 0xAD75, 0xB595, 0xAD75, 0xBDD6, 0xB595, 0xB5B6, 0xBDD6, 0xAD75, 0xB595, 0xA513, 0xB5B6,
  0xB5B6, 0xB5B6, 0xA513, 0xA534, 0x9CF3, 0x9CF3, 0x9491, 0x9CD2, 0x9491, 0x9CD2, 0x9CD2, 0x8C50,
  0x8C50, 0xB595, 0xCE79, 0xC617, 0xAD75, 0x9491, 0x94B2, 0x8430, 0x94B2, 0x9CD2, 0x8430, 0xC617,
  0xBDD6, 0xBDF7, 0xC617, 0xA513, 0x9CF3, 0xA513, 0x9CF3, 0x9CF3, 0x9CF3, 0xA534, 0x9CF3, 0x9CF3,
  0xAD54, 0x9CD2, 0x9CD2, 0x94B2, 0xA513, 0x9CF3, 0xA513, 0xAD54, 0x94B2, 0x840F, 0x8C71, 0x8C71,
  0x9491, 0x8C71, 0x8C50, 0x7BCE, 0x738D, 0x0000, 0x0000, 0x0000, 0x0000, 0x0000, 0x0000, 0x0000,
  0x0000, 0x0000, 0x0000, 0x0000, 0x0000, 0x0000, 0x0000, 0x0000, 0x0000, 0x0000, 0x0000, 0x0000,
  0x0000, 0x0000, 0x0000, 0x0000, 0x738D, 0x6B4C, 0x7BCE, 0x7BCE, 0x6B4C, 0x73AE, 0x6B4C, 0x6B6D,
  0x73AE, 0x6B6D, 0x7BCE, 0x7BCE, 0x7BEF, 0x7BCE, 0x8430, 0x8C50, 0xA513, 0xA534, 0xC617, 0x7BEF,
  0x7BCE, 0x840F, 0x8430, 0x7BCE, 0x8430, 0x8C50, 0x8C71, 0x8C71, 0x8C50, 0xB595, 0xBDD6, 0xAD75,
  0xAD75, 0xAD54, 0xA534, 0xB5B6, 0xB595, 0xB595, 0xB5B6, 0xB595, 0xAD75, 0xB595, 0xAD75, 0xB5B6,
  0xAD75, 0xAD54, 0xB5B6, 0xBDD6, 0xAD75, 0xB595, 0xAD75, 0xBDD6, 0xBDD6, 0xA534, 0xA513, 0x9CD2,
  0x9CF3, 0x8C50, 0x8C50, 0x8C50, 0x9CD2, 0x8C50, 0x9CD2, 0x9CD2, 0x8430, 0x9491, 0xD699, 0xC617,
  0xC638, 0xBDF7, 0xB595, 0xBDF7, 0xBDF7, 0xBDF7, 0xB5B6, 0xB595, 0xC617, 0x94B2, 0x94B2, 0xAD54,
  0xAD54, 0xAD54, 0xA534, 0xAD54, 0xAD54, 0xA513, 0xA513, 0x9CF3, 0xAD54, 0xA513, 0xA513, 0x9491,
  0x8C71, 0x8C71, 0x8C50, 0x9491, 0x8C50, 0x9491, 0x8C50, 0x94B2, 0x8C71, 0x8C71, 0x8C50, 0x73AE,
  0x0000, 0x0000, 0x0000, 0x0000, 0x0000, 0x0000, 0x0000, 0x0000, 0x0000, 0x0000, 0x0000, 0x0000,
  0x0000, 0x0000, 0x0000, 0x0000, 0x0000, 0x0000, 0x0000, 0x0000, 0x0000, 0x0000, 0x0000, 0x0000,
  0x0000, 0x632C, 0x738D, 0x738D, 0x6B6D, 0x632C, 0x6B6D, 0x632C, 0x6B4C, 0x6B6D, 0x7BCE, 0x7BEF,
  0x840F, 0x7BCE, 0x8C50, 0x840F, 0x8C50, 0xB5B6, 0xB595, 0x840F, 0x738D, 0x8C71, 0x8430, 0x7BEF,
  0x6B4C, 0x7BEF, 0x7BEF, 0x8C50, 0x840F, 0x8C50, 0xC617, 0xA534, 0xA513, 0xAD75, 0xB595, 0xB595,
  0xAD54, 0xAD75, 0xAD75, 0xB5B6, 0xAD75, 0xB5B6, 0xAD54, 0xA534, 0xB595, 0xAD75, 0xB595, 0xB5B6,
  0xAD54, 0xA534, 0xBDD6, 0xBDF7, 0xA534, 0x9CF3, 0x94B2, 0x9CD2, 0x94B2, 0x8430, 0x8C71, 0x840F,
  0x8C50, 0x8C71, 0x9491, 0x94B2, 0x94B2, 0x8430, 0x8C50, 0xB595, 0xC638, 0xBDD6, 0xBDF7, 0xBDF7,
  0xB595, 0xB5B6, 0xBDD6, 0x94B2, 0xA513, 0xA513, 0x9CF3, 0xA513, 0xA534, 0xA534, 0x9CD2, 0xA513,
  0x9CF3, 0xA513, 0x9CF3, 0xA534, 0x9CD2, 0xA513, 0x94B2, 0x9491, 0x8C71, 0x9CF3, 0x9491, 0x8C71,
  0x8C71, 0x8C71, 0x9491, 0x8C50, 0x8430, 0x8C71, 0x73AE, 0x0000, 0x0000, 0x0000, 0x0000, 0x0000,
  0x0000, 0x0000, 0x0000, 0x0000, 0x0000, 0x0000, 0x0000, 0x0000, 0x0000, 0x0000, 0x0000, 0x0000,
  0x0000, 0x0000, 0x0000, 0x0000, 0x0000, 0x0000, 0x0000, 0x0000, 0x0000, 0x0000, 0x632C, 0x6B6D,
  0x632C, 0x6B6D, 0x6B6D, 0x632C, 0x632C, 0x6B6D, 0x632C, 0x6B6D, 0x738D, 0x7BCE, 0x8430, 0x840F,
  0x840F, 0xBDF7, 0xBDD6, 0x8C71, 0x7BCE, 0x5AEB, 0x630B, 0x5ACA, 0x7BCE, 0x73AE, 0x7BEF, 0x840F,
  0x8C50, 0x94B2, 0xB5B6, 0xA534, 0xAD75, 0xAD75, 0xB5B6, 0xB595, 0xAD75, 0xAD54, 0xB595, 0xB5B6,
  0xB5B6, 0xAD75, 0xAD54, 0xB5B6, 0xB5B6, 0xB595, 0xB595, 0xB595, 0xB595, 0x9CF3, 0xB5B6, 0xC617,
  0x9CD2, 0x9CD2, 0x9491, 0x94B2, 0x8C50, 0x8430, 0x8430, 0x8430, 0x7BEF, 0x840F, 0x8C50, 0x8430,
  0x9CD2, 0x8C71, 0x9CD2, 0xB595, 0xB5B6, 0x8C71, 0x94B2, 0x9CF3, 0x9CF3, 0xA513, 0x9CD2, 0xA534,
  0xAD54, 0xAD54, 0xAD75, 0xA534, 0xA513, 0x9CF3, 0xAD54, 0xAD54, 0x9CD2, 0xA513, 0x9CD2, 0xA534,
  0x94B2, 0x9CF3, 0x9CD2, 0x9CF3, 0x9CF3, 0x9CF3, 0x9CD2, 0x9491, 0x8430, 0x9491, 0x94B2, 0x8C71,
  0x840F, 0x8430, 0x0000, 0x0000, 0x0000, 0x0000, 0x0000, 0x0000, 0x0000, 0x0000, 0x0000, 0x0000,
  0x0000, 0x0000, 0x0000, 0x0000, 0x0000, 0x0000, 0x0000, 0x0000, 0x0000, 0x0000, 0x0000, 0x0000,
  0x0000, 0x0000, 0x0000, 0x0000, 0x0000, 0x0000, 0x5ACA, 0x5AEB, 0x630B, 0x630B, 0x5ACA, 0x6B6D,
  0x5ACA, 0x630B, 0x632C, 0x632C, 0x73AE, 0x840F, 0x7BEF, 0x840F, 0x840F, 0xB595, 0x8C50, 0x9491,
  0x6B4C, 0x5ACA, 0x630B, 0x5289, 0x5AEB, 0x7BCE, 0x7BCE, 0x7BEF, 0x8C50, 0x9491, 0xB595, 0xA534,
  0xA513, 0xB595, 0xA534, 0xA534, 0xAD75, 0xA534, 0xAD54, 0xB595, 0xB5B6, 0xAD54, 0xAD75, 0xB595,
  0xA534, 0xAD75, 0xB595, 0xA534, 0xA534, 0x9CF3, 0xAD75, 0xBDF7, 0x9CF3, 0x9491, 0x8C71, 0x8C71,
  0x9491, 0x8430, 0x8C50, 0x7BEF, 0x840F, 0x7BEF, 0x8C50, 0x8C71, 0x8C50, 0x9491, 0x94B2, 0x9CD2,
  0xAD75, 0xB5B6, 0x9CF3, 0x9CF3, 0xA534, 0x9CF3, 0xA534, 0xAD54, 0x9CF3, 0x9CF3, 0x9CF3, 0xA534,
  0xAD54, 0x9CD2, 0x9CF3, 0xAD54, 0x9CD2, 0xA513, 0xA513, 0xA534, 0x9CF3, 0x94B2, 0x9491, 0x94B2,
  0x8C71, 0x94B2, 0x9491, 0x8C50, 0x9491, 0x8C71, 0x8430, 0x7BEF, 0x8430, 0x7BEF, 0x0000, 0x0000,
  0x0000, 0x0000, 0x0000, 0x0000, 0x0000, 0x0000, 0x0000, 0x0000, 0x0000, 0x0000, 0x0000, 0x0000,
  0x0000, 0x0000, 0x0000, 0x0000, 0x0000, 0x0000, 0x0000, 0x0000, 0x0000, 0x0000, 0x0000, 0x0000,
  0x0000, 0x0000, 0x0000, 0x630B, 0x630B, 0x6B4C, 0x632C, 0x52AA, 0x632C, 0x6B4C, 0x6B4C, 0x738D,
  0x738D, 0x73AE, 0x73AE, 0x7BEF, 0x8430, 0xBDD6, 0xBDD6, 0x738D, 0x632C, 0x52AA, 0x4A69, 0x4A69,
  0x5289, 0x5AEB, 0x73AE, 0x840F, 0x8C50, 0x8C71, 0xB595, 0xA513, 0xAD54, 0xAD75, 0xA534, 0xA513,
  0xAD54, 0xAD75, 0xA513, 0xA513, 0xAD75, 0xB595, 0xAD75, 0xB595, 0xAD75, 0xA534, 0xAD54, 0xA513,
  0xAD75, 0xA534, 0xB595, 0xC617, 0x94B2, 0x9491, 0x8C71, 0x840F, 0x8430, 0x8C71, 0x840F, 0x8430,
  0x840F, 0x840F, 0x7BEF, 0x8430, 0x94B2, 0x8C71, 0x9CD2, 0xA513, 0xBDF7, 0xBDF7, 0x9CD2, 0x9CF3,
  0xA534, 0xA534, 0x9CF3, 0xA513, 0x9CF3, 0xA534, 0xA534, 0xA513, 0x9CF3, 0xAD54, 0xA534, 0x9CF3,
  0xA513, 0x94B2, 0x9CF3, 0x9CF3, 0xA513, 0x94B2, 0x8C71, 0x9CD2, 0x9CF3, 0x8C50, 0x8C50, 0x9491,
  0x8C50, 0x8430, 0x8C50, 0x8C50, 0x7BCE, 0x0000, 0x0000, 0x0000, 0x0000, 0x0000, 0x0000, 0x0000,
  0x0000, 0x0000, 0x0000, 0x0000, 0x0000, 0x0000, 0x0000, 0x0000, 0x0000, 0x0000, 0x0000, 0x0000,
  0x0000, 0x0000, 0x0000, 0x0000, 0x0000, 0x0000, 0x0000, 0x0000, 0x0000, 0x0000, 0x0000, 0x0000,
  0x52AA, 0x5AEB, 0x5ACA, 0x630B, 0x630B, 0x5AEB, 0x630B, 0x6B6D, 0x738D, 0x738D, 0x738D, 0x7BEF,
  0x840F, 0xB5B6, 0xC617, 0x738D, 0x5AEB, 0x5ACA, 0x52AA, 0x5ACA, 0x632C, 0x6B6D, 0x73AE, 0x7BCE,
  0x8C71, 0x94B2, 0xAD75, 0x9491, 0xA513, 0xAD54, 0xAD75, 0xA513, 0xB595, 0xB595, 0xA513, 0xA513,
  0xAD54, 0xA534, 0xAD54, 0xAD54, 0xAD75, 0xB595, 0xB595, 0xB595, 0xAD54, 0xAD54, 0xBDF7, 0xB5B6,
  0x94B2, 0x9491, 0x8430, 0x8C50, 0x8C50, 0x840F, 0x7BEF, 0x73AE, 0x73AE, 0x840F, 0x8430, 0x8430,
  0x9491, 0x8C71, 0x9491, 0x94B2, 0xB595, 0xB595, 0xA534, 0xAD54, 0xA513, 0xA513, 0x9CF3, 0xA534,
  0xA513, 0x9CF3, 0x9CD2, 0xA534, 0xAD54, 0x9CF3, 0x94B2, 0x9CF3, 0x9CF3, 0x9CD2, 0xA534, 0x94B2,
  0x94B2, 0x94B2, 0x8C71, 0x9491, 0x8C50, 0x9491, 0x94B2, 0x9491, 0x7BEF, 0x8C50, 0x7BEF, 0x7BEF,
  0x0000, 0x0000, 0x0000, 0x0000, 0x0000, 0x0000, 0x0000, 0x0000, 0x0000, 0x0000, 0x0000, 0x0000,
  0x0000, 0x0000, 0x0000, 0x0000, 0x0000, 0x0000, 0x0000, 0x0000, 0x0000, 0x0000, 0x0000, 0x0000,
  0x0000, 0x0000, 0x0000, 0x0000, 0x0000, 0x0000, 0x0000, 0x0000, 0x0000, 0x5ACA, 0x5ACA, 0x632C,
  0x5ACA, 0x5ACA, 0x630B, 0x632C, 0x738D, 0x7BEF, 0x840F, 0x8430, 0x7BEF, 0x9CF3, 0xBDD6, 0x6B4C,
  0x630B, 0x632C, 0x5AEB, 0x630B, 0x630B, 0x8C71, 0x73AE, 0x7BEF, 0x8430, 0xB595, 0xAD54, 0xA534,
  0xA534, 0xA534, 0xB595, 0xA534, 0xAD54, 0xB595, 0xA534, 0xA534, 0xB595, 0xB595, 0xA534, 0xAD75,
  0xAD54, 0xA513, 0xAD54, 0xA534, 0xA513, 0x94B2, 0xB595, 0xB595, 0x9CD2, 0x9CD2, 0x94B2, 0x8C50,
  0x7BEF, 0x7BCE, 0x7BEF, 0x7BEF, 0x7BEF, 0x840F, 0x8C71, 0x8430, 0x94B2, 0x94B2, 0x9CD2, 0x94B2,
  0xB5B6, 0xA534, 0xA513, 0xAD54, 0xA513, 0xAD54, 0xA534, 0x9CF3, 0x9CF3, 0xA534, 0xA534, 0x9CF3,
  0xA513, 0x9CD2, 0x9CD2, 0xA534, 0x9CF3, 0xA513, 0x9CF3, 0x94B2, 0x9491, 0x8C71, 0x9CD2, 0x94B2,
  0x8C71, 0x8C50, 0x9491, 0x8430, 0x8C71, 0x7BEF, 0x7BCE, 0x0000, 0x0000, 0x0000, 0x0000, 0x0000,
  0x0000, 0x0000, 0x0000, 0x0000, 0x0000, 0x0000, 0x0000, 0x0000, 0x0000, 0x0000, 0x0000, 0x0000,
  0x0000, 0x0000, 0x0000, 0x0000, 0x0000, 0x0000, 0x0000, 0x0000, 0x0000, 0x0000, 0x0000, 0x0000,
  0x0000, 0x0000, 0x0000, 0x0000, 0x0000, 0x0000, 0x632C, 0x6B4C, 0x6B4C, 0x6B4C, 0x6B4C, 0x632C,
  0x7BCE, 0x7BEF, 0x840F, 0x7BCE, 0x8430, 0x94B2, 0xAD54, 0xA534, 0x632C, 0x738D, 0x632C, 0x632C,
  0x6B6D, 0x8C71, 0x7BCE, 0x8430, 0x8C50, 0xAD54, 0x9CD2, 0xA534, 0xAD75, 0xAD75, 0xA534, 0xA534,
  0xAD54, 0xA534, 0xAD54, 0xA534, 0xA534, 0xA513, 0xA534, 0xA513, 0xA513, 0xA513, 0xA513, 0xAD75,
  0xAD54, 0x9CF3, 0xB5B6, 0xAD75, 0x8C71, 0x8C71, 0x8C50, 0x8C50, 0x840F, 0x8430, 0x8430, 0x7BEF,
  0x7BCE, 0x8430, 0x840F, 0x8430, 0x8430, 0x9491, 0x8C50, 0xAD75, 0xAD54, 0x9CD2, 0xA534, 0xA534,
  0xA534, 0xA534, 0xAD54, 0x9CD2, 0xAD54, 0xA534, 0xA513, 0x9CD2, 0x94B2, 0x9CF3, 0x9CD2, 0x9CD2,
  0x9491, 0x9491, 0x9CD2, 0x9491, 0x9CF3, 0x94B2, 0x9CD2, 0x8C71, 0x94B2, 0x8C71, 0x8C50, 0x7BEF,
  0x840F, 0x840F, 0x0000, 0x0000, 0x0000, 0x0000, 0x0000, 0x0000, 0x0000, 0x0000, 0x0000, 0x0000,
  0x0000, 0x0000, 0x0000, 0x0000, 0x0000, 0x0000, 0x0000, 0x0000, 0x0000, 0x0000, 0x0000, 0x0000,
  0x0000, 0x0000, 0x0000, 0x0000, 0x0000, 0x0000, 0x0000, 0x0000, 0x0000, 0x0000, 0x0000, 0x0000,
  0x0000, 0x0000, 0x0000, 0x630B, 0x630B, 0x630B, 0x632C, 0x6B4C, 0x73AE, 0x738D, 0x7BCE, 0x840F,
  0xA534, 0x9CF3, 0x9CD2, 0x8C71, 0xB595, 0x73AE, 0x6B6D, 0x738D, 0x8430, 0x7BCE, 0x8C50, 0xA513,
  0xAD75, 0xAD75, 0x9CF3, 0x9CF3, 0xA534, 0xAD54, 0xA534, 0x9CF3, 0xAD75, 0xAD75, 0xB595, 0xAD54,
  0xAD54, 0xAD75, 0xA534, 0xA534, 0xAD75, 0x9CF3, 0xAD75, 0xB595, 0x9CF3, 0xA534, 0xB5B6, 0xBDD6,
  0x9491, 0x94B2, 0x9491, 0x8430, 0x8C50, 0x8C50, 0x8C50, 0x8C50, 0x8C50, 0x7BEF, 0x8430, 0x9491,
  0x8C50, 0x94B2, 0x94B2, 0xAD75, 0xB595, 0xA534, 0xA534, 0xA534, 0xA513, 0x9CD2, 0x9CD2, 0x9CD2,
  0xA534, 0xA513, 0x94B2, 0x94B2, 0x9491, 0x9CF3, 0x9491, 0x94B2, 0x94B2, 0x9CD2, 0x9CF3, 0x8C71,
  0x94B2, 0x8C71, 0x8C50, 0x8430, 0x8430, 0x840F, 0x8C50, 0x7BEF, 0x73AE, 0x0000, 0x0000, 0x0000,
  0x0000, 0x0000, 0x0000, 0x0000, 0x0000, 0x0000, 0x0000, 0x0000, 0x0000, 0x0000, 0x0000, 0x0000,
  0x0000, 0x0000, 0x0000, 0x0000, 0x0000, 0x0000, 0x0000, 0x0000, 0x0000, 0x0000, 0x0000, 0x0000,
  0x0000, 0x0000, 0x0000, 0x0000, 0x0000, 0x0000, 0x0000, 0x0000, 0x0000, 0x0000, 0x0000, 0x0000,
  0x5AEB, 0x632C, 0x738D, 0x6B6D, 0x6B6D, 0x73AE, 0x7BEF, 0x8C50, 0xA513, 0xA513, 0x7BEF, 0x840F,
  0x94B2, 0x9CF3, 0xAD75, 0x94B2, 0x9CD2, 0xA534, 0xA534, 0xA534, 0x9CD2, 0x9CD2, 0xA534, 0xAD54,
  0xA534, 0xA534, 0xA513, 0xA513, 0xAD54, 0xAD54, 0xA513, 0xA513, 0x9CF3, 0x9CF3, 0x9CF3, 0xA534,
  0x9CF3, 0xA513, 0xB595, 0xA534, 0xA534, 0xA534, 0x9CD2, 0xAD75, 0xB595, 0x9491, 0x94B2, 0x9491,
  0x840F, 0x9491, 0x840F, 0x840F, 0x7BEF, 0x840F, 0x8430, 0x8C71, 0x94B2, 0x9CD2, 0xB5B6, 0xAD54,
  0xB5B6, 0xA534, 0xA513, 0x9CF3, 0x9CD2, 0x9CF3, 0x9CF3, 0xA534, 0x9CD2, 0xA534, 0x9CF3, 0x9491,
  0xA513, 0xA513, 0x9CD2, 0x94B2, 0x94B2, 0x8C71, 0x9CD2, 0x94B2, 0x8C50, 0x8C50, 0x8C71, 0x8C71,
  0x8C71, 0x8C50, 0x840F, 0x7BEF, 0x0000, 0x0000, 0x0000, 0x0000, 0x0000, 0x0000, 0x0000, 0x0000,
  0x0000, 0x0000, 0x0000, 0x0000, 0x0000, 0x0000, 0x0000, 0x0000, 0x0000, 0x0000, 0x0000, 0x0000,
  0x0000, 0x0000, 0x0000, 0x0000, 0x0000, 0x0000, 0x0000, 0x0000, 0x0000, 0x0000, 0x0000, 0x0000,
  0x0000, 0x0000, 0x0000, 0x0000, 0x0000, 0x0000, 0x0000, 0x0000, 0x0000, 0x630B, 0x6B4C, 0x6B6D,
  0x7BCE, 0x73AE, 0x738D, 0x94B2, 0x9CD2, 0xA534, 0x8C71, 0x9491, 0x8C50, 0x840F, 0xAD54, 0xA534,
  0x9CF3, 0xAD75, 0x8C71, 0x9CF3, 0x9CF3, 0xA513, 0x9CF3, 0x9CD2, 0x9CF3, 0xA534, 0xAD54, 0x9CF3,
  0x9CF3, 0xAD75, 0xAD75, 0xA534, 0x9CF3, 0x9CF3, 0xAD54, 0xAD54, 0xAD54, 0xA534, 0xA513, 0xA534,
  0xA513, 0xAD54, 0x9CD2, 0xA534, 0xAD75, 0xB595, 0x8C71, 0x8430, 0x8C71, 0x9491, 0x840F, 0x8C50,
  0x8C71, 0x8C50, 0x9491, 0x8430, 0x8430, 0x8C50, 0xA534, 0xAD54, 0x9CD2, 0x9CD2, 0x94B2, 0xA513,
  0x9CD2, 0x9CF3, 0xA513, 0x94B2, 0xA513, 0x9CF3, 0xA513, 0x9CF3, 0x9491, 0x94B2, 0x9CF3, 0x94B2,
  0x9CD2, 0x9CD2, 0x8C71, 0x9CD2, 0x9491, 0x94B2, 0x840F, 0x8C71, 0x7BEF, 0x7BEF, 0x738D, 0x0000,
  0x0000, 0x0000, 0x0000, 0x0000, 0x0000, 0x0000, 0x0000, 0x0000, 0x0000, 0x0000, 0x0000, 0x0000,
  0x0000, 0x0000, 0x0000, 0x0000, 0x0000, 0x0000, 0x0000, 0x0000, 0x0000, 0x0000, 0x0000, 0x0000,
  0x0000, 0x0000, 0x0000, 0x0000, 0x0000, 0x0000, 0x0000, 0x0000, 0x0000, 0x0000, 0x0000, 0x0000,
  0x0000, 0x0000, 0x0000, 0x0000, 0x0000, 0x0000, 0x5AEB, 0x6B4C, 0x7BCE, 0x738D, 0x9CD2, 0x9CF3,
  0x9491, 0x9491, 0x8430, 0x8C50, 0x8C71, 0x94B2, 0x94B2, 0x9491, 0x8C50, 0x9491, 0x8C71, 0x94B2,
  0x94B2, 0x9CD2, 0x9CD2, 0xA513, 0xAD54, 0xA534, 0x9CD2, 0xA534, 0xAD54, 0xAD54, 0xAD54, 0x9CF3,
  0x9CF3, 0xAD54, 0xA513, 0xAD75, 0xAD75, 0xA513, 0xAD54, 0xAD54, 0xAD75, 0x9CD2, 0xA534, 0xA513,
  0xA534, 0xAD75, 0xAD54, 0x8C71, 0x9491, 0x8C50, 0x8C50, 0x9491, 0x8C71, 0x8C50, 0x9491, 0x9491,
  0x9491, 0xAD75, 0xAD54, 0x9491, 0x9491, 0xA534, 0xA513, 0xAD54, 0xA513, 0x9CD2, 0xA513, 0x9CD2,
  0x9CD2, 0x94B2, 0x94B2, 0x9491, 0x9CD2, 0x9CD2, 0x94B2, 0x9CF3, 0x94B2, 0x9CD2, 0x8C50, 0x8C71,
  0x8430, 0x840F, 0x8C71, 0x8C50, 0x840F, 0x738D, 0x0000, 0x0000, 0x0000, 0x0000, 0x0000, 0x0000,
  0x0000, 0x0000, 0x0000, 0x0000, 0x0000, 0x0000, 0x0000, 0x0000, 0x0000, 0x0000, 0x0000, 0x0000,
  0x0000, 0x0000, 0x0000, 0x0000, 0x0000, 0x0000, 0x0000, 0x0000, 0x0000, 0x0000, 0x0000, 0x0000,
  0x0000, 0x0000, 0x0000, 0x0000, 0x0000, 0x0000, 0x0000, 0x0000, 0x0000, 0x0000, 0x0000, 0x0000,
  0x0000, 0x0000, 0x0000, 0x632C, 0x6B4C, 0x8C71, 0x8C50, 0x9CD2, 0x7BEF, 0x7BEF, 0x8C50, 0x8C50,
  0x94B2, 0x94B2, 0x94B2, 0x94B2, 0x9CF3, 0x94B2, 0x9491, 0x9CF3, 0x9CD2, 0x9CF3, 0x9CF3, 0x9491,
  0x94B2, 0x9CD2, 0x9CF3, 0xA534, 0x94B2, 0x9CF3, 0xA513, 0x94B2, 0xA534, 0xA534, 0xA534, 0xAD54,
  0xAD54, 0x9CF3, 0xA513, 0xA534, 0xAD54, 0xA513, 0xA513, 0x94B2, 0x9491, 0xB5B6, 0xAD75, 0xB5B6,
  0x9CD2, 0x94B2, 0x8C71, 0x94B2, 0x94B2, 0x8430, 0x8C71, 0xA513, 0xAD54, 0xA513, 0xA534, 0x9491,
  0x9491, 0x94B2, 0x9CD2, 0x9CF3, 0xA513, 0x9CF3, 0xA534, 0xA513, 0x94B2, 0xA513, 0x9CD2, 0x8C71,
  0x9491, 0x94B2, 0x94B2, 0x8C71, 0x9491, 0x8C71, 0x840F, 0x8430, 0x840F, 0x7BEF, 0x7BEF, 0x8430,
  0x7BCE, 0x0000, 0x0000, 0x0000, 0x0000, 0x0000, 0x0000, 0x0000, 0x0000, 0x0000, 0x0000, 0x0000,
  0x0000, 0x0000, 0x0000, 0x0000, 0x0000, 0x0000, 0x0000, 0x0000, 0x0000, 0x0000, 0x0000, 0x0000,
  0x0000, 0x0000, 0x0000, 0x0000, 0x0000, 0x0000, 0x0000, 0x0000, 0x0000, 0x0000, 0x0000, 0x0000,
  0x0000, 0x0000, 0x0000, 0x0000, 0x0000, 0x0000, 0x0000, 0x0000, 0x0000, 0x0000, 0x0000, 0x0000,
  0x0000, 0x840F, 0x9491, 0x8430, 0x73AE, 0x8430, 0x8C71, 0x94B2, 0x8C50, 0x8C50, 0x9CD2, 0x9491,
  0x9491, 0x94B2, 0x9CF3, 0x9CF3, 0x9CD2, 0x94B2, 0x94B2, 0x9CD2, 0xA534, 0x94B2, 0x9CD2, 0xA513,
  0xA534, 0xA534, 0xA534, 0xA534, 0x9CD2, 0xA534, 0xA534, 0xA513, 0x9CD2, 0x9CF3, 0x9CD2, 0x9CF3,
  0x9CF3, 0x9CD2, 0x9CF3, 0x9CF3, 0x9CF3, 0xA513, 0xB595, 0xAD54, 0xAD54, 0xB595, 0xAD54, 0xAD54,
  0xB595, 0xB595, 0xA534, 0xA534, 0xA534, 0x9CD2, 0x8C71, 0xA513, 0xA513, 0x9CF3, 0xA513, 0xA513,
  0x9CD2, 0x9CF3, 0x9CF3, 0x9CD2, 0x94B2, 0x8C71, 0x9491, 0x94B2, 0x9CD2, 0x8C50, 0x9491, 0x8C71,
  0x8C71, 0x8C71, 0x8430, 0x8C71, 0x7BEF, 0x840F, 0x840F, 0x0000, 0x0000, 0x0000, 0x0000, 0x0000,
  0x0000, 0x0000, 0x0000, 0x0000, 0x0000, 0x0000, 0x0000, 0x0000, 0x0000, 0x0000, 0x0000, 0x0000,
  0x0000, 0x0000, 0x0000, 0x0000, 0x0000, 0x0000, 0x0000, 0x0000, 0x0000, 0x0000, 0x0000, 0x0000,
  0x0000, 0x0000, 0x0000, 0x0000, 0x0000, 0x0000, 0x0000, 0x0000, 0x0000, 0x0000, 0x0000, 0x0000,
  0x0000, 0x0000, 0x0000, 0x0000, 0x0000, 0x0000, 0x0000, 0x0000, 0x0000, 0x0000, 0x73AE, 0x7BEF,
  0x7BCE, 0x8C50, 0x8C71, 0x840F, 0x9491, 0x8C50, 0x9491, 0x9491, 0x9491, 0x94B2, 0x94B2, 0x94B2,
  0x9CF3, 0x9CD2, 0xA513, 0x9CD2, 0x94B2, 0xA513, 0x9CD2, 0x9CD2, 0x94B2, 0xA534, 0xA513, 0x9CD2,
  0x94B2, 0xA534, 0x9CF3, 0xA534, 0xAD54, 0xA534, 0x9CF3, 0x9CF3, 0xA534, 0xA513, 0xA534, 0x94B2,
  0xA534, 0x9CF3, 0xA513, 0x9CD2, 0xAD54, 0xA534, 0xAD54, 0xA513, 0xAD75, 0xB595, 0xB595, 0x9CD2,
  0x8C71, 0x9491, 0x94B2, 0x9CD2, 0x94B2, 0x9CF3, 0x9CF3, 0xA513, 0xA513, 0x9CD2, 0x8C71, 0x9CD2,
  0x9491, 0x9CF3, 0x9CD2, 0x9CD2, 0x8C71, 0x9491, 0x9491, 0x9491, 0x9491, 0x8430, 0x8C50, 0x8430,
  0x7BEF, 0x840F, 0x0000, 0x0000, 0x0000, 0x0000, 0x0000, 0x0000, 0x0000, 0x0000, 0x0000, 0x0000,
  0x0000, 0x0000, 0x0000, 0x0000, 0x0000, 0x0000, 0x0000, 0x0000, 0x0000, 0x0000, 0x0000, 0x0000,
  0x0000, 0x0000, 0x0000, 0x0000, 0x0000, 0x0000, 0x0000, 0x0000, 0x0000, 0x0000, 0x0000, 0x0000,
  0x0000, 0x0000, 0x0000, 0x0000, 0x0000, 0x0000, 0x0000, 0x0000, 0x0000, 0x0000, 0x0000, 0x0000,
  0x0000, 0x0000, 0x0000, 0x0000, 0x0000, 0x0000, 0x0000, 0x7BCE, 0x7BEF, 0x7BEF, 0x7BEF, 0x7BEF,
  0x8C71, 0x9491, 0x8C50, 0x8C50, 0x9CD2, 0x8C50, 0x8C50, 0x94B2, 0x94B2, 0x94B2, 0x9CD2, 0x8C71,
  0x8C71, 0x8C71, 0x9CD2, 0x94B2, 0x9491, 0x94B2, 0x94B2, 0xA513, 0xA534, 0x9CF3, 0xA513, 0x94B2,
  0x94B2, 0xA534, 0x9CD2, 0x9CD2, 0x9CD2, 0xA513, 0xAD54, 0x9CF3, 0x9CF3, 0x9CD2, 0x9CF3, 0xA513,
  0x94B2, 0x9CF3, 0x8C71, 0x9CD2, 0x9CD2, 0x9CD2, 0x9CD2, 0x9CF3, 0xA513, 0x9491, 0x9CF3, 0x94B2,
  0x9CF3, 0x9CF3, 0x9491, 0x9CD2, 0x9CD2, 0x9491, 0x9CD2, 0x9CD2, 0x94B2, 0x94B2, 0x94B2, 0x9491,
  0x8C50, 0x8C71, 0x8C50, 0x9491, 0x840F, 0x7BEF, 0x7BEF, 0x840F, 0x73AE, 0x0000, 0x0000, 0x0000,
  0x0000, 0x0000, 0x0000, 0x0000, 0x0000, 0x0000, 0x0000, 0x0000, 0x0000, 0x0000, 0x0000, 0x0000,
  0x0000, 0x0000, 0x0000, 0x0000, 0x0000, 0x0000, 0x0000, 0x0000, 0x0000, 0x0000, 0x0000, 0x0000,
  0x0000, 0x0000, 0x0000, 0x0000, 0x0000, 0x0000, 0x0000, 0x0000, 0x0000, 0x0000, 0x0000, 0x0000,
  0x0000, 0x0000, 0x0000, 0x0000, 0x0000, 0x0000, 0x0000, 0x0000, 0x0000, 0x0000, 0x0000, 0x0000,
  0x0000, 0x0000, 0x0000, 0x0000, 0x0000, 0x738D, 0x7BEF, 0x8C50, 0x8C50, 0x8C71, 0x8430, 0x8C71,
  0x8C71, 0x8C71, 0x8C50, 0x8C71, 0x9CD2, 0x9CD2, 0x94B2, 0x8C71, 0x94B2, 0x94B2, 0x9CF3, 0x9CF3,
  0x9CF3, 0x9491, 0x9CD2, 0x9CF3, 0x9491, 0x9CF3, 0x94B2, 0x94B2, 0x94B2, 0x94B2, 0xA513, 0xA534,
  0x9CF3, 0x9CF3, 0xA534, 0x9CD2, 0x9CD2, 0xA513, 0x9CF3, 0xA513, 0x9CF3, 0x9CD2, 0x9CF3, 0x8C71,
  0x9491, 0x9491, 0x8C71, 0x9CD2, 0xA513, 0x9CF3, 0xA513, 0x9491, 0x9CF3, 0xA513, 0x9491, 0x9CF3,
  0x94B2, 0x9CD2, 0x9CD2, 0x9491, 0x9CD2, 0x94B2, 0x8C50, 0x94B2, 0x840F, 0x8C50, 0x8430, 0x8C71,
  0x8430, 0x7BEF, 0x7BCE, 0x0000, 0x0000, 0x0000, 0x0000, 0x0000, 0x0000, 0x0000, 0x0000, 0x0000,
  0x0000, 0x0000, 0x0000, 0x0000, 0x0000, 0x0000, 0x0000, 0x0000, 0x0000, 0x0000, 0x0000, 0x0000,
  0x0000, 0x0000, 0x0000, 0x0000, 0x0000, 0x0000, 0x0000, 0x0000, 0x0000, 0x0000, 0x0000, 0x0000,
  0x0000, 0x0000, 0x0000, 0x0000, 0x0000, 0x0000, 0x0000, 0x0000, 0x0000, 0x0000, 0x0000, 0x0000,
  0x0000, 0x0000, 0x0000, 0x0000, 0x0000, 0x0000, 0x0000, 0x0000, 0x0000, 0x0000, 0x0000, 0x0000,
  0x0000, 0x0000, 0x7BCE, 0x7BCE, 0x7BCE, 0x7BCE, 0x7BEF, 0x8C71, 0x8430, 0x8430, 0x94B2, 0x8C71,
  0x8C50, 0x9CD2, 0x8C71, 0x9CD2, 0x9CD2, 0x9CD2, 0x9491, 0x9CF3, 0x94B2, 0x94B2, 0xA513, 0xA513,
  0x9491, 0x9491, 0x9CD2, 0x9CD2, 0x9CD2, 0x9CF3, 0x9CD2, 0xA513, 0xA513, 0x9CD2, 0x9CD2, 0x9CF3,
  0xA534, 0x94B2, 0x9CD2, 0xA534, 0x9491, 0xA513, 0xA513, 0x9491, 0x9491, 0x9491, 0xA513, 0x9CF3,
  0x9CF3, 0xA513, 0x9491, 0x9CF3, 0x9CD2, 0x8C71, 0x9CD2, 0x94B2, 0x94B2, 0x8C71, 0x9491, 0x94B2,
  0x94B2, 0x8430, 0x8C50, 0x8430, 0x840F, 0x8C50, 0x8C50, 0x7BCE, 0x7BCE, 0x7BCE, 0x0000, 0x0000,
  0x0000, 0x0000, 0x0000, 0x0000, 0x0000, 0x0000, 0x0000, 0x0000, 0x0000, 0x0000, 0x0000, 0x0000,
  0x0000, 0x0000, 0x0000, 0x0000, 0x0000, 0x0000, 0x0000, 0x0000, 0x0000, 0x0000, 0x0000, 0x0000,
  0x0000, 0x0000, 0x0000, 0x0000, 0x0000, 0x0000, 0x0000, 0x0000, 0x0000, 0x0000, 0x0000, 0x0000,
  0x0000, 0x0000, 0x0000, 0x0000, 0x0000, 0x0000, 0x0000, 0x0000, 0x0000, 0x0000, 0x0000, 0x0000,
  0x0000, 0x0000, 0x0000, 0x0000, 0x0000, 0x0000, 0x0000, 0x0000, 0x0000, 0x0000, 0x0000, 0x0000,
  0x738D, 0x840F, 0x7BEF, 0x8C50, 0x8C50, 0x8C71, 0x9491, 0x8C50, 0x94B2, 0x9491, 0x8C50, 0x94B2,
  0x9CD2, 0x9CD2, 0x9CF3, 0x94B2, 0x9CD2, 0x8C71, 0x94B2, 0x8C71, 0x94B2, 0x9CD2, 0x9CF3, 0x9CF3,
  0x9CD2, 0x9CF3, 0x9CF3, 0x9CF3, 0x9CF3, 0x9CD2, 0xA513, 0x9491, 0x9CD2, 0x9491, 0x94B2, 0x94B2,
  0x94B2, 0xA513, 0xA513, 0x8C71, 0x9CD2, 0xA513, 0x8C71, 0x94B2, 0x9CD2, 0x9491, 0x8C50, 0x9CD2,
  0x94B2, 0x8C71, 0x9CD2, 0x9CD2, 0x9491, 0x8C71, 0x8C50, 0x94B2, 0x9491, 0x840F, 0x9491, 0x8C50,
  0x840F, 0x8C50, 0x7BCE, 0x840F, 0x0000, 0x0000, 0x0000, 0x0000, 0x0000, 0x0000, 0x0000, 0x0000,
  0x0000, 0x0000, 0x0000, 0x0000, 0x0000, 0x0000, 0x0000, 0x0000, 0x0000, 0x0000, 0x0000, 0x0000,
  0x0000, 0x0000, 0x0000, 0x0000, 0x0000, 0x0000, 0x0000, 0x0000, 0x0000, 0x0000, 0x0000, 0x0000,
  0x0000, 0x0000, 0x0000, 0x0000, 0x0000, 0x0000, 0x0000, 0x0000, 0x0000, 0x0000, 0x0000, 0x0000,
  0x0000, 0x0000, 0x0000, 0x0000, 0x0000, 0x0000, 0x0000, 0x0000, 0x0000, 0x0000, 0x0000, 0x0000,
  0x0000, 0x0000, 0x0000, 0x0000, 0x0000, 0x0000, 0x0000, 0x0000, 0x0000, 0x0000, 0x738D, 0x8430,
  0x8430, 0x8430, 0x8C71, 0x7BEF, 0x9491, 0x8C71, 0x8430, 0x8430, 0x8C71, 0x8430, 0x94B2, 0x94B2,
  0x94B2, 0x8C50, 0x94B2, 0x8C71, 0x8C71, 0x9491, 0x9CD2, 0x94B2, 0x8C71, 0x9CF3, 0x94B2, 0x9491,
  0x94B2, 0x9CD2, 0x9CD2, 0x8C71, 0x9491, 0x9CD2, 0x9CF3, 0x9491, 0x8C71, 0x9491, 0x9CD2, 0x9491,
  0x9491, 0x9491, 0x9CD2, 0x94B2, 0x94B2, 0x8C71, 0x8C71, 0x9CD2, 0x9CD2, 0x9CD2, 0x9491, 0x9491,
  0x94B2, 0x8C50, 0x8C50, 0x840F, 0x8430, 0x7BEF, 0x7BEF, 0x7BCE, 0x840F, 0x840F, 0x0000, 0x0000,
  0x0000, 0x0000, 0x0000, 0x0000, 0x0000, 0x0000, 0x0000, 0x0000, 0x0000, 0x0000, 0x0000, 0x0000,
  0x0000, 0x0000, 0x0000, 0x0000, 0x0000, 0x0000, 0x0000, 0x0000, 0x0000, 0x0000, 0x0000, 0x0000,
  0x0000, 0x0000, 0x0000, 0x0000, 0x0000, 0x0000, 0x0000, 0x0000, 0x0000, 0x0000, 0x0000, 0x0000,
  0x0000, 0x0000, 0x0000, 0x0000, 0x0000, 0x0000, 0x0000, 0x0000, 0x0000, 0x0000, 0x0000, 0x0000,
  0x0000, 0x0000, 0x0000, 0x0000, 0x0000, 0x0000, 0x0000, 0x0000, 0x0000, 0x0000, 0x0000, 0x0000,
  0x0000, 0x0000, 0x0000, 0x0000, 0x0000, 0x0000, 0x0000, 0x0000, 0x840F, 0x7BEF, 0x840F, 0x8430,
  0x8C50, 0x840F, 0x8C71, 0x8430, 0x840F, 0x9491, 0x8C50, 0x9491, 0x94B2, 0x94B2, 0x8C71, 0x9491,
  0x9491, 0x9CD2, 0x8C71, 0x8C71, 0x8C71, 0x8C50, 0x8C71, 0x9491, 0x9491, 0x9491, 0x9491, 0x9CF3,
  0x8C71, 0x94B2, 0x9CD2, 0x94B2, 0x9CD2, 0x8C71, 0x8C71, 0x8C71, 0x94B2, 0x8C71, 0x9CD2, 0x9CD2,
  0x9491, 0x94B2, 0x8C71, 0x94B2, 0x9491, 0x8C50, 0x9491, 0x8430, 0x840F, 0x8C50, 0x8C50, 0x7BEF,
  0x7BEF, 0x8430, 0x8430, 0x7BEF, 0x0000, 0x0000, 0x0000, 0x0000, 0x0000, 0x0000, 0x0000, 0x0000,
  0x0000, 0x0000, 0x0000, 0x0000, 0x0000, 0x0000, 0x0000, 0x0000, 0x0000, 0x0000, 0x0000, 0x0000,
  0x0000, 0x0000, 0x0000, 0x0000, 0x0000, 0x0000, 0x0000, 0x0000, 0x0000, 0x0000, 0x0000, 0x0000,
  0x0000, 0x0000, 0x0000, 0x0000, 0x0000, 0x0000, 0x0000, 0x0000, 0x0000, 0x0000, 0x0000, 0x0000,
  0x0000, 0x0000, 0x0000, 0x0000, 0x0000, 0x0000, 0x0000, 0x0000, 0x0000, 0x0000, 0x0000, 0x0000,
  0x0000, 0x0000, 0x0000, 0x0000, 0x0000, 0x0000, 0x0000, 0x0000, 0x0000, 0x0000, 0x0000, 0x0000,
  0x0000, 0x0000, 0x0000, 0x0000, 0x0000, 0x0000, 0x7BCE, 0x8430, 0x7BEF, 0x7BEF, 0x8C50, 0x840F,
  0x840F, 0x840F, 0x8C50, 0x94B2, 0x840F, 0x840F, 0x94B2, 0x8C71, 0x94B2, 0x9CD2, 0x8C50, 0x9491,
  0x8430, 0x9CD2, 0x94B2, 0x94B2, 0x94B2, 0x8C50, 0x9CD2, 0x9491, 0x94B2, 0x8C71, 0x94B2, 0x9491,
  0x8C71, 0x9491, 0x94B2, 0x8C71, 0x9491, 0x9491, 0x94B2, 0x8C50, 0x8C50, 0x9491, 0x9491, 0x8430,
  0x94B2, 0x8C71, 0x840F, 0x8C50, 0x840F, 0x8C50, 0x7BEF, 0x8430, 0x7BEF, 0x7BCE, 0x0000, 0x0000,
  0x0000, 0x0000, 0x0000, 0x0000, 0x0000, 0x0000, 0x0000, 0x0000, 0x0000, 0x0000, 0x0000, 0x0000,
  0x0000, 0x0000, 0x0000, 0x0000, 0x0000, 0x0000, 0x0000, 0x0000, 0x0000, 0x0000, 0x0000, 0x0000,
  0x0000, 0x0000, 0x0000, 0x0000, 0x0000, 0x0000, 0x0000, 0x0000, 0x0000, 0x0000, 0x0000, 0x0000,
  0x0000, 0x0000, 0x0000, 0x0000, 0x0000, 0x0000, 0x0000, 0x0000, 0x0000, 0x0000, 0x0000, 0x0000,
  0x0000, 0x0000, 0x0000, 0x0000, 0x0000, 0x0000, 0x0000, 0x0000, 0x0000, 0x0000, 0x0000, 0x0000,
  0x0000, 0x0000, 0x0000, 0x0000, 0x0000, 0x0000, 0x0000, 0x0000, 0x0000, 0x0000, 0x0000, 0x0000,
  0x0000, 0x0000, 0x0000, 0x0000, 0x738D, 0x840F, 0x840F, 0x7BEF, 0x840F, 0x8C71, 0x8C50, 0x9491,
  0x9491, 0x8430, 0x8C50, 0x9491, 0x8C71, 0x94B2, 0x8430, 0x9491, 0x8C50, 0x94B2, 0x8430, 0x94B2,
  0x9491, 0x9CD2, 0x8C50, 0x9491, 0x9CD2, 0x9491, 0x9CD2, 0x8C71, 0x8C50, 0x94B2, 0x8430, 0x8C71,
  0x8430, 0x9491, 0x9491, 0x8C71, 0x8C50, 0x8C50, 0x8C71, 0x8C50, 0x840F, 0x9491, 0x7BEF, 0x840F,
  0x7BCE, 0x73AE, 0x7BEF, 0x73AE, 0x0000, 0x0000, 0x0000, 0x0000, 0x0000, 0x0000, 0x0000, 0x0000,
  0x0000, 0x0000, 0x0000, 0x0000, 0x0000, 0x0000, 0x0000, 0x0000, 0x0000, 0x0000, 0x0000, 0x0000,
  0x0000, 0x0000, 0x0000, 0x0000, 0x0000, 0x0000, 0x0000, 0x0000, 0x0000, 0x0000, 0x0000, 0x0000,
  0x0000, 0x0000, 0x0000, 0x0000, 0x0000, 0x0000, 0x0000, 0x0000, 0x0000, 0x0000, 0x0000, 0x0000,
  0x0000, 0x0000, 0x0000, 0x0000, 0x0000, 0x0000, 0x0000, 0x0000, 0x0000, 0x0000, 0x0000, 0x0000,
  0x0000, 0x0000, 0x0000, 0x0000, 0x0000, 0x0000, 0x0000, 0x0000, 0x0000, 0x0000, 0x0000, 0x0000,
  0x0000, 0x0000, 0x0000, 0x0000, 0x0000, 0x0000, 0x0000, 0x0000, 0x0000, 0x0000, 0x0000, 0x0000,
  0x0000, 0x0000, 0x0000, 0x73AE, 0x840F, 0x73AE, 0x8430, 0x8430, 0x7BEF, 0x8430, 0x8430, 0x8430,
  0x8C50, 0x8C71, 0x840F, 0x8C50, 0x94B2, 0x94B2, 0x8C71, 0x8C71, 0x9491, 0x9491, 0x8430, 0x8C50,
  0x8C50, 0x8430, 0x8430, 0x8C71, 0x8C50, 0x8430, 0x8430, 0x8430, 0x840F, 0x9491, 0x8C50, 0x840F,
  0x8C71, 0x8C50, 0x840F, 0x8430, 0x8C50, 0x8C50, 0x840F, 0x73AE, 0x73AE, 0x0000, 0x0000, 0x0000,
  0x0000, 0x0000, 0x0000, 0x0000, 0x0000, 0x0000, 0x0000, 0x0000, 0x0000, 0x0000, 0x0000, 0x0000,
  0x0000, 0x0000, 0x0000, 0x0000, 0x0000, 0x0000, 0x0000, 0x0000, 0x0000, 0x0000, 0x0000, 0x0000,
  0x0000, 0x0000, 0x0000, 0x0000, 0x0000, 0x0000, 0x0000, 0x0000, 0x0000, 0x0000, 0x0000, 0x0000,
  0x0000, 0x0000, 0x0000, 0x0000, 0x0000, 0x0000, 0x0000, 0x0000, 0x0000, 0x0000, 0x0000, 0x0000,
  0x0000, 0x0000, 0x0000, 0x0000, 0x0000, 0x0000, 0x0000, 0x0000, 0x0000, 0x0000, 0x0000, 0x0000,
  0x0000, 0x0000, 0x0000, 0x0000, 0x0000, 0x0000, 0x0000, 0x0000, 0x0000, 0x0000, 0x0000, 0x0000,
  0x0000, 0x0000, 0x0000, 0x0000, 0x0000, 0x0000, 0x0000, 0x0000, 0x0000, 0x0000, 0x0000, 0x0000,
  0x0000, 0x0000, 0x73AE, 0x7BEF, 0x840F, 0x7BCE, 0x7BEF, 0x7BEF, 0x8C71, 0x8430, 0x8430, 0x7BEF,
  0x8430, 0x8C71, 0x9491, 0x8C50, 0x8C71, 0x8C50, 0x8430, 0x8430, 0x8C50, 0x8C71, 0x8430, 0x8C50,
  0x8C50, 0x8430, 0x8C50, 0x8C50, 0x7BEF, 0x8C50, 0x8C50, 0x7BEF, 0x8C50, 0x8C50, 0x7BEF, 0x8430,
  0x840F, 0x7BCE, 0x0000, 0x0000, 0x0000, 0x0000, 0x0000, 0x0000, 0x0000, 0x0000, 0x0000, 0x0000,
  0x0000, 0x0000, 0x0000, 0x0000, 0x0000, 0x0000, 0x0000, 0x0000, 0x0000, 0x0000, 0x0000, 0x0000,
  0x0000, 0x0000, 0x0000, 0x0000, 0x0000, 0x0000, 0x0000, 0x0000, 0x0000, 0x0000, 0x0000, 0x0000,
  0x0000, 0x0000, 0x0000, 0x0000, 0x0000, 0x0000, 0x0000, 0x0000, 0x0000, 0x0000, 0x0000, 0x0000,
  0x0000, 0x0000, 0x0000, 0x0000, 0x0000, 0x0000, 0x0000, 0x0000, 0x0000, 0x0000, 0x0000, 0x0000,
  0x0000, 0x0000, 0x0000, 0x0000, 0x0000, 0x0000, 0x0000, 0x0000, 0x0000, 0x0000, 0x0000, 0x0000,
  0x0000, 0x0000, 0x0000, 0x0000, 0x0000, 0x0000, 0x0000, 0x0000, 0x0000, 0x0000, 0x0000, 0x0000,
  0x0000, 0x0000, 0x0000, 0x0000, 0x0000, 0x0000, 0x0000, 0x0000, 0x0000, 0x0000, 0x0000, 0x0000,
  0x0000, 0x0000, 0x738D, 0x7BCE, 0x7BCE, 0x7BEF, 0x8430, 0x7BCE, 0x7BCE, 0x8C50, 0x8C50, 0x7BEF,
  0x840F, 0x8C71, 0x7BEF, 0x7BEF, 0x7BCE, 0x7BEF, 0x8C71, 0x840F, 0x7BCE, 0x7BEF, 0x8430, 0x7BEF,
  0x840F, 0x8430, 0x73AE, 0x73AE, 0x7BEF, 0x73AE, 0x0000, 0x0000, 0x0000, 0x0000, 0x0000, 0x0000,
  0x0000, 0x0000, 0x0000, 0x0000, 0x0000, 0x0000, 0x0000, 0x0000, 0x0000, 0x0000, 0x0000, 0x0000,
  0x0000, 0x0000, 0x0000, 0x0000, 0x0000, 0x0000, 0x0000, 0x0000, 0x0000, 0x0000, 0x0000, 0x0000,
  0x0000, 0x0000, 0x0000, 0x0000, 0x0000, 0x0000, 0x0000, 0x0000, 0x0000, 0x0000, 0x0000, 0x0000,
  0x0000, 0x0000, 0x0000, 0x0000, 0x0000, 0x0000, 0x0000, 0x0000, 0x0000, 0x0000, 0x0000, 0x0000,
  0x0000, 0x0000, 0x0000, 0x0000, 0x0000, 0x0000, 0x0000, 0x0000, 0x0000, 0x0000, 0x0000, 0x0000,
  0x0000, 0x0000, 0x0000, 0x0000, 0x0000, 0x0000, 0x0000, 0x0000, 0x0000, 0x0000, 0x0000, 0x0000,
  0x0000, 0x0000, 0x0000, 0x0000, 0x0000, 0x0000, 0x0000, 0x0000, 0x0000, 0x0000, 0x0000, 0x0000,
  0x0000, 0x0000, 0x0000, 0x0000, 0x0000, 0x0000, 0x0000, 0x0000, 0x0000, 0x0000, 0x0000, 0x0000,
  0x0000, 0x0000, 0x0000, 0x0000, 0x73AE, 0x738D, 0x840F, 0x738D, 0x73AE, 0x840F, 0x7BEF, 0x840F,
  0x7BEF, 0x7BCE, 0x73AE, 0x840F, 0x7BCE, 0x840F, 0x840F, 0x73AE, 0x0000, 0x0000, 0x0000, 0x0000,
  0x0000, 0x0000, 0x0000, 0x0000, 0x0000, 0x0000, 0x0000, 0x0000, 0x0000, 0x0000, 0x0000, 0x0000,
  0x0000, 0x0000, 0x0000, 0x0000, 0x0000, 0x0000, 0x0000, 0x0000, 0x0000, 0x0000, 0x0000, 0x0000,
  0x0000, 0x0000, 0x0000, 0x0000, 0x0000, 0x0000, 0x0000, 0x0000, 0x0000, 0x0000, 0x0000, 0x0000,
  0x0000, 0x0000, 0x0000, 0x0000, 0x0000, 0x0000, 0x0000, 0x0000, 0x0000, 0x0000, 0x0000, 0x0000,
  0x0000, 0x0000, 0x0000, 0x0000,
};

