solid OpenSCAD_Model
  facet normal 0.991446 0.130516 0
    outer loop
      vertex 66.1971 5.7915 24
      vertex 65.4405 11.5389 0
      vertex 65.4405 11.5389 24
    endloop
  endfacet
  facet normal 0.991446 0.130516 0
    outer loop
      vertex 65.4405 11.5389 0
      vertex 66.1971 5.7915 24
      vertex 66.1971 5.7915 0
    endloop
  endfacet
  facet normal 0.999048 0.0436259 0
    outer loop
      vertex 66.45 0 24
      vertex 66.1971 5.7915 0
      vertex 66.1971 5.7915 24
    endloop
  endfacet
  facet normal 0.999048 0.0436259 0
    outer loop
      vertex 66.1971 5.7915 0
      vertex 66.45 0 24
      vertex 66.45 0 0
    endloop
  endfacet
  facet normal 0.976296 0.216439 0
    outer loop
      vertex 65.4405 11.5389 24
      vertex 64.1858 17.1985 0
      vertex 64.1858 17.1985 24
    endloop
  endfacet
  facet normal 0.976296 0.216439 0
    outer loop
      vertex 64.1858 17.1985 0
      vertex 65.4405 11.5389 24
      vertex 65.4405 11.5389 0
    endloop
  endfacet
  facet normal 0.608768 0.793348 -0
    outer loop
      vertex 42.7132 50.9037 0
      vertex 38.1142 54.4327 24
      vertex 42.7132 50.9037 24
    endloop
  endfacet
  facet normal 0.608768 0.793348 0
    outer loop
      vertex 38.1142 54.4327 24
      vertex 42.7132 50.9037 0
      vertex 38.1142 54.4327 0
    endloop
  endfacet
  facet normal -0.793348 -0.608768 0
    outer loop
      vertex -50.9037 -42.7132 0
      vertex -54.4327 -38.1142 24
      vertex -54.4327 -38.1142 0
    endloop
  endfacet
  facet normal -0.793348 -0.608768 0
    outer loop
      vertex -54.4327 -38.1142 24
      vertex -50.9037 -42.7132 0
      vertex -50.9037 -42.7132 24
    endloop
  endfacet
  facet normal -0.130516 -0.991446 0
    outer loop
      vertex -11.5389 -65.4405 0
      vertex -5.7915 -66.1971 24
      vertex -11.5389 -65.4405 24
    endloop
  endfacet
  facet normal -0.130516 -0.991446 -0
    outer loop
      vertex -5.7915 -66.1971 24
      vertex -11.5389 -65.4405 0
      vertex -5.7915 -66.1971 0
    endloop
  endfacet
  facet normal 0.737269 0.6756 0
    outer loop
      vertex 50.9037 42.7132 24
      vertex 46.9872 46.9872 0
      vertex 46.9872 46.9872 24
    endloop
  endfacet
  facet normal 0.737269 0.6756 0
    outer loop
      vertex 46.9872 46.9872 0
      vertex 50.9037 42.7132 24
      vertex 50.9037 42.7132 0
    endloop
  endfacet
  facet normal 0.300707 0.953717 -0
    outer loop
      vertex 22.7272 62.4426 0
      vertex 17.1985 64.1858 24
      vertex 22.7272 62.4426 24
    endloop
  endfacet
  facet normal 0.300707 0.953717 0
    outer loop
      vertex 17.1985 64.1858 24
      vertex 22.7272 62.4426 0
      vertex 17.1985 64.1858 0
    endloop
  endfacet
  facet normal -0.976296 0.216439 0
    outer loop
      vertex -65.4405 11.5389 0
      vertex -64.1858 17.1985 24
      vertex -64.1858 17.1985 0
    endloop
  endfacet
  facet normal -0.976296 0.216439 0
    outer loop
      vertex -64.1858 17.1985 24
      vertex -65.4405 11.5389 0
      vertex -65.4405 11.5389 24
    endloop
  endfacet
  facet normal -0.537292 0.843396 0
    outer loop
      vertex -33.225 57.5474 0
      vertex -38.1142 54.4327 24
      vertex -33.225 57.5474 24
    endloop
  endfacet
  facet normal -0.537292 0.843396 0
    outer loop
      vertex -38.1142 54.4327 24
      vertex -33.225 57.5474 0
      vertex -38.1142 54.4327 0
    endloop
  endfacet
  facet normal -0.216439 0.976296 0
    outer loop
      vertex -11.5389 65.4405 0
      vertex -17.1985 64.1858 24
      vertex -11.5389 65.4405 24
    endloop
  endfacet
  facet normal -0.216439 0.976296 0
    outer loop
      vertex -17.1985 64.1858 24
      vertex -11.5389 65.4405 0
      vertex -17.1985 64.1858 0
    endloop
  endfacet
  facet normal 0.130516 -0.991446 0
    outer loop
      vertex 5.7915 -66.1971 0
      vertex 11.5389 -65.4405 24
      vertex 5.7915 -66.1971 24
    endloop
  endfacet
  facet normal 0.130516 -0.991446 0
    outer loop
      vertex 11.5389 -65.4405 24
      vertex 5.7915 -66.1971 0
      vertex 11.5389 -65.4405 0
    endloop
  endfacet
  facet normal 0.999048 -0.0436259 0
    outer loop
      vertex 66.1971 -5.7915 24
      vertex 66.45 0 0
      vertex 66.45 0 24
    endloop
  endfacet
  facet normal 0.999048 -0.0436259 0
    outer loop
      vertex 66.45 0 0
      vertex 66.1971 -5.7915 24
      vertex 66.1971 -5.7915 0
    endloop
  endfacet
  facet normal 0.843396 -0.537292 0
    outer loop
      vertex 54.4327 -38.1142 24
      vertex 57.5474 -33.225 0
      vertex 57.5474 -33.225 24
    endloop
  endfacet
  facet normal 0.843396 -0.537292 0
    outer loop
      vertex 57.5474 -33.225 0
      vertex 54.4327 -38.1142 24
      vertex 54.4327 -38.1142 0
    endloop
  endfacet
  facet normal 0.608768 -0.793348 0
    outer loop
      vertex 38.1142 -54.4327 0
      vertex 42.7132 -50.9037 24
      vertex 38.1142 -54.4327 24
    endloop
  endfacet
  facet normal 0.608768 -0.793348 0
    outer loop
      vertex 42.7132 -50.9037 24
      vertex 38.1142 -54.4327 0
      vertex 42.7132 -50.9037 0
    endloop
  endfacet
  facet normal 0.6756 0.737269 1.76377e-06
    outer loop
      vertex 46.9872 46.9872 24
      vertex 44.5 49.2664 6.2
      vertex 42.7132 50.9037 24
    endloop
  endfacet
  facet normal 0.675606 0.737262 -0
    outer loop
      vertex 46.9872 46.9872 0
      vertex 44.5 49.2664 6.2
      vertex 46.9872 46.9872 24
    endloop
  endfacet
  facet normal 0.6756 0.737269 -1.42705e-05
    outer loop
      vertex 42.7132 50.9037 0
      vertex 44.5 49.2664 2.2
      vertex 46.9872 46.9872 0
    endloop
  endfacet
  facet normal 0.675606 0.737262 0
    outer loop
      vertex 44.5 49.2664 6.2
      vertex 46.9872 46.9872 0
      vertex 44.5 49.2664 2.2
    endloop
  endfacet
  facet normal 0.675583 0.737284 -1.33998e-06
    outer loop
      vertex 43.6994 50 6.2
      vertex 42.7132 50.9037 24
      vertex 44.5 49.2664 6.2
    endloop
  endfacet
  facet normal 0.675596 0.737272 0
    outer loop
      vertex 42.7132 50.9037 0
      vertex 43.6994 50 6.2
      vertex 43.6994 50 2.2
    endloop
  endfacet
  facet normal 0.675596 0.737272 0
    outer loop
      vertex 43.6994 50 6.2
      vertex 42.7132 50.9037 0
      vertex 42.7132 50.9037 24
    endloop
  endfacet
  facet normal 0.675583 0.737284 1.08417e-05
    outer loop
      vertex 44.5 49.2664 2.2
      vertex 42.7132 50.9037 0
      vertex 43.6994 50 2.2
    endloop
  endfacet
  facet normal -0.608768 0.793348 0
    outer loop
      vertex -38.1142 54.4327 0
      vertex -42.7132 50.9037 24
      vertex -38.1142 54.4327 24
    endloop
  endfacet
  facet normal -0.608768 0.793348 0
    outer loop
      vertex -42.7132 50.9037 24
      vertex -38.1142 54.4327 0
      vertex -42.7132 50.9037 0
    endloop
  endfacet
  facet normal -0.953717 -0.300707 0
    outer loop
      vertex -62.4426 -22.7272 0
      vertex -64.1858 -17.1985 24
      vertex -64.1858 -17.1985 0
    endloop
  endfacet
  facet normal -0.953717 -0.300707 0
    outer loop
      vertex -64.1858 -17.1985 24
      vertex -62.4426 -22.7272 0
      vertex -62.4426 -22.7272 24
    endloop
  endfacet
  facet normal 0.737269 -0.6756 0
    outer loop
      vertex 46.9872 -46.9872 24
      vertex 50.9037 -42.7132 0
      vertex 50.9037 -42.7132 24
    endloop
  endfacet
  facet normal 0.737269 -0.6756 0
    outer loop
      vertex 50.9037 -42.7132 0
      vertex 46.9872 -46.9872 24
      vertex 46.9872 -46.9872 0
    endloop
  endfacet
  facet normal 0.843396 0.537292 0
    outer loop
      vertex 57.5474 33.225 24
      vertex 54.4327 38.1142 0
      vertex 54.4327 38.1142 24
    endloop
  endfacet
  facet normal 0.843396 0.537292 0
    outer loop
      vertex 54.4327 38.1142 0
      vertex 57.5474 33.225 24
      vertex 57.5474 33.225 0
    endloop
  endfacet
  facet normal -0.843396 -0.537292 0
    outer loop
      vertex -54.4327 -38.1142 0
      vertex -57.5474 -33.225 24
      vertex -57.5474 -33.225 0
    endloop
  endfacet
  facet normal -0.843396 -0.537292 0
    outer loop
      vertex -57.5474 -33.225 24
      vertex -54.4327 -38.1142 0
      vertex -54.4327 -38.1142 24
    endloop
  endfacet
  facet normal 0 0 -1
    outer loop
      vertex 35.0959 -21.0981 0
      vertex -35.0959 -21.0981 0
      vertex 35.1351 -21.0034 0
    endloop
  endfacet
  facet normal 0 0 -1
    outer loop
      vertex 35.1824 20.9125 0
      vertex -35.0295 21.3976 0
      vertex -35.025 21.5 0
    endloop
  endfacet
  facet normal 0 0 -1
    outer loop
      vertex -35.1351 -21.0034 0
      vertex 35.1351 -21.0034 0
      vertex -35.0959 -21.0981 0
    endloop
  endfacet
  facet normal 0 0 -1
    outer loop
      vertex 35.1824 20.9125 0
      vertex -35.0429 21.296 0
      vertex -35.0295 21.3976 0
    endloop
  endfacet
  facet normal 0 0 -1
    outer loop
      vertex 35.1351 -21.0034 0
      vertex -35.1351 -21.0034 0
      vertex 35.1824 -20.9125 0
    endloop
  endfacet
  facet normal 0 0 -1
    outer loop
      vertex 35.1824 20.9125 0
      vertex -35.065 21.1959 0
      vertex -35.0429 21.296 0
    endloop
  endfacet
  facet normal 0 0 -1
    outer loop
      vertex -35.1824 -20.9125 0
      vertex 35.1824 -20.9125 0
      vertex -35.1351 -21.0034 0
    endloop
  endfacet
  facet normal 0 0 -1
    outer loop
      vertex 35.1824 20.9125 0
      vertex -35.0959 21.0981 0
      vertex -35.065 21.1959 0
    endloop
  endfacet
  facet normal 0 0 -1
    outer loop
      vertex 35.1824 -20.9125 0
      vertex -35.1824 -20.9125 0
      vertex 35.1824 20.9125 0
    endloop
  endfacet
  facet normal 0 0 -1
    outer loop
      vertex 35.1824 20.9125 0
      vertex -35.1351 21.0034 0
      vertex -35.0959 21.0981 0
    endloop
  endfacet
  facet normal 0 0 -1
    outer loop
      vertex -35.1824 20.9125 0
      vertex 35.1824 20.9125 0
      vertex -35.1824 -20.9125 0
    endloop
  endfacet
  facet normal 0 0 -1
    outer loop
      vertex 35.1824 20.9125 0
      vertex -35.1824 20.9125 0
      vertex -35.1351 21.0034 0
    endloop
  endfacet
  facet normal 0 0 -1
    outer loop
      vertex -35.2375 -20.826 0
      vertex -35.1824 20.9125 0
      vertex -35.1824 -20.9125 0
    endloop
  endfacet
  facet normal 0 0 -1
    outer loop
      vertex -35.2375 -20.826 0
      vertex -35.2375 20.826 0
      vertex -35.1824 20.9125 0
    endloop
  endfacet
  facet normal 0 0 -1
    outer loop
      vertex -35.2999 -20.7447 0
      vertex -35.2375 20.826 0
      vertex -35.2375 -20.826 0
    endloop
  endfacet
  facet normal 0 0 -1
    outer loop
      vertex -35.2999 -20.7447 0
      vertex -35.2999 20.7447 0
      vertex -35.2375 20.826 0
    endloop
  endfacet
  facet normal 0 0 -1
    outer loop
      vertex -35.3691 -20.6691 0
      vertex -35.2999 20.7447 0
      vertex -35.2999 -20.7447 0
    endloop
  endfacet
  facet normal 0 0 -1
    outer loop
      vertex -35.3691 -20.6691 0
      vertex -35.3691 20.6691 0
      vertex -35.2999 20.7447 0
    endloop
  endfacet
  facet normal 0 0 -1
    outer loop
      vertex -35.4447 -20.5999 0
      vertex -35.3691 20.6691 0
      vertex -35.3691 -20.6691 0
    endloop
  endfacet
  facet normal 0 0 -1
    outer loop
      vertex -35.4447 -20.5999 0
      vertex -35.4447 20.5999 0
      vertex -35.3691 20.6691 0
    endloop
  endfacet
  facet normal 0 0 -1
    outer loop
      vertex -35.526 -20.5375 0
      vertex -35.4447 20.5999 0
      vertex -35.4447 -20.5999 0
    endloop
  endfacet
  facet normal 0 0 -1
    outer loop
      vertex -35.526 -20.5375 0
      vertex -35.526 20.5375 0
      vertex -35.4447 20.5999 0
    endloop
  endfacet
  facet normal 0 0 -1
    outer loop
      vertex -35.6125 -20.4824 0
      vertex -35.526 20.5375 0
      vertex -35.526 -20.5375 0
    endloop
  endfacet
  facet normal 0 0 -1
    outer loop
      vertex -35.6125 -20.4824 0
      vertex -35.6125 20.4824 0
      vertex -35.526 20.5375 0
    endloop
  endfacet
  facet normal 0 0 -1
    outer loop
      vertex -35.7034 -20.4351 0
      vertex -35.6125 20.4824 0
      vertex -35.6125 -20.4824 0
    endloop
  endfacet
  facet normal 0 0 -1
    outer loop
      vertex -35.7034 -20.4351 0
      vertex -35.7034 20.4351 0
      vertex -35.6125 20.4824 0
    endloop
  endfacet
  facet normal 0 0 -1
    outer loop
      vertex -35.7981 -20.3959 0
      vertex -35.7034 20.4351 0
      vertex -35.7034 -20.4351 0
    endloop
  endfacet
  facet normal 0 0 -1
    outer loop
      vertex -35.7981 -20.3959 0
      vertex -35.7981 20.3959 0
      vertex -35.7034 20.4351 0
    endloop
  endfacet
  facet normal 0 0 -1
    outer loop
      vertex -35.8959 -20.365 0
      vertex -35.7981 20.3959 0
      vertex -35.7981 -20.3959 0
    endloop
  endfacet
  facet normal 0 0 -1
    outer loop
      vertex -35.8959 -20.365 0
      vertex -35.8959 20.365 0
      vertex -35.7981 20.3959 0
    endloop
  endfacet
  facet normal 0 0 -1
    outer loop
      vertex -35.996 -20.3428 0
      vertex -35.8959 20.365 0
      vertex -35.8959 -20.365 0
    endloop
  endfacet
  facet normal 0 0 -1
    outer loop
      vertex -35.996 -20.3428 0
      vertex -35.996 20.3428 0
      vertex -35.8959 20.365 0
    endloop
  endfacet
  facet normal 0 0 -1
    outer loop
      vertex -36.0976 -20.3295 0
      vertex -35.996 20.3428 0
      vertex -35.996 -20.3428 0
    endloop
  endfacet
  facet normal 0 0 -1
    outer loop
      vertex -36.0976 -20.3295 0
      vertex -36.0976 20.3295 0
      vertex -35.996 20.3428 0
    endloop
  endfacet
  facet normal 0 0 -1
    outer loop
      vertex -36.2 -20.325 0
      vertex -36.0976 20.3295 0
      vertex -36.0976 -20.3295 0
    endloop
  endfacet
  facet normal 0 0 -1
    outer loop
      vertex -36.2 -20.325 0
      vertex -36.2 20.325 0
      vertex -36.0976 20.3295 0
    endloop
  endfacet
  facet normal 0 0 -1
    outer loop
      vertex -36.3024 -20.3295 0
      vertex -36.2 20.325 0
      vertex -36.2 -20.325 0
    endloop
  endfacet
  facet normal 0 0 -1
    outer loop
      vertex -36.3024 -20.3295 0
      vertex -36.3024 20.3295 0
      vertex -36.2 20.325 0
    endloop
  endfacet
  facet normal 0 0 -1
    outer loop
      vertex -36.404 -20.3428 0
      vertex -36.3024 20.3295 0
      vertex -36.3024 -20.3295 0
    endloop
  endfacet
  facet normal 0 0 -1
    outer loop
      vertex -36.404 -20.3428 0
      vertex -36.404 20.3428 0
      vertex -36.3024 20.3295 0
    endloop
  endfacet
  facet normal 0 0 -1
    outer loop
      vertex -36.5041 -20.365 0
      vertex -36.404 20.3428 0
      vertex -36.404 -20.3428 0
    endloop
  endfacet
  facet normal 0 0 -1
    outer loop
      vertex -36.5041 -20.365 0
      vertex -36.5041 20.365 0
      vertex -36.404 20.3428 0
    endloop
  endfacet
  facet normal 0 0 -1
    outer loop
      vertex -36.6019 -20.3959 0
      vertex -36.5041 20.365 0
      vertex -36.5041 -20.365 0
    endloop
  endfacet
  facet normal 0 0 -1
    outer loop
      vertex -36.6019 -20.3959 0
      vertex -36.6019 20.3959 0
      vertex -36.5041 20.365 0
    endloop
  endfacet
  facet normal 0 0 -1
    outer loop
      vertex -66.45 0 0
      vertex -36.6019 -20.3959 0
      vertex -36.6966 -20.4351 0
    endloop
  endfacet
  facet normal 0 0 -1
    outer loop
      vertex -36.6019 -20.3959 0
      vertex -66.45 0 0
      vertex -36.6019 20.3959 0
    endloop
  endfacet
  facet normal 0 0 -1
    outer loop
      vertex -66.1971 -5.7915 0
      vertex -36.6966 -20.4351 0
      vertex -36.7875 -20.4824 0
    endloop
  endfacet
  facet normal -0 0 -1
    outer loop
      vertex -36.6019 20.3959 0
      vertex -66.45 0 0
      vertex -36.6966 20.4351 0
    endloop
  endfacet
  facet normal 0 0 -1
    outer loop
      vertex -66.1971 -5.7915 0
      vertex -36.7875 -20.4824 0
      vertex -36.874 -20.5375 0
    endloop
  endfacet
  facet normal 0 -0 -1
    outer loop
      vertex -66.1971 5.7915 0
      vertex -36.6966 20.4351 0
      vertex -66.45 0 0
    endloop
  endfacet
  facet normal 0 0 -1
    outer loop
      vertex -66.1971 -5.7915 0
      vertex -36.874 -20.5375 0
      vertex -36.9553 -20.5999 0
    endloop
  endfacet
  facet normal -0 0 -1
    outer loop
      vertex -36.6966 20.4351 0
      vertex -66.1971 5.7915 0
      vertex -36.7875 20.4824 0
    endloop
  endfacet
  facet normal 0 0 -1
    outer loop
      vertex -65.4405 -11.5389 0
      vertex -36.9553 -20.5999 0
      vertex -37.0308 -20.6691 0
    endloop
  endfacet
  facet normal -0 0 -1
    outer loop
      vertex -36.7875 20.4824 0
      vertex -66.1971 5.7915 0
      vertex -36.874 20.5375 0
    endloop
  endfacet
  facet normal 0 0 -1
    outer loop
      vertex -65.4405 -11.5389 0
      vertex -37.0308 -20.6691 0
      vertex -37.1001 -20.7447 0
    endloop
  endfacet
  facet normal -0 0 -1
    outer loop
      vertex -36.874 20.5375 0
      vertex -66.1971 5.7915 0
      vertex -36.9553 20.5999 0
    endloop
  endfacet
  facet normal 0 0 -1
    outer loop
      vertex -64.1858 -17.1985 0
      vertex -37.1001 -20.7447 0
      vertex -37.1625 -20.826 0
    endloop
  endfacet
  facet normal 0 -0 -1
    outer loop
      vertex -65.4405 11.5389 0
      vertex -36.9553 20.5999 0
      vertex -66.1971 5.7915 0
    endloop
  endfacet
  facet normal 0 0 -1
    outer loop
      vertex -64.1858 -17.1985 0
      vertex -37.1625 -20.826 0
      vertex -37.2176 -20.9125 0
    endloop
  endfacet
  facet normal -0 0 -1
    outer loop
      vertex -36.9553 20.5999 0
      vertex -65.4405 11.5389 0
      vertex -37.0308 20.6691 0
    endloop
  endfacet
  facet normal 0 0 -1
    outer loop
      vertex -64.1858 -17.1985 0
      vertex -37.2176 -20.9125 0
      vertex -37.2649 -21.0034 0
    endloop
  endfacet
  facet normal -0 0 -1
    outer loop
      vertex -37.0308 20.6691 0
      vertex -65.4405 11.5389 0
      vertex -37.1001 20.7447 0
    endloop
  endfacet
  facet normal 0 0 -1
    outer loop
      vertex -64.1858 -17.1985 0
      vertex -37.2649 -21.0034 0
      vertex -37.3041 -21.0981 0
    endloop
  endfacet
  facet normal 0 -0 -1
    outer loop
      vertex -64.1858 17.1985 0
      vertex -37.1001 20.7447 0
      vertex -65.4405 11.5389 0
    endloop
  endfacet
  facet normal 0 0 -1
    outer loop
      vertex -62.4426 -22.7272 0
      vertex -37.3041 -21.0981 0
      vertex -37.335 -21.1959 0
    endloop
  endfacet
  facet normal -0 0 -1
    outer loop
      vertex -37.1001 20.7447 0
      vertex -64.1858 17.1985 0
      vertex -37.1625 20.826 0
    endloop
  endfacet
  facet normal 0 0 -1
    outer loop
      vertex -62.4426 -22.7272 0
      vertex -37.335 -21.1959 0
      vertex -37.3571 -21.296 0
    endloop
  endfacet
  facet normal -0 0 -1
    outer loop
      vertex -37.1625 20.826 0
      vertex -64.1858 17.1985 0
      vertex -37.2176 20.9125 0
    endloop
  endfacet
  facet normal 0 0 -1
    outer loop
      vertex -62.4426 -22.7272 0
      vertex -37.3571 -21.296 0
      vertex -37.3705 -21.3976 0
    endloop
  endfacet
  facet normal -0 0 -1
    outer loop
      vertex -37.2176 20.9125 0
      vertex -64.1858 17.1985 0
      vertex -37.2649 21.0034 0
    endloop
  endfacet
  facet normal 0 0 -1
    outer loop
      vertex -60.2242 -28.083 0
      vertex -37.3705 -21.3976 0
      vertex -37.375 -21.5 0
    endloop
  endfacet
  facet normal -0 0 -1
    outer loop
      vertex -37.2649 21.0034 0
      vertex -64.1858 17.1985 0
      vertex -37.3041 21.0981 0
    endloop
  endfacet
  facet normal 0 0 -1
    outer loop
      vertex -5.7915 66.1971 0
      vertex -35.0959 21.9019 0
      vertex -11.5389 65.4405 0
    endloop
  endfacet
  facet normal 0 0 -1
    outer loop
      vertex -35.1351 21.9966 0
      vertex -11.5389 65.4405 0
      vertex -35.0959 21.9019 0
    endloop
  endfacet
  facet normal 0 0 -1
    outer loop
      vertex -11.5389 65.4405 0
      vertex -35.1351 21.9966 0
      vertex -17.1985 64.1858 0
    endloop
  endfacet
  facet normal 0 0 -1
    outer loop
      vertex -35.1824 22.0875 0
      vertex -17.1985 64.1858 0
      vertex -35.1351 21.9966 0
    endloop
  endfacet
  facet normal 0 0 -1
    outer loop
      vertex -17.1985 64.1858 0
      vertex -35.1824 22.0875 0
      vertex -22.7272 62.4426 0
    endloop
  endfacet
  facet normal 0 0 -1
    outer loop
      vertex -35.2375 22.174 0
      vertex -22.7272 62.4426 0
      vertex -35.1824 22.0875 0
    endloop
  endfacet
  facet normal 0 0 -1
    outer loop
      vertex -35.2999 22.2553 0
      vertex -22.7272 62.4426 0
      vertex -35.2375 22.174 0
    endloop
  endfacet
  facet normal 0 0 -1
    outer loop
      vertex -22.7272 62.4426 0
      vertex -35.2999 22.2553 0
      vertex -28.083 60.2242 0
    endloop
  endfacet
  facet normal 0 0 -1
    outer loop
      vertex -35.3691 22.3308 0
      vertex -28.083 60.2242 0
      vertex -35.2999 22.2553 0
    endloop
  endfacet
  facet normal 0 0 -1
    outer loop
      vertex -28.083 60.2242 0
      vertex -35.3691 22.3308 0
      vertex -33.225 57.5474 0
    endloop
  endfacet
  facet normal 0 0 -1
    outer loop
      vertex -35.4447 22.4001 0
      vertex -33.225 57.5474 0
      vertex -35.3691 22.3308 0
    endloop
  endfacet
  facet normal 0 0 -1
    outer loop
      vertex -35.526 22.4625 0
      vertex -33.225 57.5474 0
      vertex -35.4447 22.4001 0
    endloop
  endfacet
  facet normal 0 0 -1
    outer loop
      vertex -35.6125 22.5176 0
      vertex -33.225 57.5474 0
      vertex -35.526 22.4625 0
    endloop
  endfacet
  facet normal 0 0 -1
    outer loop
      vertex -38.1142 54.4327 0
      vertex -35.6125 22.5176 0
      vertex -35.7034 22.5649 0
    endloop
  endfacet
  facet normal 0 0 -1
    outer loop
      vertex -38.1142 54.4327 0
      vertex -35.7034 22.5649 0
      vertex -35.7981 22.6041 0
    endloop
  endfacet
  facet normal 0 0 -1
    outer loop
      vertex -42.7132 50.9037 0
      vertex -35.7981 22.6041 0
      vertex -35.8959 22.635 0
    endloop
  endfacet
  facet normal 0 0 -1
    outer loop
      vertex -42.7132 50.9037 0
      vertex -35.8959 22.635 0
      vertex -35.996 22.6571 0
    endloop
  endfacet
  facet normal 0 0 -1
    outer loop
      vertex -42.7132 50.9037 0
      vertex -35.996 22.6571 0
      vertex -36.0976 22.6705 0
    endloop
  endfacet
  facet normal 0 0 -1
    outer loop
      vertex -46.9872 46.9872 0
      vertex -36.0976 22.6705 0
      vertex -36.2 22.675 0
    endloop
  endfacet
  facet normal 0 0 -1
    outer loop
      vertex -46.9872 46.9872 0
      vertex -36.2 22.675 0
      vertex -36.3024 22.6705 0
    endloop
  endfacet
  facet normal 0 0 -1
    outer loop
      vertex -46.9872 46.9872 0
      vertex -36.3024 22.6705 0
      vertex -36.404 22.6571 0
    endloop
  endfacet
  facet normal 0 0 -1
    outer loop
      vertex -50.9037 42.7132 0
      vertex -36.404 22.6571 0
      vertex -36.5041 22.635 0
    endloop
  endfacet
  facet normal 0 0 -1
    outer loop
      vertex -50.9037 42.7132 0
      vertex -36.5041 22.635 0
      vertex -36.6019 22.6041 0
    endloop
  endfacet
  facet normal 0 0 -1
    outer loop
      vertex -50.9037 42.7132 0
      vertex -36.6019 22.6041 0
      vertex -36.6966 22.5649 0
    endloop
  endfacet
  facet normal 0 0 -1
    outer loop
      vertex -50.9037 42.7132 0
      vertex -36.6966 22.5649 0
      vertex -36.7875 22.5176 0
    endloop
  endfacet
  facet normal 0 0 -1
    outer loop
      vertex -54.4327 38.1142 0
      vertex -36.7875 22.5176 0
      vertex -36.874 22.4625 0
    endloop
  endfacet
  facet normal 0 0 -1
    outer loop
      vertex -54.4327 38.1142 0
      vertex -36.874 22.4625 0
      vertex -36.9553 22.4001 0
    endloop
  endfacet
  facet normal 0 0 -1
    outer loop
      vertex -54.4327 38.1142 0
      vertex -36.9553 22.4001 0
      vertex -37.0308 22.3308 0
    endloop
  endfacet
  facet normal 0 0 -1
    outer loop
      vertex -54.4327 38.1142 0
      vertex -37.0308 22.3308 0
      vertex -37.1001 22.2553 0
    endloop
  endfacet
  facet normal 0 0 -1
    outer loop
      vertex -57.5474 33.225 0
      vertex -37.1001 22.2553 0
      vertex -37.1625 22.174 0
    endloop
  endfacet
  facet normal 0 0 -1
    outer loop
      vertex -57.5474 33.225 0
      vertex -37.1625 22.174 0
      vertex -37.2176 22.0875 0
    endloop
  endfacet
  facet normal 0 0 -1
    outer loop
      vertex -57.5474 33.225 0
      vertex -37.2176 22.0875 0
      vertex -37.2649 21.9966 0
    endloop
  endfacet
  facet normal 0 0 -1
    outer loop
      vertex -57.5474 33.225 0
      vertex -37.2649 21.9966 0
      vertex -37.3041 21.9019 0
    endloop
  endfacet
  facet normal 0 0 -1
    outer loop
      vertex -57.5474 33.225 0
      vertex -37.3041 21.9019 0
      vertex -37.335 21.8041 0
    endloop
  endfacet
  facet normal 0 0 -1
    outer loop
      vertex -60.2242 28.083 0
      vertex -37.335 21.8041 0
      vertex -37.3571 21.704 0
    endloop
  endfacet
  facet normal 0 0 -1
    outer loop
      vertex -60.2242 28.083 0
      vertex -37.3571 21.704 0
      vertex -37.3705 21.6024 0
    endloop
  endfacet
  facet normal 0 0 -1
    outer loop
      vertex -35.6125 22.5176 0
      vertex -38.1142 54.4327 0
      vertex -33.225 57.5474 0
    endloop
  endfacet
  facet normal 0 0 -1
    outer loop
      vertex -60.2242 28.083 0
      vertex -37.3705 21.6024 0
      vertex -37.375 21.5 0
    endloop
  endfacet
  facet normal -0 0 -1
    outer loop
      vertex -37.3041 -21.9019 0
      vertex -57.5474 -33.225 0
      vertex -37.335 -21.8041 0
    endloop
  endfacet
  facet normal 0 0 -1
    outer loop
      vertex -60.2242 -28.083 0
      vertex -37.335 -21.8041 0
      vertex -57.5474 -33.225 0
    endloop
  endfacet
  facet normal 0 0 -1
    outer loop
      vertex -35.7981 22.6041 0
      vertex -42.7132 50.9037 0
      vertex -38.1142 54.4327 0
    endloop
  endfacet
  facet normal -0 0 -1
    outer loop
      vertex -37.335 -21.8041 0
      vertex -60.2242 -28.083 0
      vertex -37.3571 -21.704 0
    endloop
  endfacet
  facet normal 0 0 -1
    outer loop
      vertex -36.0976 22.6705 0
      vertex -46.9872 46.9872 0
      vertex -42.7132 50.9037 0
    endloop
  endfacet
  facet normal -0 0 -1
    outer loop
      vertex -37.3571 -21.704 0
      vertex -60.2242 -28.083 0
      vertex -37.3705 -21.6024 0
    endloop
  endfacet
  facet normal 0 0 -1
    outer loop
      vertex -36.404 22.6571 0
      vertex -50.9037 42.7132 0
      vertex -46.9872 46.9872 0
    endloop
  endfacet
  facet normal -0 0 -1
    outer loop
      vertex -37.3705 -21.6024 0
      vertex -60.2242 -28.083 0
      vertex -37.375 -21.5 0
    endloop
  endfacet
  facet normal 0 0 -1
    outer loop
      vertex -36.7875 22.5176 0
      vertex -54.4327 38.1142 0
      vertex -50.9037 42.7132 0
    endloop
  endfacet
  facet normal 0 0 -1
    outer loop
      vertex -37.3705 -21.3976 0
      vertex -60.2242 -28.083 0
      vertex -62.4426 -22.7272 0
    endloop
  endfacet
  facet normal 0 0 -1
    outer loop
      vertex -37.1001 22.2553 0
      vertex -57.5474 33.225 0
      vertex -54.4327 38.1142 0
    endloop
  endfacet
  facet normal -0 0 -1
    outer loop
      vertex -37.3041 -21.0981 0
      vertex -62.4426 -22.7272 0
      vertex -64.1858 -17.1985 0
    endloop
  endfacet
  facet normal 0 0 -1
    outer loop
      vertex -37.335 21.8041 0
      vertex -60.2242 28.083 0
      vertex -57.5474 33.225 0
    endloop
  endfacet
  facet normal 0 0 -1
    outer loop
      vertex -37.1001 -20.7447 0
      vertex -64.1858 -17.1985 0
      vertex -65.4405 -11.5389 0
    endloop
  endfacet
  facet normal 0 0 -1
    outer loop
      vertex -37.3705 21.3976 0
      vertex -60.2242 28.083 0
      vertex -37.375 21.5 0
    endloop
  endfacet
  facet normal 0 0 -1
    outer loop
      vertex -36.9553 -20.5999 0
      vertex -65.4405 -11.5389 0
      vertex -66.1971 -5.7915 0
    endloop
  endfacet
  facet normal 0 -0 -1
    outer loop
      vertex -60.2242 28.083 0
      vertex -37.3705 21.3976 0
      vertex -62.4426 22.7272 0
    endloop
  endfacet
  facet normal 0 0 -1
    outer loop
      vertex -36.6966 -20.4351 0
      vertex -66.1971 -5.7915 0
      vertex -66.45 0 0
    endloop
  endfacet
  facet normal 0 0 -1
    outer loop
      vertex -37.3571 21.296 0
      vertex -62.4426 22.7272 0
      vertex -37.3705 21.3976 0
    endloop
  endfacet
  facet normal 0 -0 -1
    outer loop
      vertex -62.4426 22.7272 0
      vertex -37.3041 21.0981 0
      vertex -64.1858 17.1985 0
    endloop
  endfacet
  facet normal 0 0 -1
    outer loop
      vertex -37.335 21.1959 0
      vertex -62.4426 22.7272 0
      vertex -37.3571 21.296 0
    endloop
  endfacet
  facet normal 0 0 -1
    outer loop
      vertex -37.3041 21.0981 0
      vertex -62.4426 22.7272 0
      vertex -37.335 21.1959 0
    endloop
  endfacet
  facet normal 0 0 -1
    outer loop
      vertex 37.2649 -21.0034 0
      vertex 64.1858 -17.1985 0
      vertex 37.3041 -21.0981 0
    endloop
  endfacet
  facet normal 0 0 -1
    outer loop
      vertex 66.45 0 0
      vertex 37.3705 21.3976 0
      vertex 37.375 21.5 0
    endloop
  endfacet
  facet normal 0 0 -1
    outer loop
      vertex 37.2176 -20.9125 0
      vertex 64.1858 -17.1985 0
      vertex 37.2649 -21.0034 0
    endloop
  endfacet
  facet normal 0 0 -1
    outer loop
      vertex 66.45 0 0
      vertex 37.3571 21.296 0
      vertex 37.3705 21.3976 0
    endloop
  endfacet
  facet normal 0 0 -1
    outer loop
      vertex 37.1625 -20.826 0
      vertex 64.1858 -17.1985 0
      vertex 37.2176 -20.9125 0
    endloop
  endfacet
  facet normal 0 0 -1
    outer loop
      vertex 66.45 0 0
      vertex 37.335 21.1959 0
      vertex 37.3571 21.296 0
    endloop
  endfacet
  facet normal 0 0 -1
    outer loop
      vertex 37.1001 -20.7447 0
      vertex 64.1858 -17.1985 0
      vertex 37.1625 -20.826 0
    endloop
  endfacet
  facet normal 0 0 -1
    outer loop
      vertex 66.45 0 0
      vertex 37.3041 21.0981 0
      vertex 37.335 21.1959 0
    endloop
  endfacet
  facet normal -0 0 -1
    outer loop
      vertex 64.1858 -17.1985 0
      vertex 37.1001 -20.7447 0
      vertex 65.4405 -11.5389 0
    endloop
  endfacet
  facet normal 0 0 -1
    outer loop
      vertex 66.45 0 0
      vertex 37.2649 21.0034 0
      vertex 37.3041 21.0981 0
    endloop
  endfacet
  facet normal 0 0 -1
    outer loop
      vertex 37.0308 -20.6691 0
      vertex 65.4405 -11.5389 0
      vertex 37.1001 -20.7447 0
    endloop
  endfacet
  facet normal 0 0 -1
    outer loop
      vertex 66.45 0 0
      vertex 37.2176 20.9125 0
      vertex 37.2649 21.0034 0
    endloop
  endfacet
  facet normal 0 0 -1
    outer loop
      vertex 36.9553 -20.5999 0
      vertex 65.4405 -11.5389 0
      vertex 37.0308 -20.6691 0
    endloop
  endfacet
  facet normal 0 0 -1
    outer loop
      vertex 66.45 0 0
      vertex 37.1625 20.826 0
      vertex 37.2176 20.9125 0
    endloop
  endfacet
  facet normal -0 0 -1
    outer loop
      vertex 65.4405 -11.5389 0
      vertex 36.9553 -20.5999 0
      vertex 66.1971 -5.7915 0
    endloop
  endfacet
  facet normal 0 0 -1
    outer loop
      vertex 66.45 0 0
      vertex 37.1001 20.7447 0
      vertex 37.1625 20.826 0
    endloop
  endfacet
  facet normal 0 0 -1
    outer loop
      vertex 36.874 -20.5375 0
      vertex 66.1971 -5.7915 0
      vertex 36.9553 -20.5999 0
    endloop
  endfacet
  facet normal 0 0 -1
    outer loop
      vertex 66.45 0 0
      vertex 37.0308 20.6691 0
      vertex 37.1001 20.7447 0
    endloop
  endfacet
  facet normal 0 0 -1
    outer loop
      vertex 36.7875 -20.4824 0
      vertex 66.1971 -5.7915 0
      vertex 36.874 -20.5375 0
    endloop
  endfacet
  facet normal 0 0 -1
    outer loop
      vertex 66.45 0 0
      vertex 36.9553 20.5999 0
      vertex 37.0308 20.6691 0
    endloop
  endfacet
  facet normal 0 0 -1
    outer loop
      vertex 36.6966 -20.4351 0
      vertex 66.1971 -5.7915 0
      vertex 36.7875 -20.4824 0
    endloop
  endfacet
  facet normal 0 0 -1
    outer loop
      vertex 66.45 0 0
      vertex 36.874 20.5375 0
      vertex 36.9553 20.5999 0
    endloop
  endfacet
  facet normal -0 0 -1
    outer loop
      vertex 66.1971 -5.7915 0
      vertex 36.6966 -20.4351 0
      vertex 66.45 0 0
    endloop
  endfacet
  facet normal 0 0 -1
    outer loop
      vertex 66.45 0 0
      vertex 36.7875 20.4824 0
      vertex 36.874 20.5375 0
    endloop
  endfacet
  facet normal 0 0 -1
    outer loop
      vertex 36.6019 -20.3959 0
      vertex 66.45 0 0
      vertex 36.6966 -20.4351 0
    endloop
  endfacet
  facet normal 0 0 -1
    outer loop
      vertex 66.45 0 0
      vertex 36.6966 20.4351 0
      vertex 36.7875 20.4824 0
    endloop
  endfacet
  facet normal 0 0 -1
    outer loop
      vertex 36.6019 20.3959 0
      vertex 66.45 0 0
      vertex 36.6019 -20.3959 0
    endloop
  endfacet
  facet normal 0 0 -1
    outer loop
      vertex 66.45 0 0
      vertex 36.6019 20.3959 0
      vertex 36.6966 20.4351 0
    endloop
  endfacet
  facet normal 0 0 -1
    outer loop
      vertex 36.5041 -20.365 0
      vertex 36.6019 20.3959 0
      vertex 36.6019 -20.3959 0
    endloop
  endfacet
  facet normal 0 0 -1
    outer loop
      vertex 36.5041 -20.365 0
      vertex 36.5041 20.365 0
      vertex 36.6019 20.3959 0
    endloop
  endfacet
  facet normal 0 0 -1
    outer loop
      vertex 36.404 -20.3428 0
      vertex 36.5041 20.365 0
      vertex 36.5041 -20.365 0
    endloop
  endfacet
  facet normal 0 0 -1
    outer loop
      vertex 36.404 -20.3428 0
      vertex 36.404 20.3428 0
      vertex 36.5041 20.365 0
    endloop
  endfacet
  facet normal 0 0 -1
    outer loop
      vertex 36.3024 -20.3295 0
      vertex 36.404 20.3428 0
      vertex 36.404 -20.3428 0
    endloop
  endfacet
  facet normal 0 0 -1
    outer loop
      vertex 36.3024 -20.3295 0
      vertex 36.3024 20.3295 0
      vertex 36.404 20.3428 0
    endloop
  endfacet
  facet normal 0 0 -1
    outer loop
      vertex 36.2 -20.325 0
      vertex 36.3024 20.3295 0
      vertex 36.3024 -20.3295 0
    endloop
  endfacet
  facet normal 0 0 -1
    outer loop
      vertex 36.2 -20.325 0
      vertex 36.2 20.325 0
      vertex 36.3024 20.3295 0
    endloop
  endfacet
  facet normal 0 0 -1
    outer loop
      vertex 36.0976 -20.3295 0
      vertex 36.2 20.325 0
      vertex 36.2 -20.325 0
    endloop
  endfacet
  facet normal 0 0 -1
    outer loop
      vertex 36.0976 -20.3295 0
      vertex 36.0976 20.3295 0
      vertex 36.2 20.325 0
    endloop
  endfacet
  facet normal 0 0 -1
    outer loop
      vertex 35.996 -20.3428 0
      vertex 36.0976 20.3295 0
      vertex 36.0976 -20.3295 0
    endloop
  endfacet
  facet normal 0 0 -1
    outer loop
      vertex 35.996 -20.3428 0
      vertex 35.996 20.3428 0
      vertex 36.0976 20.3295 0
    endloop
  endfacet
  facet normal 0 0 -1
    outer loop
      vertex 35.8959 -20.365 0
      vertex 35.996 20.3428 0
      vertex 35.996 -20.3428 0
    endloop
  endfacet
  facet normal 0 0 -1
    outer loop
      vertex 35.8959 -20.365 0
      vertex 35.8959 20.365 0
      vertex 35.996 20.3428 0
    endloop
  endfacet
  facet normal 0 0 -1
    outer loop
      vertex 35.7981 -20.3959 0
      vertex 35.8959 20.365 0
      vertex 35.8959 -20.365 0
    endloop
  endfacet
  facet normal 0 0 -1
    outer loop
      vertex 35.7981 -20.3959 0
      vertex 35.7981 20.3959 0
      vertex 35.8959 20.365 0
    endloop
  endfacet
  facet normal 0 0 -1
    outer loop
      vertex 35.7034 -20.4351 0
      vertex 35.7981 20.3959 0
      vertex 35.7981 -20.3959 0
    endloop
  endfacet
  facet normal 0 0 -1
    outer loop
      vertex 35.7034 -20.4351 0
      vertex 35.7034 20.4351 0
      vertex 35.7981 20.3959 0
    endloop
  endfacet
  facet normal 0 0 -1
    outer loop
      vertex 35.6125 -20.4824 0
      vertex 35.7034 20.4351 0
      vertex 35.7034 -20.4351 0
    endloop
  endfacet
  facet normal 0 0 -1
    outer loop
      vertex 35.6125 -20.4824 0
      vertex 35.6125 20.4824 0
      vertex 35.7034 20.4351 0
    endloop
  endfacet
  facet normal 0 0 -1
    outer loop
      vertex 35.526 -20.5375 0
      vertex 35.6125 20.4824 0
      vertex 35.6125 -20.4824 0
    endloop
  endfacet
  facet normal 0 0 -1
    outer loop
      vertex 35.526 -20.5375 0
      vertex 35.526 20.5375 0
      vertex 35.6125 20.4824 0
    endloop
  endfacet
  facet normal 0 0 -1
    outer loop
      vertex 35.4447 -20.5999 0
      vertex 35.526 20.5375 0
      vertex 35.526 -20.5375 0
    endloop
  endfacet
  facet normal 0 0 -1
    outer loop
      vertex 35.4447 -20.5999 0
      vertex 35.4447 20.5999 0
      vertex 35.526 20.5375 0
    endloop
  endfacet
  facet normal 0 0 -1
    outer loop
      vertex 35.3691 -20.6691 0
      vertex 35.4447 20.5999 0
      vertex 35.4447 -20.5999 0
    endloop
  endfacet
  facet normal 0 0 -1
    outer loop
      vertex 35.3691 -20.6691 0
      vertex 35.3691 20.6691 0
      vertex 35.4447 20.5999 0
    endloop
  endfacet
  facet normal 0 0 -1
    outer loop
      vertex 35.2999 -20.7447 0
      vertex 35.3691 20.6691 0
      vertex 35.3691 -20.6691 0
    endloop
  endfacet
  facet normal 0 0 -1
    outer loop
      vertex 35.2999 -20.7447 0
      vertex 35.2999 20.7447 0
      vertex 35.3691 20.6691 0
    endloop
  endfacet
  facet normal 0 0 -1
    outer loop
      vertex 35.2375 -20.826 0
      vertex 35.2999 20.7447 0
      vertex 35.2999 -20.7447 0
    endloop
  endfacet
  facet normal 0 0 -1
    outer loop
      vertex 35.2375 -20.826 0
      vertex 35.2375 20.826 0
      vertex 35.2999 20.7447 0
    endloop
  endfacet
  facet normal 0 0 -1
    outer loop
      vertex 35.1824 -20.9125 0
      vertex 35.2375 20.826 0
      vertex 35.2375 -20.826 0
    endloop
  endfacet
  facet normal 0 0 -1
    outer loop
      vertex 35.1824 -20.9125 0
      vertex 35.1824 20.9125 0
      vertex 35.2375 20.826 0
    endloop
  endfacet
  facet normal 0 0 -1
    outer loop
      vertex -35.065 -21.1959 0
      vertex 35.065 -21.1959 0
      vertex -35.0429 -21.296 0
    endloop
  endfacet
  facet normal 0 0 -1
    outer loop
      vertex 35.065 -21.1959 0
      vertex -35.065 -21.1959 0
      vertex 35.0959 -21.0981 0
    endloop
  endfacet
  facet normal 0 0 -1
    outer loop
      vertex 35.0429 -21.296 0
      vertex -35.0429 -21.296 0
      vertex 35.065 -21.1959 0
    endloop
  endfacet
  facet normal 0 0 -1
    outer loop
      vertex -35.0959 -21.0981 0
      vertex 35.0959 -21.0981 0
      vertex -35.065 -21.1959 0
    endloop
  endfacet
  facet normal 0 0 -1
    outer loop
      vertex -35.0429 -21.296 0
      vertex 35.0429 -21.296 0
      vertex -35.0295 -21.3976 0
    endloop
  endfacet
  facet normal 0 0 -1
    outer loop
      vertex 35.1824 20.9125 0
      vertex -35.025 21.5 0
      vertex 35.1351 21.0034 0
    endloop
  endfacet
  facet normal 0 0 -1
    outer loop
      vertex 35.0295 -21.3976 0
      vertex -35.0295 -21.3976 0
      vertex 35.0429 -21.296 0
    endloop
  endfacet
  facet normal 0 0 -1
    outer loop
      vertex 35.1351 21.0034 0
      vertex -35.025 21.5 0
      vertex 35.0959 21.0981 0
    endloop
  endfacet
  facet normal 0 0 -1
    outer loop
      vertex -35.0295 -21.3976 0
      vertex 35.0295 -21.3976 0
      vertex -35.025 -21.5 0
    endloop
  endfacet
  facet normal 0 0 -1
    outer loop
      vertex 35.0959 21.0981 0
      vertex -35.025 21.5 0
      vertex 35.065 21.1959 0
    endloop
  endfacet
  facet normal 0 0 -1
    outer loop
      vertex -35.025 -21.5 0
      vertex 35.0295 -21.3976 0
      vertex 35.025 -21.5 0
    endloop
  endfacet
  facet normal 0 0 -1
    outer loop
      vertex 35.065 21.1959 0
      vertex -35.025 21.5 0
      vertex 35.0429 21.296 0
    endloop
  endfacet
  facet normal 0 0 -1
    outer loop
      vertex 37.3041 -21.0981 0
      vertex 62.4426 -22.7272 0
      vertex 37.335 -21.1959 0
    endloop
  endfacet
  facet normal 0 0 -1
    outer loop
      vertex 37.335 -21.1959 0
      vertex 62.4426 -22.7272 0
      vertex 37.3571 -21.296 0
    endloop
  endfacet
  facet normal 0 0 -1
    outer loop
      vertex 62.4426 -22.7272 0
      vertex 37.3041 -21.0981 0
      vertex 64.1858 -17.1985 0
    endloop
  endfacet
  facet normal 0 0 -1
    outer loop
      vertex 37.3571 -21.296 0
      vertex 62.4426 -22.7272 0
      vertex 37.3705 -21.3976 0
    endloop
  endfacet
  facet normal 0 0 -1
    outer loop
      vertex 66.45 0 0
      vertex 37.375 21.5 0
      vertex 66.1971 5.7915 0
    endloop
  endfacet
  facet normal 0 0 -1
    outer loop
      vertex 60.2242 -28.083 0
      vertex 37.3705 -21.3976 0
      vertex 62.4426 -22.7272 0
    endloop
  endfacet
  facet normal 0 0 -1
    outer loop
      vertex 66.1971 5.7915 0
      vertex 37.375 21.5 0
      vertex 65.4405 11.5389 0
    endloop
  endfacet
  facet normal 0 0 -1
    outer loop
      vertex 37.3705 -21.3976 0
      vertex 60.2242 -28.083 0
      vertex 37.375 -21.5 0
    endloop
  endfacet
  facet normal 0 0 -1
    outer loop
      vertex 65.4405 11.5389 0
      vertex 37.375 21.5 0
      vertex 64.1858 17.1985 0
    endloop
  endfacet
  facet normal 0 0 -1
    outer loop
      vertex 37.335 -21.8041 0
      vertex 60.2242 -28.083 0
      vertex 57.5474 -33.225 0
    endloop
  endfacet
  facet normal 0 0 -1
    outer loop
      vertex 64.1858 17.1985 0
      vertex 37.375 21.5 0
      vertex 62.4426 22.7272 0
    endloop
  endfacet
  facet normal 0 0 -1
    outer loop
      vertex 37.1001 -22.2553 0
      vertex 57.5474 -33.225 0
      vertex 54.4327 -38.1142 0
    endloop
  endfacet
  facet normal -0 0 -1
    outer loop
      vertex 62.4426 22.7272 0
      vertex 37.375 21.5 0
      vertex 60.2242 28.083 0
    endloop
  endfacet
  facet normal 0 0 -1
    outer loop
      vertex 36.7875 -22.5176 0
      vertex 54.4327 -38.1142 0
      vertex 50.9037 -42.7132 0
    endloop
  endfacet
  facet normal 0 0 -1
    outer loop
      vertex 37.3705 21.6024 0
      vertex 60.2242 28.083 0
      vertex 37.375 21.5 0
    endloop
  endfacet
  facet normal 0 0 -1
    outer loop
      vertex 36.404 -22.6571 0
      vertex 50.9037 -42.7132 0
      vertex 46.9872 -46.9872 0
    endloop
  endfacet
  facet normal 0 0 -1
    outer loop
      vertex 37.3571 21.704 0
      vertex 60.2242 28.083 0
      vertex 37.3705 21.6024 0
    endloop
  endfacet
  facet normal 0 0 -1
    outer loop
      vertex 36.0976 -22.6705 0
      vertex 46.9872 -46.9872 0
      vertex 42.7132 -50.9037 0
    endloop
  endfacet
  facet normal 0 0 -1
    outer loop
      vertex 37.335 21.8041 0
      vertex 60.2242 28.083 0
      vertex 37.3571 21.704 0
    endloop
  endfacet
  facet normal 0 0 -1
    outer loop
      vertex 35.7981 -22.6041 0
      vertex 42.7132 -50.9037 0
      vertex 38.1142 -54.4327 0
    endloop
  endfacet
  facet normal -0 0 -1
    outer loop
      vertex 60.2242 28.083 0
      vertex 37.335 21.8041 0
      vertex 57.5474 33.225 0
    endloop
  endfacet
  facet normal 0 0 -1
    outer loop
      vertex 37.3041 21.9019 0
      vertex 57.5474 33.225 0
      vertex 37.335 21.8041 0
    endloop
  endfacet
  facet normal 0 0 -1
    outer loop
      vertex 60.2242 -28.083 0
      vertex 37.3705 -21.6024 0
      vertex 37.375 -21.5 0
    endloop
  endfacet
  facet normal 0 0 -1
    outer loop
      vertex 60.2242 -28.083 0
      vertex 37.3571 -21.704 0
      vertex 37.3705 -21.6024 0
    endloop
  endfacet
  facet normal 0 0 -1
    outer loop
      vertex 60.2242 -28.083 0
      vertex 37.335 -21.8041 0
      vertex 37.3571 -21.704 0
    endloop
  endfacet
  facet normal 0 0 -1
    outer loop
      vertex 57.5474 -33.225 0
      vertex 37.3041 -21.9019 0
      vertex 37.335 -21.8041 0
    endloop
  endfacet
  facet normal 0 0 -1
    outer loop
      vertex 57.5474 -33.225 0
      vertex 37.2649 -21.9966 0
      vertex 37.3041 -21.9019 0
    endloop
  endfacet
  facet normal 0 0 -1
    outer loop
      vertex 57.5474 -33.225 0
      vertex 37.2176 -22.0875 0
      vertex 37.2649 -21.9966 0
    endloop
  endfacet
  facet normal 0 0 -1
    outer loop
      vertex 57.5474 -33.225 0
      vertex 37.1625 -22.174 0
      vertex 37.2176 -22.0875 0
    endloop
  endfacet
  facet normal 0 0 -1
    outer loop
      vertex 57.5474 -33.225 0
      vertex 37.1001 -22.2553 0
      vertex 37.1625 -22.174 0
    endloop
  endfacet
  facet normal 0 0 -1
    outer loop
      vertex 54.4327 -38.1142 0
      vertex 37.0308 -22.3308 0
      vertex 37.1001 -22.2553 0
    endloop
  endfacet
  facet normal 0 0 -1
    outer loop
      vertex 54.4327 -38.1142 0
      vertex 36.9553 -22.4001 0
      vertex 37.0308 -22.3308 0
    endloop
  endfacet
  facet normal 0 0 -1
    outer loop
      vertex 54.4327 -38.1142 0
      vertex 36.874 -22.4625 0
      vertex 36.9553 -22.4001 0
    endloop
  endfacet
  facet normal 0 0 -1
    outer loop
      vertex 54.4327 -38.1142 0
      vertex 36.7875 -22.5176 0
      vertex 36.874 -22.4625 0
    endloop
  endfacet
  facet normal 0 0 -1
    outer loop
      vertex 50.9037 -42.7132 0
      vertex 36.6966 -22.5649 0
      vertex 36.7875 -22.5176 0
    endloop
  endfacet
  facet normal 0 0 -1
    outer loop
      vertex 50.9037 -42.7132 0
      vertex 36.6019 -22.6041 0
      vertex 36.6966 -22.5649 0
    endloop
  endfacet
  facet normal 0 0 -1
    outer loop
      vertex 50.9037 -42.7132 0
      vertex 36.5041 -22.635 0
      vertex 36.6019 -22.6041 0
    endloop
  endfacet
  facet normal 0 0 -1
    outer loop
      vertex 50.9037 -42.7132 0
      vertex 36.404 -22.6571 0
      vertex 36.5041 -22.635 0
    endloop
  endfacet
  facet normal 0 0 -1
    outer loop
      vertex 46.9872 -46.9872 0
      vertex 36.3024 -22.6705 0
      vertex 36.404 -22.6571 0
    endloop
  endfacet
  facet normal 0 0 -1
    outer loop
      vertex 46.9872 -46.9872 0
      vertex 36.2 -22.675 0
      vertex 36.3024 -22.6705 0
    endloop
  endfacet
  facet normal 0 0 -1
    outer loop
      vertex 46.9872 -46.9872 0
      vertex 36.0976 -22.6705 0
      vertex 36.2 -22.675 0
    endloop
  endfacet
  facet normal 0 0 -1
    outer loop
      vertex 42.7132 -50.9037 0
      vertex 35.996 -22.6571 0
      vertex 36.0976 -22.6705 0
    endloop
  endfacet
  facet normal 0 0 -1
    outer loop
      vertex 42.7132 -50.9037 0
      vertex 35.8959 -22.635 0
      vertex 35.996 -22.6571 0
    endloop
  endfacet
  facet normal 0 0 -1
    outer loop
      vertex 42.7132 -50.9037 0
      vertex 35.7981 -22.6041 0
      vertex 35.8959 -22.635 0
    endloop
  endfacet
  facet normal 0 0 -1
    outer loop
      vertex 38.1142 -54.4327 0
      vertex 35.7034 -22.5649 0
      vertex 35.7981 -22.6041 0
    endloop
  endfacet
  facet normal 0 0 -1
    outer loop
      vertex 38.1142 -54.4327 0
      vertex 35.6125 -22.5176 0
      vertex 35.7034 -22.5649 0
    endloop
  endfacet
  facet normal 0 0 -1
    outer loop
      vertex 33.225 -57.5474 0
      vertex 35.6125 -22.5176 0
      vertex 38.1142 -54.4327 0
    endloop
  endfacet
  facet normal -0 0 -1
    outer loop
      vertex 35.6125 -22.5176 0
      vertex 33.225 -57.5474 0
      vertex 35.526 -22.4625 0
    endloop
  endfacet
  facet normal -0 0 -1
    outer loop
      vertex 35.526 -22.4625 0
      vertex 33.225 -57.5474 0
      vertex 35.4447 -22.4001 0
    endloop
  endfacet
  facet normal -0 0 -1
    outer loop
      vertex 35.4447 -22.4001 0
      vertex 33.225 -57.5474 0
      vertex 35.3691 -22.3308 0
    endloop
  endfacet
  facet normal 0 0 -1
    outer loop
      vertex 28.083 -60.2242 0
      vertex 35.3691 -22.3308 0
      vertex 33.225 -57.5474 0
    endloop
  endfacet
  facet normal -0 0 -1
    outer loop
      vertex 35.3691 -22.3308 0
      vertex 28.083 -60.2242 0
      vertex 35.2999 -22.2553 0
    endloop
  endfacet
  facet normal 0 0 -1
    outer loop
      vertex 22.7272 -62.4426 0
      vertex 35.2999 -22.2553 0
      vertex 28.083 -60.2242 0
    endloop
  endfacet
  facet normal -0 0 -1
    outer loop
      vertex 35.2999 -22.2553 0
      vertex 22.7272 -62.4426 0
      vertex 35.2375 -22.174 0
    endloop
  endfacet
  facet normal -0 0 -1
    outer loop
      vertex 35.2375 -22.174 0
      vertex 22.7272 -62.4426 0
      vertex 35.1824 -22.0875 0
    endloop
  endfacet
  facet normal 0 0 -1
    outer loop
      vertex 17.1985 -64.1858 0
      vertex 35.1824 -22.0875 0
      vertex 22.7272 -62.4426 0
    endloop
  endfacet
  facet normal -0 0 -1
    outer loop
      vertex 35.1824 -22.0875 0
      vertex 17.1985 -64.1858 0
      vertex 35.1351 -21.9966 0
    endloop
  endfacet
  facet normal 0 0 -1
    outer loop
      vertex 5.7915 -66.1971 0
      vertex 35.0959 -21.9019 0
      vertex 11.5389 -65.4405 0
    endloop
  endfacet
  facet normal -0 0 -1
    outer loop
      vertex 35.1351 -21.9966 0
      vertex 11.5389 -65.4405 0
      vertex 35.0959 -21.9019 0
    endloop
  endfacet
  facet normal 0 0 -1
    outer loop
      vertex 11.5389 -65.4405 0
      vertex 35.1351 -21.9966 0
      vertex 17.1985 -64.1858 0
    endloop
  endfacet
  facet normal 0 0 -1
    outer loop
      vertex 37.2649 21.9966 0
      vertex 57.5474 33.225 0
      vertex 37.3041 21.9019 0
    endloop
  endfacet
  facet normal 0 0 -1
    outer loop
      vertex 37.2176 22.0875 0
      vertex 57.5474 33.225 0
      vertex 37.2649 21.9966 0
    endloop
  endfacet
  facet normal 0 0 -1
    outer loop
      vertex 37.1625 22.174 0
      vertex 57.5474 33.225 0
      vertex 37.2176 22.0875 0
    endloop
  endfacet
  facet normal 0 0 -1
    outer loop
      vertex 37.1001 22.2553 0
      vertex 57.5474 33.225 0
      vertex 37.1625 22.174 0
    endloop
  endfacet
  facet normal -0 0 -1
    outer loop
      vertex 57.5474 33.225 0
      vertex 37.1001 22.2553 0
      vertex 54.4327 38.1142 0
    endloop
  endfacet
  facet normal 0 0 -1
    outer loop
      vertex 37.0308 22.3308 0
      vertex 54.4327 38.1142 0
      vertex 37.1001 22.2553 0
    endloop
  endfacet
  facet normal 0 0 -1
    outer loop
      vertex 36.9553 22.4001 0
      vertex 54.4327 38.1142 0
      vertex 37.0308 22.3308 0
    endloop
  endfacet
  facet normal 0 0 -1
    outer loop
      vertex 36.874 22.4625 0
      vertex 54.4327 38.1142 0
      vertex 36.9553 22.4001 0
    endloop
  endfacet
  facet normal 0 0 -1
    outer loop
      vertex 36.7875 22.5176 0
      vertex 54.4327 38.1142 0
      vertex 36.874 22.4625 0
    endloop
  endfacet
  facet normal -0 0 -1
    outer loop
      vertex 54.4327 38.1142 0
      vertex 36.7875 22.5176 0
      vertex 50.9037 42.7132 0
    endloop
  endfacet
  facet normal 0 0 -1
    outer loop
      vertex 36.6966 22.5649 0
      vertex 50.9037 42.7132 0
      vertex 36.7875 22.5176 0
    endloop
  endfacet
  facet normal 0 0 -1
    outer loop
      vertex 36.6019 22.6041 0
      vertex 50.9037 42.7132 0
      vertex 36.6966 22.5649 0
    endloop
  endfacet
  facet normal 0 0 -1
    outer loop
      vertex 36.5041 22.635 0
      vertex 50.9037 42.7132 0
      vertex 36.6019 22.6041 0
    endloop
  endfacet
  facet normal 0 0 -1
    outer loop
      vertex 36.404 22.6571 0
      vertex 50.9037 42.7132 0
      vertex 36.5041 22.635 0
    endloop
  endfacet
  facet normal -0 0 -1
    outer loop
      vertex 50.9037 42.7132 0
      vertex 36.404 22.6571 0
      vertex 46.9872 46.9872 0
    endloop
  endfacet
  facet normal 0 0 -1
    outer loop
      vertex 36.3024 22.6705 0
      vertex 46.9872 46.9872 0
      vertex 36.404 22.6571 0
    endloop
  endfacet
  facet normal 0 0 -1
    outer loop
      vertex 36.2 22.675 0
      vertex 46.9872 46.9872 0
      vertex 36.3024 22.6705 0
    endloop
  endfacet
  facet normal 0 0 -1
    outer loop
      vertex 36.0976 22.6705 0
      vertex 46.9872 46.9872 0
      vertex 36.2 22.675 0
    endloop
  endfacet
  facet normal -0 0 -1
    outer loop
      vertex 46.9872 46.9872 0
      vertex 36.0976 22.6705 0
      vertex 42.7132 50.9037 0
    endloop
  endfacet
  facet normal 0 0 -1
    outer loop
      vertex 35.996 22.6571 0
      vertex 42.7132 50.9037 0
      vertex 36.0976 22.6705 0
    endloop
  endfacet
  facet normal 0 0 -1
    outer loop
      vertex 35.8959 22.635 0
      vertex 42.7132 50.9037 0
      vertex 35.996 22.6571 0
    endloop
  endfacet
  facet normal 0 0 -1
    outer loop
      vertex 35.7981 22.6041 0
      vertex 42.7132 50.9037 0
      vertex 35.8959 22.635 0
    endloop
  endfacet
  facet normal -0 0 -1
    outer loop
      vertex 42.7132 50.9037 0
      vertex 35.7981 22.6041 0
      vertex 38.1142 54.4327 0
    endloop
  endfacet
  facet normal 0 0 -1
    outer loop
      vertex 35.7034 22.5649 0
      vertex 38.1142 54.4327 0
      vertex 35.7981 22.6041 0
    endloop
  endfacet
  facet normal 0 0 -1
    outer loop
      vertex 35.6125 22.5176 0
      vertex 38.1142 54.4327 0
      vertex 35.7034 22.5649 0
    endloop
  endfacet
  facet normal 0 0 -1
    outer loop
      vertex 33.225 57.5474 0
      vertex 35.6125 22.5176 0
      vertex 35.526 22.4625 0
    endloop
  endfacet
  facet normal 0 0 -1
    outer loop
      vertex 33.225 57.5474 0
      vertex 35.526 22.4625 0
      vertex 35.4447 22.4001 0
    endloop
  endfacet
  facet normal 0 0 -1
    outer loop
      vertex 33.225 57.5474 0
      vertex 35.4447 22.4001 0
      vertex 35.3691 22.3308 0
    endloop
  endfacet
  facet normal 0 0 -1
    outer loop
      vertex 28.083 60.2242 0
      vertex 35.3691 22.3308 0
      vertex 35.2999 22.2553 0
    endloop
  endfacet
  facet normal 0 0 -1
    outer loop
      vertex 22.7272 62.4426 0
      vertex 35.2999 22.2553 0
      vertex 35.2375 22.174 0
    endloop
  endfacet
  facet normal 0 0 -1
    outer loop
      vertex 22.7272 62.4426 0
      vertex 35.2375 22.174 0
      vertex 35.1824 22.0875 0
    endloop
  endfacet
  facet normal 0 0 -1
    outer loop
      vertex 17.1985 64.1858 0
      vertex 35.1824 22.0875 0
      vertex 35.1351 21.9966 0
    endloop
  endfacet
  facet normal 0 0 -1
    outer loop
      vertex 11.5389 65.4405 0
      vertex 35.1351 21.9966 0
      vertex 35.0959 21.9019 0
    endloop
  endfacet
  facet normal 0 0 -1
    outer loop
      vertex 5.7915 66.1971 0
      vertex 35.0959 21.9019 0
      vertex 35.065 21.8041 0
    endloop
  endfacet
  facet normal 0 0 -1
    outer loop
      vertex 35.0295 21.6024 0
      vertex -35.0295 21.6024 0
      vertex 35.0429 21.704 0
    endloop
  endfacet
  facet normal 0 0 -1
    outer loop
      vertex -35.0295 21.6024 0
      vertex 35.0295 21.6024 0
      vertex -35.025 21.5 0
    endloop
  endfacet
  facet normal 0 0 -1
    outer loop
      vertex 35.6125 22.5176 0
      vertex 33.225 57.5474 0
      vertex 38.1142 54.4327 0
    endloop
  endfacet
  facet normal 0 0 -1
    outer loop
      vertex -35.025 21.5 0
      vertex 35.0295 21.6024 0
      vertex 35.025 21.5 0
    endloop
  endfacet
  facet normal 0 0 -1
    outer loop
      vertex 35.0429 21.296 0
      vertex -35.025 21.5 0
      vertex 35.0295 21.3976 0
    endloop
  endfacet
  facet normal -0 0 -1
    outer loop
      vertex 35.0959 -21.9019 0
      vertex 5.7915 -66.1971 0
      vertex 35.065 -21.8041 0
    endloop
  endfacet
  facet normal 0 0 -1
    outer loop
      vertex -35.025 21.5 0
      vertex 35.025 21.5 0
      vertex 35.0295 21.3976 0
    endloop
  endfacet
  facet normal 0 0 -1
    outer loop
      vertex 0 -66.45 0
      vertex 35.065 -21.8041 0
      vertex 5.7915 -66.1971 0
    endloop
  endfacet
  facet normal 0 0 -1
    outer loop
      vertex 35.3691 22.3308 0
      vertex 28.083 60.2242 0
      vertex 33.225 57.5474 0
    endloop
  endfacet
  facet normal 0 0 -1
    outer loop
      vertex -35.065 -21.8041 0
      vertex 35.065 -21.8041 0
      vertex 0 -66.45 0
    endloop
  endfacet
  facet normal 0 0 -1
    outer loop
      vertex 35.2999 22.2553 0
      vertex 22.7272 62.4426 0
      vertex 28.083 60.2242 0
    endloop
  endfacet
  facet normal 0 0 -1
    outer loop
      vertex 35.065 -21.8041 0
      vertex -35.065 -21.8041 0
      vertex 35.0429 -21.704 0
    endloop
  endfacet
  facet normal 0 0 -1
    outer loop
      vertex 35.1824 22.0875 0
      vertex 17.1985 64.1858 0
      vertex 22.7272 62.4426 0
    endloop
  endfacet
  facet normal 0 -0 -1
    outer loop
      vertex -35.0429 -21.704 0
      vertex 35.0429 -21.704 0
      vertex -35.065 -21.8041 0
    endloop
  endfacet
  facet normal 0 0 -1
    outer loop
      vertex 35.1351 21.9966 0
      vertex 11.5389 65.4405 0
      vertex 17.1985 64.1858 0
    endloop
  endfacet
  facet normal 0 0 -1
    outer loop
      vertex 35.0429 -21.704 0
      vertex -35.0429 -21.704 0
      vertex 35.0295 -21.6024 0
    endloop
  endfacet
  facet normal 0 0 -1
    outer loop
      vertex 35.0959 21.9019 0
      vertex 5.7915 66.1971 0
      vertex 11.5389 65.4405 0
    endloop
  endfacet
  facet normal 0 0 -1
    outer loop
      vertex -35.065 -21.8041 0
      vertex 0 -66.45 0
      vertex -5.7915 -66.1971 0
    endloop
  endfacet
  facet normal 0 0 -1
    outer loop
      vertex 35.065 21.8041 0
      vertex 0 66.45 0
      vertex 5.7915 66.1971 0
    endloop
  endfacet
  facet normal 0 0 -1
    outer loop
      vertex -35.0959 -21.9019 0
      vertex -5.7915 -66.1971 0
      vertex -11.5389 -65.4405 0
    endloop
  endfacet
  facet normal 0 0 -1
    outer loop
      vertex -35.0429 21.704 0
      vertex 35.0429 21.704 0
      vertex -35.0295 21.6024 0
    endloop
  endfacet
  facet normal 0 0 -1
    outer loop
      vertex -35.1351 -21.9966 0
      vertex -11.5389 -65.4405 0
      vertex -17.1985 -64.1858 0
    endloop
  endfacet
  facet normal 0 0 -1
    outer loop
      vertex 35.0429 21.704 0
      vertex -35.0429 21.704 0
      vertex 35.065 21.8041 0
    endloop
  endfacet
  facet normal 0 0 -1
    outer loop
      vertex -35.1824 -22.0875 0
      vertex -17.1985 -64.1858 0
      vertex -22.7272 -62.4426 0
    endloop
  endfacet
  facet normal 0 0 -1
    outer loop
      vertex -35.065 21.8041 0
      vertex 35.065 21.8041 0
      vertex -35.0429 21.704 0
    endloop
  endfacet
  facet normal 0 0 -1
    outer loop
      vertex -35.2999 -22.2553 0
      vertex -22.7272 -62.4426 0
      vertex -28.083 -60.2242 0
    endloop
  endfacet
  facet normal 0 0 -1
    outer loop
      vertex 35.065 21.8041 0
      vertex -35.065 21.8041 0
      vertex 0 66.45 0
    endloop
  endfacet
  facet normal 0 0 -1
    outer loop
      vertex -35.3691 -22.3308 0
      vertex -28.083 -60.2242 0
      vertex -33.225 -57.5474 0
    endloop
  endfacet
  facet normal 0 0 -1
    outer loop
      vertex 0 66.45 0
      vertex -35.065 21.8041 0
      vertex -5.7915 66.1971 0
    endloop
  endfacet
  facet normal 0 0 -1
    outer loop
      vertex -35.0959 21.9019 0
      vertex -5.7915 66.1971 0
      vertex -35.065 21.8041 0
    endloop
  endfacet
  facet normal -0 0 -1
    outer loop
      vertex 35.025 -21.5 0
      vertex -35.0295 -21.6024 0
      vertex -35.025 -21.5 0
    endloop
  endfacet
  facet normal 0 0 -1
    outer loop
      vertex 35.0295 -21.6024 0
      vertex -35.0295 -21.6024 0
      vertex 35.025 -21.5 0
    endloop
  endfacet
  facet normal 0 -0 -1
    outer loop
      vertex -35.0295 -21.6024 0
      vertex 35.0295 -21.6024 0
      vertex -35.0429 -21.704 0
    endloop
  endfacet
  facet normal 0 0 -1
    outer loop
      vertex -5.7915 -66.1971 0
      vertex -35.0959 -21.9019 0
      vertex -35.065 -21.8041 0
    endloop
  endfacet
  facet normal 0 0 -1
    outer loop
      vertex -11.5389 -65.4405 0
      vertex -35.1351 -21.9966 0
      vertex -35.0959 -21.9019 0
    endloop
  endfacet
  facet normal 0 0 -1
    outer loop
      vertex -17.1985 -64.1858 0
      vertex -35.1824 -22.0875 0
      vertex -35.1351 -21.9966 0
    endloop
  endfacet
  facet normal 0 0 -1
    outer loop
      vertex -22.7272 -62.4426 0
      vertex -35.2375 -22.174 0
      vertex -35.1824 -22.0875 0
    endloop
  endfacet
  facet normal 0 0 -1
    outer loop
      vertex -22.7272 -62.4426 0
      vertex -35.2999 -22.2553 0
      vertex -35.2375 -22.174 0
    endloop
  endfacet
  facet normal 0 0 -1
    outer loop
      vertex -28.083 -60.2242 0
      vertex -35.3691 -22.3308 0
      vertex -35.2999 -22.2553 0
    endloop
  endfacet
  facet normal 0 0 -1
    outer loop
      vertex -33.225 -57.5474 0
      vertex -35.4447 -22.4001 0
      vertex -35.3691 -22.3308 0
    endloop
  endfacet
  facet normal 0 0 -1
    outer loop
      vertex -33.225 -57.5474 0
      vertex -35.526 -22.4625 0
      vertex -35.4447 -22.4001 0
    endloop
  endfacet
  facet normal 0 0 -1
    outer loop
      vertex -33.225 -57.5474 0
      vertex -35.6125 -22.5176 0
      vertex -35.526 -22.4625 0
    endloop
  endfacet
  facet normal 0 0 -1
    outer loop
      vertex -38.1142 -54.4327 0
      vertex -35.6125 -22.5176 0
      vertex -33.225 -57.5474 0
    endloop
  endfacet
  facet normal 0 0 -1
    outer loop
      vertex -35.6125 -22.5176 0
      vertex -38.1142 -54.4327 0
      vertex -35.7034 -22.5649 0
    endloop
  endfacet
  facet normal 0 0 -1
    outer loop
      vertex -35.7034 -22.5649 0
      vertex -38.1142 -54.4327 0
      vertex -35.7981 -22.6041 0
    endloop
  endfacet
  facet normal 0 0 -1
    outer loop
      vertex -42.7132 -50.9037 0
      vertex -35.7981 -22.6041 0
      vertex -38.1142 -54.4327 0
    endloop
  endfacet
  facet normal 0 0 -1
    outer loop
      vertex -35.7981 -22.6041 0
      vertex -42.7132 -50.9037 0
      vertex -35.8959 -22.635 0
    endloop
  endfacet
  facet normal 0 0 -1
    outer loop
      vertex -35.8959 -22.635 0
      vertex -42.7132 -50.9037 0
      vertex -35.996 -22.6571 0
    endloop
  endfacet
  facet normal 0 0 -1
    outer loop
      vertex -35.996 -22.6571 0
      vertex -42.7132 -50.9037 0
      vertex -36.0976 -22.6705 0
    endloop
  endfacet
  facet normal 0 0 -1
    outer loop
      vertex -46.9872 -46.9872 0
      vertex -36.0976 -22.6705 0
      vertex -42.7132 -50.9037 0
    endloop
  endfacet
  facet normal 0 0 -1
    outer loop
      vertex -36.0976 -22.6705 0
      vertex -46.9872 -46.9872 0
      vertex -36.2 -22.675 0
    endloop
  endfacet
  facet normal -0 0 -1
    outer loop
      vertex -36.2 -22.675 0
      vertex -46.9872 -46.9872 0
      vertex -36.3024 -22.6705 0
    endloop
  endfacet
  facet normal -0 0 -1
    outer loop
      vertex -36.3024 -22.6705 0
      vertex -46.9872 -46.9872 0
      vertex -36.404 -22.6571 0
    endloop
  endfacet
  facet normal 0 0 -1
    outer loop
      vertex -50.9037 -42.7132 0
      vertex -36.404 -22.6571 0
      vertex -46.9872 -46.9872 0
    endloop
  endfacet
  facet normal -0 0 -1
    outer loop
      vertex -36.404 -22.6571 0
      vertex -50.9037 -42.7132 0
      vertex -36.5041 -22.635 0
    endloop
  endfacet
  facet normal -0 0 -1
    outer loop
      vertex -36.5041 -22.635 0
      vertex -50.9037 -42.7132 0
      vertex -36.6019 -22.6041 0
    endloop
  endfacet
  facet normal -0 0 -1
    outer loop
      vertex -36.6019 -22.6041 0
      vertex -50.9037 -42.7132 0
      vertex -36.6966 -22.5649 0
    endloop
  endfacet
  facet normal -0 0 -1
    outer loop
      vertex -36.6966 -22.5649 0
      vertex -50.9037 -42.7132 0
      vertex -36.7875 -22.5176 0
    endloop
  endfacet
  facet normal 0 0 -1
    outer loop
      vertex -54.4327 -38.1142 0
      vertex -36.7875 -22.5176 0
      vertex -50.9037 -42.7132 0
    endloop
  endfacet
  facet normal -0 0 -1
    outer loop
      vertex -36.7875 -22.5176 0
      vertex -54.4327 -38.1142 0
      vertex -36.874 -22.4625 0
    endloop
  endfacet
  facet normal -0 0 -1
    outer loop
      vertex -36.874 -22.4625 0
      vertex -54.4327 -38.1142 0
      vertex -36.9553 -22.4001 0
    endloop
  endfacet
  facet normal -0 0 -1
    outer loop
      vertex -36.9553 -22.4001 0
      vertex -54.4327 -38.1142 0
      vertex -37.0308 -22.3308 0
    endloop
  endfacet
  facet normal -0 0 -1
    outer loop
      vertex -37.0308 -22.3308 0
      vertex -54.4327 -38.1142 0
      vertex -37.1001 -22.2553 0
    endloop
  endfacet
  facet normal 0 0 -1
    outer loop
      vertex -57.5474 -33.225 0
      vertex -37.1001 -22.2553 0
      vertex -54.4327 -38.1142 0
    endloop
  endfacet
  facet normal -0 0 -1
    outer loop
      vertex -37.1001 -22.2553 0
      vertex -57.5474 -33.225 0
      vertex -37.1625 -22.174 0
    endloop
  endfacet
  facet normal -0 0 -1
    outer loop
      vertex -37.2649 -21.9966 0
      vertex -57.5474 -33.225 0
      vertex -37.3041 -21.9019 0
    endloop
  endfacet
  facet normal -0 0 -1
    outer loop
      vertex -37.2176 -22.0875 0
      vertex -57.5474 -33.225 0
      vertex -37.2649 -21.9966 0
    endloop
  endfacet
  facet normal -0 0 -1
    outer loop
      vertex -37.1625 -22.174 0
      vertex -57.5474 -33.225 0
      vertex -37.2176 -22.0875 0
    endloop
  endfacet
  facet normal 0.976296 -0.216439 0
    outer loop
      vertex 64.1858 -17.1985 24
      vertex 65.4405 -11.5389 0
      vertex 65.4405 -11.5389 24
    endloop
  endfacet
  facet normal 0.976296 -0.216439 0
    outer loop
      vertex 65.4405 -11.5389 0
      vertex 64.1858 -17.1985 24
      vertex 64.1858 -17.1985 0
    endloop
  endfacet
  facet normal -0.737269 0.6756 0
    outer loop
      vertex -50.9037 42.7132 0
      vertex -46.9872 46.9872 24
      vertex -46.9872 46.9872 0
    endloop
  endfacet
  facet normal -0.737269 0.6756 0
    outer loop
      vertex -46.9872 46.9872 24
      vertex -50.9037 42.7132 0
      vertex -50.9037 42.7132 24
    endloop
  endfacet
  facet normal -0.999048 0.0436259 0
    outer loop
      vertex -66.45 0 0
      vertex -66.1971 5.7915 24
      vertex -66.1971 5.7915 0
    endloop
  endfacet
  facet normal -0.999048 0.0436259 0
    outer loop
      vertex -66.1971 5.7915 24
      vertex -66.45 0 0
      vertex -66.45 0 24
    endloop
  endfacet
  facet normal 0.461755 0.887008 -0
    outer loop
      vertex 33.225 57.5474 0
      vertex 28.083 60.2242 24
      vertex 33.225 57.5474 24
    endloop
  endfacet
  facet normal 0.461755 0.887008 0
    outer loop
      vertex 28.083 60.2242 24
      vertex 33.225 57.5474 0
      vertex 28.083 60.2242 0
    endloop
  endfacet
  facet normal -0.382677 0.923882 0
    outer loop
      vertex -22.7272 62.4426 0
      vertex -28.083 60.2242 24
      vertex -22.7272 62.4426 24
    endloop
  endfacet
  facet normal -0.382677 0.923882 0
    outer loop
      vertex -28.083 60.2242 24
      vertex -22.7272 62.4426 0
      vertex -28.083 60.2242 0
    endloop
  endfacet
  facet normal -0.537292 -0.843396 0
    outer loop
      vertex -38.1142 -54.4327 0
      vertex -33.225 -57.5474 24
      vertex -38.1142 -54.4327 24
    endloop
  endfacet
  facet normal -0.537292 -0.843396 -0
    outer loop
      vertex -33.225 -57.5474 24
      vertex -38.1142 -54.4327 0
      vertex -33.225 -57.5474 0
    endloop
  endfacet
  facet normal 0.953717 0.300707 0
    outer loop
      vertex 64.1858 17.1985 24
      vertex 62.4426 22.7272 0
      vertex 62.4426 22.7272 24
    endloop
  endfacet
  facet normal 0.953717 0.300707 0
    outer loop
      vertex 62.4426 22.7272 0
      vertex 64.1858 17.1985 24
      vertex 64.1858 17.1985 0
    endloop
  endfacet
  facet normal 0.923882 -0.382677 0
    outer loop
      vertex 60.2242 -28.083 24
      vertex 62.4426 -22.7272 0
      vertex 62.4426 -22.7272 24
    endloop
  endfacet
  facet normal 0.923882 -0.382677 0
    outer loop
      vertex 62.4426 -22.7272 0
      vertex 60.2242 -28.083 24
      vertex 60.2242 -28.083 0
    endloop
  endfacet
  facet normal 0.382677 0.923882 -0
    outer loop
      vertex 28.083 60.2242 0
      vertex 22.7272 62.4426 24
      vertex 28.083 60.2242 24
    endloop
  endfacet
  facet normal 0.382677 0.923882 0
    outer loop
      vertex 22.7272 62.4426 24
      vertex 28.083 60.2242 0
      vertex 22.7272 62.4426 0
    endloop
  endfacet
  facet normal 0.216439 0.976296 -0
    outer loop
      vertex 17.1985 64.1858 0
      vertex 11.5389 65.4405 24
      vertex 17.1985 64.1858 24
    endloop
  endfacet
  facet normal 0.216439 0.976296 0
    outer loop
      vertex 11.5389 65.4405 24
      vertex 17.1985 64.1858 0
      vertex 11.5389 65.4405 0
    endloop
  endfacet
  facet normal 0 0 1
    outer loop
      vertex 63.85 0 24
      vertex 66.45 0 24
      vertex 66.1971 5.7915 24
    endloop
  endfacet
  facet normal 0 0 1
    outer loop
      vertex 63.607 5.56489 24
      vertex 66.1971 5.7915 24
      vertex 65.4405 11.5389 24
    endloop
  endfacet
  facet normal 0 0 1
    outer loop
      vertex 66.45 0 24
      vertex 63.85 0 24
      vertex 66.1971 -5.7915 24
    endloop
  endfacet
  facet normal 0 0 1
    outer loop
      vertex 62.88 11.0874 24
      vertex 65.4405 11.5389 24
      vertex 64.1858 17.1985 24
    endloop
  endfacet
  facet normal -0 0 1
    outer loop
      vertex 63.607 -5.56489 24
      vertex 66.1971 -5.7915 24
      vertex 63.85 0 24
    endloop
  endfacet
  facet normal 0 0 1
    outer loop
      vertex 66.1971 -5.7915 24
      vertex 63.607 -5.56489 24
      vertex 65.4405 -11.5389 24
    endloop
  endfacet
  facet normal 0 0 1
    outer loop
      vertex 66.1971 5.7915 24
      vertex 63.607 5.56489 24
      vertex 63.85 0 24
    endloop
  endfacet
  facet normal 0 0 1
    outer loop
      vertex 65.4405 11.5389 24
      vertex 62.88 11.0874 24
      vertex 63.607 5.56489 24
    endloop
  endfacet
  facet normal 0 0 1
    outer loop
      vertex 61.6744 16.5256 24
      vertex 64.1858 17.1985 24
      vertex 62.4426 22.7272 24
    endloop
  endfacet
  facet normal 0 0 1
    outer loop
      vertex 64.1858 17.1985 24
      vertex 61.6744 16.5256 24
      vertex 62.88 11.0874 24
    endloop
  endfacet
  facet normal 0 0 1
    outer loop
      vertex 59.9994 21.838 24
      vertex 62.4426 22.7272 24
      vertex 60.2242 28.083 24
    endloop
  endfacet
  facet normal 0 0 1
    outer loop
      vertex 62.4426 22.7272 24
      vertex 59.9994 21.838 24
      vertex 61.6744 16.5256 24
    endloop
  endfacet
  facet normal 0 0 1
    outer loop
      vertex 60.2242 28.083 24
      vertex 57.8678 26.9842 24
      vertex 59.9994 21.838 24
    endloop
  endfacet
  facet normal 0 0 1
    outer loop
      vertex 57.5474 33.225 24
      vertex 57.8678 26.9842 24
      vertex 60.2242 28.083 24
    endloop
  endfacet
  facet normal 0 0 1
    outer loop
      vertex 57.5474 33.225 24
      vertex 55.2957 31.925 24
      vertex 57.8678 26.9842 24
    endloop
  endfacet
  facet normal 0 0 1
    outer loop
      vertex 54.4327 38.1142 24
      vertex 55.2957 31.925 24
      vertex 57.5474 33.225 24
    endloop
  endfacet
  facet normal 0 0 1
    outer loop
      vertex 54.4327 38.1142 24
      vertex 52.3029 36.6229 24
      vertex 55.2957 31.925 24
    endloop
  endfacet
  facet normal 0 0 1
    outer loop
      vertex 50.9037 42.7132 24
      vertex 52.3029 36.6229 24
      vertex 54.4327 38.1142 24
    endloop
  endfacet
  facet normal 0 0 1
    outer loop
      vertex 50.9037 42.7132 24
      vertex 48.9119 41.042 24
      vertex 52.3029 36.6229 24
    endloop
  endfacet
  facet normal 0 0 1
    outer loop
      vertex 46.9872 46.9872 24
      vertex 48.9119 41.042 24
      vertex 50.9037 42.7132 24
    endloop
  endfacet
  facet normal 0 0 1
    outer loop
      vertex 46.9872 46.9872 24
      vertex 45.1488 45.1488 24
      vertex 48.9119 41.042 24
    endloop
  endfacet
  facet normal 0 0 1
    outer loop
      vertex 42.7132 50.9037 24
      vertex 45.1488 45.1488 24
      vertex 46.9872 46.9872 24
    endloop
  endfacet
  facet normal 0 0 1
    outer loop
      vertex 42.7132 50.9037 24
      vertex 41.042 48.9119 24
      vertex 45.1488 45.1488 24
    endloop
  endfacet
  facet normal 0 0 1
    outer loop
      vertex 38.1142 54.4327 24
      vertex 41.042 48.9119 24
      vertex 42.7132 50.9037 24
    endloop
  endfacet
  facet normal 0 0 1
    outer loop
      vertex 38.1142 54.4327 24
      vertex 36.6229 52.3029 24
      vertex 41.042 48.9119 24
    endloop
  endfacet
  facet normal 0 0 1
    outer loop
      vertex 33.225 57.5474 24
      vertex 36.6229 52.3029 24
      vertex 38.1142 54.4327 24
    endloop
  endfacet
  facet normal 0 0 1
    outer loop
      vertex 33.225 57.5474 24
      vertex 31.925 55.2957 24
      vertex 36.6229 52.3029 24
    endloop
  endfacet
  facet normal 0 0 1
    outer loop
      vertex 28.083 60.2242 24
      vertex 31.925 55.2957 24
      vertex 33.225 57.5474 24
    endloop
  endfacet
  facet normal 0 0 1
    outer loop
      vertex 28.083 60.2242 24
      vertex 26.9842 57.8678 24
      vertex 31.925 55.2957 24
    endloop
  endfacet
  facet normal 0 0 1
    outer loop
      vertex 22.7272 62.4426 24
      vertex 26.9842 57.8678 24
      vertex 28.083 60.2242 24
    endloop
  endfacet
  facet normal 0 0 1
    outer loop
      vertex 22.7272 62.4426 24
      vertex 21.838 59.9994 24
      vertex 26.9842 57.8678 24
    endloop
  endfacet
  facet normal 0 0 1
    outer loop
      vertex 17.1985 64.1858 24
      vertex 21.838 59.9994 24
      vertex 22.7272 62.4426 24
    endloop
  endfacet
  facet normal 0 0 1
    outer loop
      vertex 17.1985 64.1858 24
      vertex 16.5256 61.6744 24
      vertex 21.838 59.9994 24
    endloop
  endfacet
  facet normal 0 0 1
    outer loop
      vertex 11.5389 65.4405 24
      vertex 16.5256 61.6744 24
      vertex 17.1985 64.1858 24
    endloop
  endfacet
  facet normal 0 0 1
    outer loop
      vertex 11.5389 65.4405 24
      vertex 11.0874 62.88 24
      vertex 16.5256 61.6744 24
    endloop
  endfacet
  facet normal 0 0 1
    outer loop
      vertex 5.7915 66.1971 24
      vertex 11.0874 62.88 24
      vertex 11.5389 65.4405 24
    endloop
  endfacet
  facet normal 0 0 1
    outer loop
      vertex 5.7915 66.1971 24
      vertex 5.56489 63.607 24
      vertex 11.0874 62.88 24
    endloop
  endfacet
  facet normal 0 0 1
    outer loop
      vertex 0 66.45 24
      vertex 5.56489 63.607 24
      vertex 5.7915 66.1971 24
    endloop
  endfacet
  facet normal 0 0 1
    outer loop
      vertex 0 66.45 24
      vertex 0 63.85 24
      vertex 5.56489 63.607 24
    endloop
  endfacet
  facet normal 0 0 1
    outer loop
      vertex 0 66.45 24
      vertex -5.56489 63.607 24
      vertex 0 63.85 24
    endloop
  endfacet
  facet normal -0 0 1
    outer loop
      vertex -5.7915 66.1971 24
      vertex -5.56489 63.607 24
      vertex 0 66.45 24
    endloop
  endfacet
  facet normal 0 0 1
    outer loop
      vertex -5.7915 66.1971 24
      vertex -11.0874 62.88 24
      vertex -5.56489 63.607 24
    endloop
  endfacet
  facet normal -0 0 1
    outer loop
      vertex -11.5389 65.4405 24
      vertex -11.0874 62.88 24
      vertex -5.7915 66.1971 24
    endloop
  endfacet
  facet normal 0 0 1
    outer loop
      vertex -11.5389 65.4405 24
      vertex -16.5256 61.6744 24
      vertex -11.0874 62.88 24
    endloop
  endfacet
  facet normal -0 0 1
    outer loop
      vertex -17.1985 64.1858 24
      vertex -16.5256 61.6744 24
      vertex -11.5389 65.4405 24
    endloop
  endfacet
  facet normal 0 0 1
    outer loop
      vertex -17.1985 64.1858 24
      vertex -21.838 59.9994 24
      vertex -16.5256 61.6744 24
    endloop
  endfacet
  facet normal -0 0 1
    outer loop
      vertex -22.7272 62.4426 24
      vertex -21.838 59.9994 24
      vertex -17.1985 64.1858 24
    endloop
  endfacet
  facet normal 0 0 1
    outer loop
      vertex -22.7272 62.4426 24
      vertex -26.9842 57.8678 24
      vertex -21.838 59.9994 24
    endloop
  endfacet
  facet normal -0 0 1
    outer loop
      vertex -28.083 60.2242 24
      vertex -26.9842 57.8678 24
      vertex -22.7272 62.4426 24
    endloop
  endfacet
  facet normal 0 0 1
    outer loop
      vertex -28.083 60.2242 24
      vertex -31.925 55.2957 24
      vertex -26.9842 57.8678 24
    endloop
  endfacet
  facet normal -0 0 1
    outer loop
      vertex -33.225 57.5474 24
      vertex -31.925 55.2957 24
      vertex -28.083 60.2242 24
    endloop
  endfacet
  facet normal 0 0 1
    outer loop
      vertex -33.225 57.5474 24
      vertex -36.6229 52.3029 24
      vertex -31.925 55.2957 24
    endloop
  endfacet
  facet normal -0 0 1
    outer loop
      vertex -38.1142 54.4327 24
      vertex -36.6229 52.3029 24
      vertex -33.225 57.5474 24
    endloop
  endfacet
  facet normal 0 0 1
    outer loop
      vertex -38.1142 54.4327 24
      vertex -41.042 48.9119 24
      vertex -36.6229 52.3029 24
    endloop
  endfacet
  facet normal -0 0 1
    outer loop
      vertex -42.7132 50.9037 24
      vertex -41.042 48.9119 24
      vertex -38.1142 54.4327 24
    endloop
  endfacet
  facet normal 0 0 1
    outer loop
      vertex -42.7132 50.9037 24
      vertex -45.1488 45.1488 24
      vertex -41.042 48.9119 24
    endloop
  endfacet
  facet normal -0 0 1
    outer loop
      vertex -46.9872 46.9872 24
      vertex -45.1488 45.1488 24
      vertex -42.7132 50.9037 24
    endloop
  endfacet
  facet normal 0 0 1
    outer loop
      vertex -46.9872 46.9872 24
      vertex -48.9119 41.042 24
      vertex -45.1488 45.1488 24
    endloop
  endfacet
  facet normal -0 0 1
    outer loop
      vertex -50.9037 42.7132 24
      vertex -48.9119 41.042 24
      vertex -46.9872 46.9872 24
    endloop
  endfacet
  facet normal 0 0 1
    outer loop
      vertex -50.9037 42.7132 24
      vertex -52.3029 36.6229 24
      vertex -48.9119 41.042 24
    endloop
  endfacet
  facet normal -0 0 1
    outer loop
      vertex -54.4327 38.1142 24
      vertex -52.3029 36.6229 24
      vertex -50.9037 42.7132 24
    endloop
  endfacet
  facet normal 0 0 1
    outer loop
      vertex -54.4327 38.1142 24
      vertex -55.2957 31.925 24
      vertex -52.3029 36.6229 24
    endloop
  endfacet
  facet normal -0 0 1
    outer loop
      vertex -57.5474 33.225 24
      vertex -55.2957 31.925 24
      vertex -54.4327 38.1142 24
    endloop
  endfacet
  facet normal 0 0 1
    outer loop
      vertex -57.5474 33.225 24
      vertex -57.8678 26.9842 24
      vertex -55.2957 31.925 24
    endloop
  endfacet
  facet normal -0 0 1
    outer loop
      vertex -60.2242 28.083 24
      vertex -57.8678 26.9842 24
      vertex -57.5474 33.225 24
    endloop
  endfacet
  facet normal 0 0 1
    outer loop
      vertex -57.8678 26.9842 24
      vertex -60.2242 28.083 24
      vertex -59.9994 21.838 24
    endloop
  endfacet
  facet normal -0 0 1
    outer loop
      vertex -62.4426 22.7272 24
      vertex -59.9994 21.838 24
      vertex -60.2242 28.083 24
    endloop
  endfacet
  facet normal 0 0 1
    outer loop
      vertex -59.9994 21.838 24
      vertex -62.4426 22.7272 24
      vertex -61.6744 16.5256 24
    endloop
  endfacet
  facet normal -0 0 1
    outer loop
      vertex -64.1858 17.1985 24
      vertex -61.6744 16.5256 24
      vertex -62.4426 22.7272 24
    endloop
  endfacet
  facet normal 0 0 1
    outer loop
      vertex -61.6744 16.5256 24
      vertex -64.1858 17.1985 24
      vertex -62.88 11.0874 24
    endloop
  endfacet
  facet normal 0 0 1
    outer loop
      vertex -62.88 11.0874 24
      vertex -65.4405 11.5389 24
      vertex -63.607 5.56489 24
    endloop
  endfacet
  facet normal -0 0 1
    outer loop
      vertex -65.4405 11.5389 24
      vertex -62.88 11.0874 24
      vertex -64.1858 17.1985 24
    endloop
  endfacet
  facet normal -0 0 1
    outer loop
      vertex 62.88 -11.0874 24
      vertex 65.4405 -11.5389 24
      vertex 63.607 -5.56489 24
    endloop
  endfacet
  facet normal 0 0 1
    outer loop
      vertex 65.4405 -11.5389 24
      vertex 62.88 -11.0874 24
      vertex 64.1858 -17.1985 24
    endloop
  endfacet
  facet normal -0 0 1
    outer loop
      vertex 61.6744 -16.5256 24
      vertex 64.1858 -17.1985 24
      vertex 62.88 -11.0874 24
    endloop
  endfacet
  facet normal 0 0 1
    outer loop
      vertex 64.1858 -17.1985 24
      vertex 61.6744 -16.5256 24
      vertex 62.4426 -22.7272 24
    endloop
  endfacet
  facet normal -0 0 1
    outer loop
      vertex 59.9994 -21.838 24
      vertex 62.4426 -22.7272 24
      vertex 61.6744 -16.5256 24
    endloop
  endfacet
  facet normal 0 0 1
    outer loop
      vertex 62.4426 -22.7272 24
      vertex 59.9994 -21.838 24
      vertex 60.2242 -28.083 24
    endloop
  endfacet
  facet normal -0 0 1
    outer loop
      vertex 57.8678 -26.9842 24
      vertex 60.2242 -28.083 24
      vertex 59.9994 -21.838 24
    endloop
  endfacet
  facet normal 0 0 1
    outer loop
      vertex 57.8678 -26.9842 24
      vertex 57.5474 -33.225 24
      vertex 60.2242 -28.083 24
    endloop
  endfacet
  facet normal -0 0 1
    outer loop
      vertex 55.2957 -31.925 24
      vertex 57.5474 -33.225 24
      vertex 57.8678 -26.9842 24
    endloop
  endfacet
  facet normal 0 0 1
    outer loop
      vertex 55.2957 -31.925 24
      vertex 54.4327 -38.1142 24
      vertex 57.5474 -33.225 24
    endloop
  endfacet
  facet normal -0 0 1
    outer loop
      vertex 52.3029 -36.6229 24
      vertex 54.4327 -38.1142 24
      vertex 55.2957 -31.925 24
    endloop
  endfacet
  facet normal 0 0 1
    outer loop
      vertex 52.3029 -36.6229 24
      vertex 50.9037 -42.7132 24
      vertex 54.4327 -38.1142 24
    endloop
  endfacet
  facet normal -0 0 1
    outer loop
      vertex 48.9119 -41.042 24
      vertex 50.9037 -42.7132 24
      vertex 52.3029 -36.6229 24
    endloop
  endfacet
  facet normal 0 0 1
    outer loop
      vertex 48.9119 -41.042 24
      vertex 46.9872 -46.9872 24
      vertex 50.9037 -42.7132 24
    endloop
  endfacet
  facet normal -0 0 1
    outer loop
      vertex 45.1488 -45.1488 24
      vertex 46.9872 -46.9872 24
      vertex 48.9119 -41.042 24
    endloop
  endfacet
  facet normal 0 0 1
    outer loop
      vertex 45.1488 -45.1488 24
      vertex 42.7132 -50.9037 24
      vertex 46.9872 -46.9872 24
    endloop
  endfacet
  facet normal -0 0 1
    outer loop
      vertex 41.042 -48.9119 24
      vertex 42.7132 -50.9037 24
      vertex 45.1488 -45.1488 24
    endloop
  endfacet
  facet normal 0 0 1
    outer loop
      vertex 41.042 -48.9119 24
      vertex 38.1142 -54.4327 24
      vertex 42.7132 -50.9037 24
    endloop
  endfacet
  facet normal -0 0 1
    outer loop
      vertex 36.6229 -52.3029 24
      vertex 38.1142 -54.4327 24
      vertex 41.042 -48.9119 24
    endloop
  endfacet
  facet normal 0 0 1
    outer loop
      vertex 36.6229 -52.3029 24
      vertex 33.225 -57.5474 24
      vertex 38.1142 -54.4327 24
    endloop
  endfacet
  facet normal -0 0 1
    outer loop
      vertex 31.925 -55.2957 24
      vertex 33.225 -57.5474 24
      vertex 36.6229 -52.3029 24
    endloop
  endfacet
  facet normal 0 0 1
    outer loop
      vertex 31.925 -55.2957 24
      vertex 28.083 -60.2242 24
      vertex 33.225 -57.5474 24
    endloop
  endfacet
  facet normal -0 0 1
    outer loop
      vertex 26.9842 -57.8678 24
      vertex 28.083 -60.2242 24
      vertex 31.925 -55.2957 24
    endloop
  endfacet
  facet normal 0 0 1
    outer loop
      vertex 26.9842 -57.8678 24
      vertex 22.7272 -62.4426 24
      vertex 28.083 -60.2242 24
    endloop
  endfacet
  facet normal -0 0 1
    outer loop
      vertex 21.838 -59.9994 24
      vertex 22.7272 -62.4426 24
      vertex 26.9842 -57.8678 24
    endloop
  endfacet
  facet normal 0 0 1
    outer loop
      vertex 21.838 -59.9994 24
      vertex 17.1985 -64.1858 24
      vertex 22.7272 -62.4426 24
    endloop
  endfacet
  facet normal -0 0 1
    outer loop
      vertex 16.5256 -61.6744 24
      vertex 17.1985 -64.1858 24
      vertex 21.838 -59.9994 24
    endloop
  endfacet
  facet normal 0 0 1
    outer loop
      vertex 16.5256 -61.6744 24
      vertex 11.5389 -65.4405 24
      vertex 17.1985 -64.1858 24
    endloop
  endfacet
  facet normal -0 0 1
    outer loop
      vertex 11.0874 -62.88 24
      vertex 11.5389 -65.4405 24
      vertex 16.5256 -61.6744 24
    endloop
  endfacet
  facet normal 0 0 1
    outer loop
      vertex 11.0874 -62.88 24
      vertex 5.7915 -66.1971 24
      vertex 11.5389 -65.4405 24
    endloop
  endfacet
  facet normal -0 0 1
    outer loop
      vertex 5.56489 -63.607 24
      vertex 5.7915 -66.1971 24
      vertex 11.0874 -62.88 24
    endloop
  endfacet
  facet normal -0 0 1
    outer loop
      vertex 0 -63.85 24
      vertex 5.7915 -66.1971 24
      vertex 5.56489 -63.607 24
    endloop
  endfacet
  facet normal 0 0 1
    outer loop
      vertex 0 -63.85 24
      vertex 0 -66.45 24
      vertex 5.7915 -66.1971 24
    endloop
  endfacet
  facet normal 0 0 1
    outer loop
      vertex -5.56489 -63.607 24
      vertex 0 -66.45 24
      vertex 0 -63.85 24
    endloop
  endfacet
  facet normal 0 0 1
    outer loop
      vertex -5.56489 -63.607 24
      vertex -5.7915 -66.1971 24
      vertex 0 -66.45 24
    endloop
  endfacet
  facet normal 0 0 1
    outer loop
      vertex -11.0874 -62.88 24
      vertex -5.7915 -66.1971 24
      vertex -5.56489 -63.607 24
    endloop
  endfacet
  facet normal 0 0 1
    outer loop
      vertex -11.0874 -62.88 24
      vertex -11.5389 -65.4405 24
      vertex -5.7915 -66.1971 24
    endloop
  endfacet
  facet normal 0 0 1
    outer loop
      vertex -16.5256 -61.6744 24
      vertex -11.5389 -65.4405 24
      vertex -11.0874 -62.88 24
    endloop
  endfacet
  facet normal 0 0 1
    outer loop
      vertex -16.5256 -61.6744 24
      vertex -17.1985 -64.1858 24
      vertex -11.5389 -65.4405 24
    endloop
  endfacet
  facet normal 0 0 1
    outer loop
      vertex -21.838 -59.9994 24
      vertex -17.1985 -64.1858 24
      vertex -16.5256 -61.6744 24
    endloop
  endfacet
  facet normal 0 0 1
    outer loop
      vertex -21.838 -59.9994 24
      vertex -22.7272 -62.4426 24
      vertex -17.1985 -64.1858 24
    endloop
  endfacet
  facet normal 0 0 1
    outer loop
      vertex -26.9842 -57.8678 24
      vertex -22.7272 -62.4426 24
      vertex -21.838 -59.9994 24
    endloop
  endfacet
  facet normal 0 0 1
    outer loop
      vertex -26.9842 -57.8678 24
      vertex -28.083 -60.2242 24
      vertex -22.7272 -62.4426 24
    endloop
  endfacet
  facet normal 0 0 1
    outer loop
      vertex -31.925 -55.2957 24
      vertex -28.083 -60.2242 24
      vertex -26.9842 -57.8678 24
    endloop
  endfacet
  facet normal 0 0 1
    outer loop
      vertex -31.925 -55.2957 24
      vertex -33.225 -57.5474 24
      vertex -28.083 -60.2242 24
    endloop
  endfacet
  facet normal 0 0 1
    outer loop
      vertex -36.6229 -52.3029 24
      vertex -33.225 -57.5474 24
      vertex -31.925 -55.2957 24
    endloop
  endfacet
  facet normal 0 0 1
    outer loop
      vertex -36.6229 -52.3029 24
      vertex -38.1142 -54.4327 24
      vertex -33.225 -57.5474 24
    endloop
  endfacet
  facet normal 0 0 1
    outer loop
      vertex -41.042 -48.9119 24
      vertex -38.1142 -54.4327 24
      vertex -36.6229 -52.3029 24
    endloop
  endfacet
  facet normal 0 0 1
    outer loop
      vertex -41.042 -48.9119 24
      vertex -42.7132 -50.9037 24
      vertex -38.1142 -54.4327 24
    endloop
  endfacet
  facet normal 0 0 1
    outer loop
      vertex -45.1488 -45.1488 24
      vertex -42.7132 -50.9037 24
      vertex -41.042 -48.9119 24
    endloop
  endfacet
  facet normal 0 0 1
    outer loop
      vertex -45.1488 -45.1488 24
      vertex -46.9872 -46.9872 24
      vertex -42.7132 -50.9037 24
    endloop
  endfacet
  facet normal 0 0 1
    outer loop
      vertex -48.9119 -41.042 24
      vertex -46.9872 -46.9872 24
      vertex -45.1488 -45.1488 24
    endloop
  endfacet
  facet normal 0 0 1
    outer loop
      vertex -48.9119 -41.042 24
      vertex -50.9037 -42.7132 24
      vertex -46.9872 -46.9872 24
    endloop
  endfacet
  facet normal 0 0 1
    outer loop
      vertex -52.3029 -36.6229 24
      vertex -50.9037 -42.7132 24
      vertex -48.9119 -41.042 24
    endloop
  endfacet
  facet normal 0 0 1
    outer loop
      vertex -52.3029 -36.6229 24
      vertex -54.4327 -38.1142 24
      vertex -50.9037 -42.7132 24
    endloop
  endfacet
  facet normal 0 0 1
    outer loop
      vertex -55.2957 -31.925 24
      vertex -54.4327 -38.1142 24
      vertex -52.3029 -36.6229 24
    endloop
  endfacet
  facet normal 0 0 1
    outer loop
      vertex -55.2957 -31.925 24
      vertex -57.5474 -33.225 24
      vertex -54.4327 -38.1142 24
    endloop
  endfacet
  facet normal 0 0 1
    outer loop
      vertex -57.8678 -26.9842 24
      vertex -57.5474 -33.225 24
      vertex -55.2957 -31.925 24
    endloop
  endfacet
  facet normal 0 0 1
    outer loop
      vertex -60.2242 -28.083 24
      vertex -57.8678 -26.9842 24
      vertex -59.9994 -21.838 24
    endloop
  endfacet
  facet normal 0 0 1
    outer loop
      vertex -57.8678 -26.9842 24
      vertex -60.2242 -28.083 24
      vertex -57.5474 -33.225 24
    endloop
  endfacet
  facet normal 0 0 1
    outer loop
      vertex -62.4426 -22.7272 24
      vertex -59.9994 -21.838 24
      vertex -61.6744 -16.5256 24
    endloop
  endfacet
  facet normal 0 0 1
    outer loop
      vertex -59.9994 -21.838 24
      vertex -62.4426 -22.7272 24
      vertex -60.2242 -28.083 24
    endloop
  endfacet
  facet normal 0 0 1
    outer loop
      vertex -64.1858 -17.1985 24
      vertex -61.6744 -16.5256 24
      vertex -62.88 -11.0874 24
    endloop
  endfacet
  facet normal 0 0 1
    outer loop
      vertex -65.4405 -11.5389 24
      vertex -62.88 -11.0874 24
      vertex -63.607 -5.56489 24
    endloop
  endfacet
  facet normal 0 0 1
    outer loop
      vertex -61.6744 -16.5256 24
      vertex -64.1858 -17.1985 24
      vertex -62.4426 -22.7272 24
    endloop
  endfacet
  facet normal 0 0 1
    outer loop
      vertex -66.1971 -5.7915 24
      vertex -63.607 -5.56489 24
      vertex -63.85 0 24
    endloop
  endfacet
  facet normal -0 0 1
    outer loop
      vertex -66.1971 5.7915 24
      vertex -63.607 5.56489 24
      vertex -65.4405 11.5389 24
    endloop
  endfacet
  facet normal 0 0 1
    outer loop
      vertex -63.607 5.56489 24
      vertex -66.1971 5.7915 24
      vertex -63.85 0 24
    endloop
  endfacet
  facet normal 0 0 1
    outer loop
      vertex -62.88 -11.0874 24
      vertex -65.4405 -11.5389 24
      vertex -64.1858 -17.1985 24
    endloop
  endfacet
  facet normal 0 0 1
    outer loop
      vertex -66.45 0 24
      vertex -63.85 0 24
      vertex -66.1971 5.7915 24
    endloop
  endfacet
  facet normal 0 0 1
    outer loop
      vertex -63.607 -5.56489 24
      vertex -66.1971 -5.7915 24
      vertex -65.4405 -11.5389 24
    endloop
  endfacet
  facet normal 0 0 1
    outer loop
      vertex -63.85 0 24
      vertex -66.45 0 24
      vertex -66.1971 -5.7915 24
    endloop
  endfacet
  facet normal -0.382677 -0.923882 0
    outer loop
      vertex -28.083 -60.2242 0
      vertex -22.7272 -62.4426 24
      vertex -28.083 -60.2242 24
    endloop
  endfacet
  facet normal -0.382677 -0.923882 -0
    outer loop
      vertex -22.7272 -62.4426 24
      vertex -28.083 -60.2242 0
      vertex -22.7272 -62.4426 0
    endloop
  endfacet
  facet normal 0.793348 -0.608768 0
    outer loop
      vertex 50.9037 -42.7132 24
      vertex 54.4327 -38.1142 0
      vertex 54.4327 -38.1142 24
    endloop
  endfacet
  facet normal 0.793348 -0.608768 0
    outer loop
      vertex 54.4327 -38.1142 0
      vertex 50.9037 -42.7132 24
      vertex 50.9037 -42.7132 0
    endloop
  endfacet
  facet normal 0.461755 -0.887008 0
    outer loop
      vertex 28.083 -60.2242 0
      vertex 33.225 -57.5474 24
      vertex 28.083 -60.2242 24
    endloop
  endfacet
  facet normal 0.461755 -0.887008 0
    outer loop
      vertex 33.225 -57.5474 24
      vertex 28.083 -60.2242 0
      vertex 33.225 -57.5474 0
    endloop
  endfacet
  facet normal 0.0436259 0.999048 -0
    outer loop
      vertex 5.7915 66.1971 0
      vertex 0 66.45 24
      vertex 5.7915 66.1971 24
    endloop
  endfacet
  facet normal 0.0436259 0.999048 0
    outer loop
      vertex 0 66.45 24
      vertex 5.7915 66.1971 0
      vertex 0 66.45 0
    endloop
  endfacet
  facet normal -0.887008 -0.461755 0
    outer loop
      vertex -57.5474 -33.225 0
      vertex -60.2242 -28.083 24
      vertex -60.2242 -28.083 0
    endloop
  endfacet
  facet normal -0.887008 -0.461755 0
    outer loop
      vertex -60.2242 -28.083 24
      vertex -57.5474 -33.225 0
      vertex -57.5474 -33.225 24
    endloop
  endfacet
  facet normal -0.737269 -0.6756 0
    outer loop
      vertex -46.9872 -46.9872 0
      vertex -50.9037 -42.7132 24
      vertex -50.9037 -42.7132 0
    endloop
  endfacet
  facet normal -0.737269 -0.6756 0
    outer loop
      vertex -50.9037 -42.7132 24
      vertex -46.9872 -46.9872 0
      vertex -46.9872 -46.9872 24
    endloop
  endfacet
  facet normal -0.923882 -0.382677 0
    outer loop
      vertex -60.2242 -28.083 0
      vertex -62.4426 -22.7272 24
      vertex -62.4426 -22.7272 0
    endloop
  endfacet
  facet normal -0.923882 -0.382677 0
    outer loop
      vertex -62.4426 -22.7272 24
      vertex -60.2242 -28.083 0
      vertex -60.2242 -28.083 24
    endloop
  endfacet
  facet normal 0.382677 -0.923882 0
    outer loop
      vertex 22.7272 -62.4426 0
      vertex 28.083 -60.2242 24
      vertex 22.7272 -62.4426 24
    endloop
  endfacet
  facet normal 0.382677 -0.923882 0
    outer loop
      vertex 28.083 -60.2242 24
      vertex 22.7272 -62.4426 0
      vertex 28.083 -60.2242 0
    endloop
  endfacet
  facet normal -0.6756 -0.737269 0
    outer loop
      vertex -46.9872 -46.9872 0
      vertex -42.7132 -50.9037 24
      vertex -46.9872 -46.9872 24
    endloop
  endfacet
  facet normal -0.6756 -0.737269 -0
    outer loop
      vertex -42.7132 -50.9037 24
      vertex -46.9872 -46.9872 0
      vertex -42.7132 -50.9037 0
    endloop
  endfacet
  facet normal 0.0436259 -0.999048 0
    outer loop
      vertex 0 -66.45 0
      vertex 5.7915 -66.1971 24
      vertex 0 -66.45 24
    endloop
  endfacet
  facet normal 0.0436259 -0.999048 0
    outer loop
      vertex 5.7915 -66.1971 24
      vertex 0 -66.45 0
      vertex 5.7915 -66.1971 0
    endloop
  endfacet
  facet normal 0.953717 -0.300707 0
    outer loop
      vertex 62.4426 -22.7272 24
      vertex 64.1858 -17.1985 0
      vertex 64.1858 -17.1985 24
    endloop
  endfacet
  facet normal 0.953717 -0.300707 0
    outer loop
      vertex 64.1858 -17.1985 0
      vertex 62.4426 -22.7272 24
      vertex 62.4426 -22.7272 0
    endloop
  endfacet
  facet normal -0.608768 -0.793348 0
    outer loop
      vertex -42.7132 -50.9037 0
      vertex -38.1142 -54.4327 24
      vertex -42.7132 -50.9037 24
    endloop
  endfacet
  facet normal -0.608768 -0.793348 -0
    outer loop
      vertex -38.1142 -54.4327 24
      vertex -42.7132 -50.9037 0
      vertex -38.1142 -54.4327 0
    endloop
  endfacet
  facet normal 0.537292 0.843396 -0
    outer loop
      vertex 38.1142 54.4327 0
      vertex 33.225 57.5474 24
      vertex 38.1142 54.4327 24
    endloop
  endfacet
  facet normal 0.537292 0.843396 0
    outer loop
      vertex 33.225 57.5474 24
      vertex 38.1142 54.4327 0
      vertex 33.225 57.5474 0
    endloop
  endfacet
  facet normal -0.130516 0.991446 0
    outer loop
      vertex -5.7915 66.1971 0
      vertex -11.5389 65.4405 24
      vertex -5.7915 66.1971 24
    endloop
  endfacet
  facet normal -0.130516 0.991446 0
    outer loop
      vertex -11.5389 65.4405 24
      vertex -5.7915 66.1971 0
      vertex -11.5389 65.4405 0
    endloop
  endfacet
  facet normal 0.991446 -0.130516 0
    outer loop
      vertex 65.4405 -11.5389 24
      vertex 66.1971 -5.7915 0
      vertex 66.1971 -5.7915 24
    endloop
  endfacet
  facet normal 0.991446 -0.130516 0
    outer loop
      vertex 66.1971 -5.7915 0
      vertex 65.4405 -11.5389 24
      vertex 65.4405 -11.5389 0
    endloop
  endfacet
  facet normal -0.976296 -0.216439 0
    outer loop
      vertex -64.1858 -17.1985 0
      vertex -65.4405 -11.5389 24
      vertex -65.4405 -11.5389 0
    endloop
  endfacet
  facet normal -0.976296 -0.216439 0
    outer loop
      vertex -65.4405 -11.5389 24
      vertex -64.1858 -17.1985 0
      vertex -64.1858 -17.1985 24
    endloop
  endfacet
  facet normal 0.923882 0.382677 0
    outer loop
      vertex 62.4426 22.7272 24
      vertex 60.2242 28.083 0
      vertex 60.2242 28.083 24
    endloop
  endfacet
  facet normal 0.923882 0.382677 0
    outer loop
      vertex 60.2242 28.083 0
      vertex 62.4426 22.7272 24
      vertex 62.4426 22.7272 0
    endloop
  endfacet
  facet normal 0.130516 0.991446 -0
    outer loop
      vertex 11.5389 65.4405 0
      vertex 5.7915 66.1971 24
      vertex 11.5389 65.4405 24
    endloop
  endfacet
  facet normal 0.130516 0.991446 0
    outer loop
      vertex 5.7915 66.1971 24
      vertex 11.5389 65.4405 0
      vertex 5.7915 66.1971 0
    endloop
  endfacet
  facet normal 0.887008 0.461755 0
    outer loop
      vertex 60.2242 28.083 24
      vertex 57.5474 33.225 0
      vertex 57.5474 33.225 24
    endloop
  endfacet
  facet normal 0.887008 0.461755 0
    outer loop
      vertex 57.5474 33.225 0
      vertex 60.2242 28.083 24
      vertex 60.2242 28.083 0
    endloop
  endfacet
  facet normal -0.461755 -0.887008 0
    outer loop
      vertex -33.225 -57.5474 0
      vertex -28.083 -60.2242 24
      vertex -33.225 -57.5474 24
    endloop
  endfacet
  facet normal -0.461755 -0.887008 -0
    outer loop
      vertex -28.083 -60.2242 24
      vertex -33.225 -57.5474 0
      vertex -28.083 -60.2242 0
    endloop
  endfacet
  facet normal -0.6756 0.737269 0
    outer loop
      vertex -42.7132 50.9037 0
      vertex -46.9872 46.9872 24
      vertex -42.7132 50.9037 24
    endloop
  endfacet
  facet normal -0.6756 0.737269 0
    outer loop
      vertex -46.9872 46.9872 24
      vertex -42.7132 50.9037 0
      vertex -46.9872 46.9872 0
    endloop
  endfacet
  facet normal -0.300707 0.953717 0
    outer loop
      vertex -17.1985 64.1858 0
      vertex -22.7272 62.4426 24
      vertex -17.1985 64.1858 24
    endloop
  endfacet
  facet normal -0.300707 0.953717 0
    outer loop
      vertex -22.7272 62.4426 24
      vertex -17.1985 64.1858 0
      vertex -22.7272 62.4426 0
    endloop
  endfacet
  facet normal -0.843396 0.537292 0
    outer loop
      vertex -57.5474 33.225 0
      vertex -54.4327 38.1142 24
      vertex -54.4327 38.1142 0
    endloop
  endfacet
  facet normal -0.843396 0.537292 0
    outer loop
      vertex -54.4327 38.1142 24
      vertex -57.5474 33.225 0
      vertex -57.5474 33.225 24
    endloop
  endfacet
  facet normal -0.999048 -0.0436259 0
    outer loop
      vertex -66.1971 -5.7915 0
      vertex -66.45 0 24
      vertex -66.45 0 0
    endloop
  endfacet
  facet normal -0.999048 -0.0436259 0
    outer loop
      vertex -66.45 0 24
      vertex -66.1971 -5.7915 0
      vertex -66.1971 -5.7915 24
    endloop
  endfacet
  facet normal -0.216439 -0.976296 0
    outer loop
      vertex -17.1985 -64.1858 0
      vertex -11.5389 -65.4405 24
      vertex -17.1985 -64.1858 24
    endloop
  endfacet
  facet normal -0.216439 -0.976296 -0
    outer loop
      vertex -11.5389 -65.4405 24
      vertex -17.1985 -64.1858 0
      vertex -11.5389 -65.4405 0
    endloop
  endfacet
  facet normal -0.0436259 0.999048 0
    outer loop
      vertex 0 66.45 0
      vertex -5.7915 66.1971 24
      vertex 0 66.45 24
    endloop
  endfacet
  facet normal -0.0436259 0.999048 0
    outer loop
      vertex -5.7915 66.1971 24
      vertex 0 66.45 0
      vertex -5.7915 66.1971 0
    endloop
  endfacet
  facet normal 0.300707 -0.953717 0
    outer loop
      vertex 17.1985 -64.1858 0
      vertex 22.7272 -62.4426 24
      vertex 17.1985 -64.1858 24
    endloop
  endfacet
  facet normal 0.300707 -0.953717 0
    outer loop
      vertex 22.7272 -62.4426 24
      vertex 17.1985 -64.1858 0
      vertex 22.7272 -62.4426 0
    endloop
  endfacet
  facet normal 0.216439 -0.976296 0
    outer loop
      vertex 11.5389 -65.4405 0
      vertex 17.1985 -64.1858 24
      vertex 11.5389 -65.4405 24
    endloop
  endfacet
  facet normal 0.216439 -0.976296 0
    outer loop
      vertex 17.1985 -64.1858 24
      vertex 11.5389 -65.4405 0
      vertex 17.1985 -64.1858 0
    endloop
  endfacet
  facet normal -0.953717 0.300707 0
    outer loop
      vertex -64.1858 17.1985 0
      vertex -62.4426 22.7272 24
      vertex -62.4426 22.7272 0
    endloop
  endfacet
  facet normal -0.953717 0.300707 0
    outer loop
      vertex -62.4426 22.7272 24
      vertex -64.1858 17.1985 0
      vertex -64.1858 17.1985 24
    endloop
  endfacet
  facet normal -0.461755 0.887008 0
    outer loop
      vertex -28.083 60.2242 0
      vertex -33.225 57.5474 24
      vertex -28.083 60.2242 24
    endloop
  endfacet
  facet normal -0.461755 0.887008 0
    outer loop
      vertex -33.225 57.5474 24
      vertex -28.083 60.2242 0
      vertex -33.225 57.5474 0
    endloop
  endfacet
  facet normal -0.991446 -0.130516 0
    outer loop
      vertex -65.4405 -11.5389 0
      vertex -66.1971 -5.7915 24
      vertex -66.1971 -5.7915 0
    endloop
  endfacet
  facet normal -0.991446 -0.130516 0
    outer loop
      vertex -66.1971 -5.7915 24
      vertex -65.4405 -11.5389 0
      vertex -65.4405 -11.5389 24
    endloop
  endfacet
  facet normal -0.0436259 -0.999048 0
    outer loop
      vertex -5.7915 -66.1971 0
      vertex 0 -66.45 24
      vertex -5.7915 -66.1971 24
    endloop
  endfacet
  facet normal -0.0436259 -0.999048 -0
    outer loop
      vertex 0 -66.45 24
      vertex -5.7915 -66.1971 0
      vertex 0 -66.45 0
    endloop
  endfacet
  facet normal 0.887008 -0.461755 0
    outer loop
      vertex 57.5474 -33.225 24
      vertex 60.2242 -28.083 0
      vertex 60.2242 -28.083 24
    endloop
  endfacet
  facet normal 0.887008 -0.461755 0
    outer loop
      vertex 60.2242 -28.083 0
      vertex 57.5474 -33.225 24
      vertex 57.5474 -33.225 0
    endloop
  endfacet
  facet normal 0.793348 0.608768 0
    outer loop
      vertex 54.4327 38.1142 24
      vertex 50.9037 42.7132 0
      vertex 50.9037 42.7132 24
    endloop
  endfacet
  facet normal 0.793348 0.608768 0
    outer loop
      vertex 50.9037 42.7132 0
      vertex 54.4327 38.1142 24
      vertex 54.4327 38.1142 0
    endloop
  endfacet
  facet normal 0.537292 -0.843396 0
    outer loop
      vertex 33.225 -57.5474 0
      vertex 38.1142 -54.4327 24
      vertex 33.225 -57.5474 24
    endloop
  endfacet
  facet normal 0.537292 -0.843396 0
    outer loop
      vertex 38.1142 -54.4327 24
      vertex 33.225 -57.5474 0
      vertex 38.1142 -54.4327 0
    endloop
  endfacet
  facet normal -0.991446 0.130516 0
    outer loop
      vertex -66.1971 5.7915 0
      vertex -65.4405 11.5389 24
      vertex -65.4405 11.5389 0
    endloop
  endfacet
  facet normal -0.991446 0.130516 0
    outer loop
      vertex -65.4405 11.5389 24
      vertex -66.1971 5.7915 0
      vertex -66.1971 5.7915 24
    endloop
  endfacet
  facet normal -0.300707 -0.953717 0
    outer loop
      vertex -22.7272 -62.4426 0
      vertex -17.1985 -64.1858 24
      vertex -22.7272 -62.4426 24
    endloop
  endfacet
  facet normal -0.300707 -0.953717 -0
    outer loop
      vertex -17.1985 -64.1858 24
      vertex -22.7272 -62.4426 0
      vertex -17.1985 -64.1858 0
    endloop
  endfacet
  facet normal -0.923882 0.382677 0
    outer loop
      vertex -62.4426 22.7272 0
      vertex -60.2242 28.083 24
      vertex -60.2242 28.083 0
    endloop
  endfacet
  facet normal -0.923882 0.382677 0
    outer loop
      vertex -60.2242 28.083 24
      vertex -62.4426 22.7272 0
      vertex -62.4426 22.7272 24
    endloop
  endfacet
  facet normal 0.6756 -0.737269 0
    outer loop
      vertex 42.7132 -50.9037 0
      vertex 46.9872 -46.9872 24
      vertex 42.7132 -50.9037 24
    endloop
  endfacet
  facet normal 0.6756 -0.737269 0
    outer loop
      vertex 46.9872 -46.9872 24
      vertex 42.7132 -50.9037 0
      vertex 46.9872 -46.9872 0
    endloop
  endfacet
  facet normal -0.887008 0.461755 0
    outer loop
      vertex -60.2242 28.083 0
      vertex -57.5474 33.225 24
      vertex -57.5474 33.225 0
    endloop
  endfacet
  facet normal -0.887008 0.461755 0
    outer loop
      vertex -57.5474 33.225 24
      vertex -60.2242 28.083 0
      vertex -60.2242 28.083 24
    endloop
  endfacet
  facet normal -0.793348 0.608768 0
    outer loop
      vertex -54.4327 38.1142 0
      vertex -50.9037 42.7132 24
      vertex -50.9037 42.7132 0
    endloop
  endfacet
  facet normal -0.793348 0.608768 0
    outer loop
      vertex -50.9037 42.7132 24
      vertex -54.4327 38.1142 0
      vertex -54.4327 38.1142 24
    endloop
  endfacet
  facet normal -0.991446 -0.130517 0
    outer loop
      vertex 63.607 5.56489 2.2
      vertex 62.88 11.0874 24
      vertex 62.88 11.0874 2.2
    endloop
  endfacet
  facet normal -0.991446 -0.130517 0
    outer loop
      vertex 62.88 11.0874 24
      vertex 63.607 5.56489 2.2
      vertex 63.607 5.56489 24
    endloop
  endfacet
  facet normal -0.999048 -0.0436251 0
    outer loop
      vertex 63.85 0 2.2
      vertex 63.607 5.56489 24
      vertex 63.607 5.56489 2.2
    endloop
  endfacet
  facet normal -0.999048 -0.0436251 0
    outer loop
      vertex 63.607 5.56489 24
      vertex 63.85 0 2.2
      vertex 63.85 0 24
    endloop
  endfacet
  facet normal -0.976297 -0.216436 0
    outer loop
      vertex 62.88 11.0874 2.2
      vertex 61.6744 16.5256 24
      vertex 61.6744 16.5256 2.2
    endloop
  endfacet
  facet normal -0.976297 -0.216436 0
    outer loop
      vertex 61.6744 16.5256 24
      vertex 62.88 11.0874 2.2
      vertex 62.88 11.0874 24
    endloop
  endfacet
  facet normal -0.216436 0.976297 0
    outer loop
      vertex 16.5256 -61.6744 2.2
      vertex 11.0874 -62.88 24
      vertex 16.5256 -61.6744 24
    endloop
  endfacet
  facet normal -0.216436 0.976297 0
    outer loop
      vertex 11.0874 -62.88 24
      vertex 16.5256 -61.6744 2.2
      vertex 11.0874 -62.88 2.2
    endloop
  endfacet
  facet normal -0.976297 0.216436 0
    outer loop
      vertex 61.6744 -16.5256 2.2
      vertex 62.88 -11.0874 24
      vertex 62.88 -11.0874 2.2
    endloop
  endfacet
  facet normal -0.976297 0.216436 0
    outer loop
      vertex 62.88 -11.0874 24
      vertex 61.6744 -16.5256 2.2
      vertex 61.6744 -16.5256 24
    endloop
  endfacet
  facet normal 0.537288 0.843399 -0
    outer loop
      vertex -31.925 -55.2957 2.2
      vertex -36.6229 -52.3029 24
      vertex -31.925 -55.2957 24
    endloop
  endfacet
  facet normal 0.537288 0.843399 0
    outer loop
      vertex -36.6229 -52.3029 24
      vertex -31.925 -55.2957 2.2
      vertex -36.6229 -52.3029 2.2
    endloop
  endfacet
  facet normal -0.537288 0.843399 0
    outer loop
      vertex 36.6229 -52.3029 2.2
      vertex 31.925 -55.2957 24
      vertex 36.6229 -52.3029 24
    endloop
  endfacet
  facet normal -0.537288 0.843399 0
    outer loop
      vertex 31.925 -55.2957 24
      vertex 36.6229 -52.3029 2.2
      vertex 31.925 -55.2957 2.2
    endloop
  endfacet
  facet normal 0.923881 -0.382679 0
    outer loop
      vertex -59.9994 21.838 24
      vertex -57.8678 26.9842 2.2
      vertex -57.8678 26.9842 24
    endloop
  endfacet
  facet normal 0.923881 -0.382679 0
    outer loop
      vertex -57.8678 26.9842 2.2
      vertex -59.9994 21.838 24
      vertex -59.9994 21.838 2.2
    endloop
  endfacet
  facet normal -0.737285 -0.675582 0
    outer loop
      vertex 48.9119 41.042 2.2
      vertex 45.1488 45.1488 24
      vertex 45.1488 45.1488 2.2
    endloop
  endfacet
  facet normal -0.737285 -0.675582 0
    outer loop
      vertex 45.1488 45.1488 24
      vertex 48.9119 41.042 2.2
      vertex 48.9119 41.042 24
    endloop
  endfacet
  facet normal 0.793344 0.608773 0
    outer loop
      vertex -48.9119 -41.042 24
      vertex -52.3029 -36.6229 2.2
      vertex -52.3029 -36.6229 24
    endloop
  endfacet
  facet normal 0.793344 0.608773 0
    outer loop
      vertex -52.3029 -36.6229 2.2
      vertex -48.9119 -41.042 24
      vertex -48.9119 -41.042 2.2
    endloop
  endfacet
  facet normal -0.0436251 -0.999048 0
    outer loop
      vertex 0 63.85 2.2
      vertex 5.56489 63.607 24
      vertex 0 63.85 24
    endloop
  endfacet
  facet normal -0.0436251 -0.999048 -0
    outer loop
      vertex 5.56489 63.607 24
      vertex 0 63.85 2.2
      vertex 5.56489 63.607 2.2
    endloop
  endfacet
  facet normal -0.0436251 0.999048 0
    outer loop
      vertex 5.56489 -63.607 2.2
      vertex 0 -63.85 24
      vertex 5.56489 -63.607 24
    endloop
  endfacet
  facet normal -0.0436251 0.999048 0
    outer loop
      vertex 0 -63.85 24
      vertex 5.56489 -63.607 2.2
      vertex 0 -63.85 2.2
    endloop
  endfacet
  facet normal 0.976297 0.216436 0
    outer loop
      vertex -61.6744 -16.5256 24
      vertex -62.88 -11.0874 2.2
      vertex -62.88 -11.0874 24
    endloop
  endfacet
  facet normal 0.976297 0.216436 0
    outer loop
      vertex -62.88 -11.0874 2.2
      vertex -61.6744 -16.5256 24
      vertex -61.6744 -16.5256 2.2
    endloop
  endfacet
  facet normal 0.923881 0.382679 0
    outer loop
      vertex -57.8678 -26.9842 24
      vertex -59.9994 -21.838 2.2
      vertex -59.9994 -21.838 24
    endloop
  endfacet
  facet normal 0.923881 0.382679 0
    outer loop
      vertex -59.9994 -21.838 2.2
      vertex -57.8678 -26.9842 24
      vertex -57.8678 -26.9842 2.2
    endloop
  endfacet
  facet normal -0.843399 -0.537288 0
    outer loop
      vertex 55.2957 31.925 2.2
      vertex 52.3029 36.6229 24
      vertex 52.3029 36.6229 2.2
    endloop
  endfacet
  facet normal -0.843399 -0.537288 0
    outer loop
      vertex 52.3029 36.6229 24
      vertex 55.2957 31.925 2.2
      vertex 55.2957 31.925 24
    endloop
  endfacet
  facet normal -0.382679 -0.923881 0
    outer loop
      vertex 21.838 59.9994 2.2
      vertex 26.9842 57.8678 24
      vertex 21.838 59.9994 24
    endloop
  endfacet
  facet normal -0.382679 -0.923881 -0
    outer loop
      vertex 26.9842 57.8678 24
      vertex 21.838 59.9994 2.2
      vertex 26.9842 57.8678 2.2
    endloop
  endfacet
  facet normal 0.216436 0.976297 -0
    outer loop
      vertex -11.0874 -62.88 2.2
      vertex -16.5256 -61.6744 24
      vertex -11.0874 -62.88 24
    endloop
  endfacet
  facet normal 0.216436 0.976297 0
    outer loop
      vertex -16.5256 -61.6744 24
      vertex -11.0874 -62.88 2.2
      vertex -16.5256 -61.6744 2.2
    endloop
  endfacet
  facet normal 0.887005 0.46176 0
    outer loop
      vertex -55.2957 -31.925 24
      vertex -57.8678 -26.9842 2.2
      vertex -57.8678 -26.9842 24
    endloop
  endfacet
  facet normal 0.887005 0.46176 0
    outer loop
      vertex -57.8678 -26.9842 2.2
      vertex -55.2957 -31.925 24
      vertex -55.2957 -31.925 2.2
    endloop
  endfacet
  facet normal -0.537288 -0.843399 0
    outer loop
      vertex 31.925 55.2957 2.2
      vertex 36.6229 52.3029 24
      vertex 31.925 55.2957 24
    endloop
  endfacet
  facet normal -0.537288 -0.843399 -0
    outer loop
      vertex 36.6229 52.3029 24
      vertex 31.925 55.2957 2.2
      vertex 36.6229 52.3029 2.2
    endloop
  endfacet
  facet normal 0.46176 0.887005 -0
    outer loop
      vertex -26.9842 -57.8678 2.2
      vertex -31.925 -55.2957 24
      vertex -26.9842 -57.8678 24
    endloop
  endfacet
  facet normal 0.46176 0.887005 0
    outer loop
      vertex -31.925 -55.2957 24
      vertex -26.9842 -57.8678 2.2
      vertex -31.925 -55.2957 2.2
    endloop
  endfacet
  facet normal 0.737285 -0.675582 0
    outer loop
      vertex -48.9119 41.042 24
      vertex -45.1488 45.1488 2.2
      vertex -45.1488 45.1488 24
    endloop
  endfacet
  facet normal 0.737285 -0.675582 0
    outer loop
      vertex -45.1488 45.1488 2.2
      vertex -48.9119 41.042 24
      vertex -48.9119 41.042 2.2
    endloop
  endfacet
  facet normal 0.608773 -0.793344 0
    outer loop
      vertex -41.042 48.9119 2.2
      vertex -36.6229 52.3029 24
      vertex -41.042 48.9119 24
    endloop
  endfacet
  facet normal 0.608773 -0.793344 0
    outer loop
      vertex -36.6229 52.3029 24
      vertex -41.042 48.9119 2.2
      vertex -36.6229 52.3029 2.2
    endloop
  endfacet
  facet normal 0.130517 -0.991446 0
    outer loop
      vertex -11.0874 62.88 2.2
      vertex -5.56489 63.607 24
      vertex -11.0874 62.88 24
    endloop
  endfacet
  facet normal 0.130517 -0.991446 0
    outer loop
      vertex -5.56489 63.607 24
      vertex -11.0874 62.88 2.2
      vertex -5.56489 63.607 2.2
    endloop
  endfacet
  facet normal -0.46176 0.887005 0
    outer loop
      vertex 31.925 -55.2957 2.2
      vertex 26.9842 -57.8678 24
      vertex 31.925 -55.2957 24
    endloop
  endfacet
  facet normal -0.46176 0.887005 0
    outer loop
      vertex 26.9842 -57.8678 24
      vertex 31.925 -55.2957 2.2
      vertex 26.9842 -57.8678 2.2
    endloop
  endfacet
  facet normal -0.923881 -0.382679 0
    outer loop
      vertex 59.9994 21.838 2.2
      vertex 57.8678 26.9842 24
      vertex 57.8678 26.9842 2.2
    endloop
  endfacet
  facet normal -0.923881 -0.382679 0
    outer loop
      vertex 57.8678 26.9842 24
      vertex 59.9994 21.838 2.2
      vertex 59.9994 21.838 24
    endloop
  endfacet
  facet normal -0.737285 0.675582 0
    outer loop
      vertex 45.1488 -45.1488 2.2
      vertex 48.9119 -41.042 24
      vertex 48.9119 -41.042 2.2
    endloop
  endfacet
  facet normal -0.737285 0.675582 0
    outer loop
      vertex 48.9119 -41.042 24
      vertex 45.1488 -45.1488 2.2
      vertex 45.1488 -45.1488 24
    endloop
  endfacet
  facet normal 0.537288 -0.843399 0
    outer loop
      vertex -36.6229 52.3029 2.2
      vertex -31.925 55.2957 24
      vertex -36.6229 52.3029 24
    endloop
  endfacet
  facet normal 0.537288 -0.843399 0
    outer loop
      vertex -31.925 55.2957 24
      vertex -36.6229 52.3029 2.2
      vertex -31.925 55.2957 2.2
    endloop
  endfacet
  facet normal -0.46176 -0.887005 0
    outer loop
      vertex 26.9842 57.8678 2.2
      vertex 31.925 55.2957 24
      vertex 26.9842 57.8678 24
    endloop
  endfacet
  facet normal -0.46176 -0.887005 -0
    outer loop
      vertex 31.925 55.2957 24
      vertex 26.9842 57.8678 2.2
      vertex 31.925 55.2957 2.2
    endloop
  endfacet
  facet normal -0.887005 0.46176 0
    outer loop
      vertex 55.2957 -31.925 2.2
      vertex 57.8678 -26.9842 24
      vertex 57.8678 -26.9842 2.2
    endloop
  endfacet
  facet normal -0.887005 0.46176 0
    outer loop
      vertex 57.8678 -26.9842 24
      vertex 55.2957 -31.925 2.2
      vertex 55.2957 -31.925 24
    endloop
  endfacet
  facet normal 0.999048 -0.0436251 0
    outer loop
      vertex -63.85 0 24
      vertex -63.607 5.56489 2.2
      vertex -63.607 5.56489 24
    endloop
  endfacet
  facet normal 0.999048 -0.0436251 0
    outer loop
      vertex -63.607 5.56489 2.2
      vertex -63.85 0 24
      vertex -63.85 0 2.2
    endloop
  endfacet
  facet normal -0.991446 0.130517 0
    outer loop
      vertex 62.88 -11.0874 2.2
      vertex 63.607 -5.56489 24
      vertex 63.607 -5.56489 2.2
    endloop
  endfacet
  facet normal -0.991446 0.130517 0
    outer loop
      vertex 63.607 -5.56489 24
      vertex 62.88 -11.0874 2.2
      vertex 62.88 -11.0874 24
    endloop
  endfacet
  facet normal -0.923881 0.382679 0
    outer loop
      vertex 57.8678 -26.9842 2.2
      vertex 59.9994 -21.838 24
      vertex 59.9994 -21.838 2.2
    endloop
  endfacet
  facet normal -0.923881 0.382679 0
    outer loop
      vertex 59.9994 -21.838 24
      vertex 57.8678 -26.9842 2.2
      vertex 57.8678 -26.9842 24
    endloop
  endfacet
  facet normal -0.130517 0.991446 0
    outer loop
      vertex 11.0874 -62.88 2.2
      vertex 5.56489 -63.607 24
      vertex 11.0874 -62.88 24
    endloop
  endfacet
  facet normal -0.130517 0.991446 0
    outer loop
      vertex 5.56489 -63.607 24
      vertex 11.0874 -62.88 2.2
      vertex 5.56489 -63.607 2.2
    endloop
  endfacet
  facet normal 0.991446 -0.130517 0
    outer loop
      vertex -63.607 5.56489 24
      vertex -62.88 11.0874 2.2
      vertex -62.88 11.0874 24
    endloop
  endfacet
  facet normal 0.991446 -0.130517 0
    outer loop
      vertex -62.88 11.0874 2.2
      vertex -63.607 5.56489 24
      vertex -63.607 5.56489 2.2
    endloop
  endfacet
  facet normal 0.300707 -0.953717 0
    outer loop
      vertex -21.838 59.9994 2.2
      vertex -16.5256 61.6744 24
      vertex -21.838 59.9994 24
    endloop
  endfacet
  facet normal 0.300707 -0.953717 0
    outer loop
      vertex -16.5256 61.6744 24
      vertex -21.838 59.9994 2.2
      vertex -16.5256 61.6744 2.2
    endloop
  endfacet
  facet normal 0.793344 -0.608773 0
    outer loop
      vertex -52.3029 36.6229 24
      vertex -48.9119 41.042 2.2
      vertex -48.9119 41.042 24
    endloop
  endfacet
  facet normal 0.793344 -0.608773 0
    outer loop
      vertex -48.9119 41.042 2.2
      vertex -52.3029 36.6229 24
      vertex -52.3029 36.6229 2.2
    endloop
  endfacet
  facet normal -0.608773 -0.793344 1.8467e-07
    outer loop
      vertex 36.6229 52.3029 24
      vertex 40.5 49.3278 6.2
      vertex 41.042 48.9119 24
    endloop
  endfacet
  facet normal -0.608774 -0.793344 0
    outer loop
      vertex 36.6229 52.3029 2.2
      vertex 40.5 49.3278 6.2
      vertex 36.6229 52.3029 24
    endloop
  endfacet
  facet normal -0.608774 -0.793344 -0
    outer loop
      vertex 40.5 49.3278 6.2
      vertex 36.6229 52.3029 2.2
      vertex 40.5 49.3278 2.2
    endloop
  endfacet
  facet normal -0.60877 -0.793347 -0
    outer loop
      vertex 41.042 48.9119 24
      vertex 40.5 49.3278 6.2
      vertex 41.042 48.9119 6.2
    endloop
  endfacet
  facet normal 0.953717 -0.300707 0
    outer loop
      vertex -61.6744 16.5256 24
      vertex -59.9994 21.838 2.2
      vertex -59.9994 21.838 24
    endloop
  endfacet
  facet normal 0.953717 -0.300707 0
    outer loop
      vertex -59.9994 21.838 2.2
      vertex -61.6744 16.5256 24
      vertex -61.6744 16.5256 2.2
    endloop
  endfacet
  facet normal -0.843399 0.537288 0
    outer loop
      vertex 52.3029 -36.6229 2.2
      vertex 55.2957 -31.925 24
      vertex 55.2957 -31.925 2.2
    endloop
  endfacet
  facet normal -0.843399 0.537288 0
    outer loop
      vertex 55.2957 -31.925 24
      vertex 52.3029 -36.6229 2.2
      vertex 52.3029 -36.6229 24
    endloop
  endfacet
  facet normal 0.216436 -0.976297 0
    outer loop
      vertex -16.5256 61.6744 2.2
      vertex -11.0874 62.88 24
      vertex -16.5256 61.6744 24
    endloop
  endfacet
  facet normal 0.216436 -0.976297 0
    outer loop
      vertex -11.0874 62.88 24
      vertex -16.5256 61.6744 2.2
      vertex -11.0874 62.88 2.2
    endloop
  endfacet
  facet normal -0.675582 -0.737285 0
    outer loop
      vertex 44.5 45.7433 6.2
      vertex 41.042 48.9119 24
      vertex 41.042 48.9119 6.2
    endloop
  endfacet
  facet normal -0.675582 -0.737285 6.73734e-08
    outer loop
      vertex 41.042 48.9119 24
      vertex 44.5 45.7433 6.2
      vertex 45.1488 45.1488 24
    endloop
  endfacet
  facet normal -0.675581 -0.737286 0
    outer loop
      vertex 45.1488 45.1488 2.2
      vertex 44.5 45.7433 6.2
      vertex 44.5 45.7433 2.2
    endloop
  endfacet
  facet normal -0.675581 -0.737286 0
    outer loop
      vertex 44.5 45.7433 6.2
      vertex 45.1488 45.1488 2.2
      vertex 45.1488 45.1488 24
    endloop
  endfacet
  facet normal 0 0 1
    outer loop
      vertex 40.5 49.3278 2.2
      vertex 36.6229 52.3029 2.2
      vertex 40.5 31 2.2
    endloop
  endfacet
  facet normal -0 0 1
    outer loop
      vertex 49.6354 2.16756 2.2
      vertex 63.85 0 2.2
      vertex 63.607 5.56489 2.2
    endloop
  endfacet
  facet normal 0 0 1
    outer loop
      vertex 49.1822 4.21166 2.2
      vertex 63.607 5.56489 2.2
      vertex 62.88 11.0874 2.2
    endloop
  endfacet
  facet normal 0 0 1
    outer loop
      vertex 63.85 0 2.2
      vertex 49.6354 2.16756 2.2
      vertex 49.9087 0.0917377 2.2
    endloop
  endfacet
  facet normal 0 0 1
    outer loop
      vertex 47.7514 8.14284 2.2
      vertex 62.88 11.0874 2.2
      vertex 61.6744 16.5256 2.2
    endloop
  endfacet
  facet normal 0 0 1
    outer loop
      vertex 63.85 0 2.2
      vertex 50 -2 2.2
      vertex 63.607 -5.56489 2.2
    endloop
  endfacet
  facet normal -0 0 1
    outer loop
      vertex 56 21 2.2
      vertex 61.6744 16.5256 2.2
      vertex 59.9994 21.838 2.2
    endloop
  endfacet
  facet normal -0 0 1
    outer loop
      vertex 49.9087 -4.09174 2.2
      vertex 63.607 -5.56489 2.2
      vertex 50 -2 2.2
    endloop
  endfacet
  facet normal -0 0 1
    outer loop
      vertex 56 25 2.2
      vertex 59.9994 21.838 2.2
      vertex 57.8678 26.9842 2.2
    endloop
  endfacet
  facet normal 0 0 1
    outer loop
      vertex 46.7846 10 2.2
      vertex 61.6744 16.5256 2.2
      vertex 56 21 2.2
    endloop
  endfacet
  facet normal 0 0 1
    outer loop
      vertex 59.9994 21.838 2.2
      vertex 56 25 2.2
      vertex 56 21 2.2
    endloop
  endfacet
  facet normal 0 0 1
    outer loop
      vertex 55.2957 31.925 2.2
      vertex 56 25 2.2
      vertex 57.8678 26.9842 2.2
    endloop
  endfacet
  facet normal 0 0 1
    outer loop
      vertex 44.5 31 2.2
      vertex 55.2957 31.925 2.2
      vertex 52.3029 36.6229 2.2
    endloop
  endfacet
  facet normal 0 0 1
    outer loop
      vertex 44.5 31 2.2
      vertex 52.3029 36.6229 2.2
      vertex 48.9119 41.042 2.2
    endloop
  endfacet
  facet normal 0 0 1
    outer loop
      vertex 44.5 31 2.2
      vertex 48.9119 41.042 2.2
      vertex 45.1488 45.1488 2.2
    endloop
  endfacet
  facet normal 0 0 1
    outer loop
      vertex 44.5 31 2.2
      vertex 45.1488 45.1488 2.2
      vertex 44.5 45.7433 2.2
    endloop
  endfacet
  facet normal 0 0 1
    outer loop
      vertex 55.2957 31.925 2.2
      vertex 44.5 31 2.2
      vertex 56 25 2.2
    endloop
  endfacet
  facet normal -0 0 1
    outer loop
      vertex 40.5 31 2.2
      vertex 56 25 2.2
      vertex 44.5 31 2.2
    endloop
  endfacet
  facet normal 0 0 1
    outer loop
      vertex 13.5 50 2.2
      vertex 36.6229 52.3029 2.2
      vertex 31.925 55.2957 2.2
    endloop
  endfacet
  facet normal 0 0 1
    outer loop
      vertex 13.5 50 2.2
      vertex 31.925 55.2957 2.2
      vertex 26.9842 57.8678 2.2
    endloop
  endfacet
  facet normal 0 0 1
    outer loop
      vertex 40.5 31 2.2
      vertex 25 25 2.2
      vertex 56 25 2.2
    endloop
  endfacet
  facet normal 0 0 1
    outer loop
      vertex 36.6229 52.3029 2.2
      vertex 25 25 2.2
      vertex 40.5 31 2.2
    endloop
  endfacet
  facet normal 0 0 1
    outer loop
      vertex 25 25 2.2
      vertex 23.9083 21.9087 2.2
      vertex 25 21.9563 2.2
    endloop
  endfacet
  facet normal 0 0 1
    outer loop
      vertex 36.6229 52.3029 2.2
      vertex 13.5 50 2.2
      vertex 25 25 2.2
    endloop
  endfacet
  facet normal 0 0 1
    outer loop
      vertex 13.5 50 2.2
      vertex 26.9842 57.8678 2.2
      vertex 21.838 59.9994 2.2
    endloop
  endfacet
  facet normal 0 0 1
    outer loop
      vertex 25 25 2.2
      vertex 13.5 50 2.2
      vertex 13.5 31 2.2
    endloop
  endfacet
  facet normal 0 -0 1
    outer loop
      vertex 19.7883 21.1822 2.2
      vertex 25 25 2.2
      vertex 13.5 31 2.2
    endloop
  endfacet
  facet normal 0 0 1
    outer loop
      vertex 25 25 2.2
      vertex 19.7883 21.1822 2.2
      vertex 21.8324 21.6354 2.2
    endloop
  endfacet
  facet normal 0 0 1
    outer loop
      vertex 13.5 50 2.2
      vertex 21.838 59.9994 2.2
      vertex 16.5256 61.6744 2.2
    endloop
  endfacet
  facet normal 0 0 1
    outer loop
      vertex 25 25 2.2
      vertex 21.8324 21.6354 2.2
      vertex 23.9083 21.9087 2.2
    endloop
  endfacet
  facet normal 0 0 1
    outer loop
      vertex 17.7915 20.5526 2.2
      vertex 13.5 31 2.2
      vertex 15.8572 19.7514 2.2
    endloop
  endfacet
  facet normal 0 0 1
    outer loop
      vertex 19.7883 21.1822 2.2
      vertex 13.5 31 2.2
      vertex 17.7915 20.5526 2.2
    endloop
  endfacet
  facet normal 0 0 1
    outer loop
      vertex 11.0874 62.88 2.2
      vertex 13.5 50 2.2
      vertex 16.5256 61.6744 2.2
    endloop
  endfacet
  facet normal 0 0 1
    outer loop
      vertex 11.0874 62.88 2.2
      vertex 9.5 50 2.2
      vertex 13.5 50 2.2
    endloop
  endfacet
  facet normal 0 0 1
    outer loop
      vertex -16.5256 61.6744 2.2
      vertex 9.5 31 2.2
      vertex 9.5 50 2.2
    endloop
  endfacet
  facet normal 0 -0 1
    outer loop
      vertex -33.109 22.3282 2.2
      vertex 9.5 31 2.2
      vertex -33.193 22.5945 2.2
    endloop
  endfacet
  facet normal 0 0 1
    outer loop
      vertex 9.5 31 2.2
      vertex 7.61493 13.4269 2.2
      vertex 9.02944 14.9706 2.2
    endloop
  endfacet
  facet normal 0 0 1
    outer loop
      vertex 5.56489 63.607 2.2
      vertex 9.5 50 2.2
      vertex 11.0874 62.88 2.2
    endloop
  endfacet
  facet normal 0 0 1
    outer loop
      vertex 0 63.85 2.2
      vertex 9.5 50 2.2
      vertex 5.56489 63.607 2.2
    endloop
  endfacet
  facet normal -0 0 1
    outer loop
      vertex -5.56489 63.607 2.2
      vertex 9.5 50 2.2
      vertex 0 63.85 2.2
    endloop
  endfacet
  facet normal -0 0 1
    outer loop
      vertex -11.0874 62.88 2.2
      vertex 9.5 50 2.2
      vertex -5.56489 63.607 2.2
    endloop
  endfacet
  facet normal -0 0 1
    outer loop
      vertex -16.5256 61.6744 2.2
      vertex 9.5 50 2.2
      vertex -11.0874 62.88 2.2
    endloop
  endfacet
  facet normal 0 0 1
    outer loop
      vertex 9.5 31 2.2
      vertex -16.5256 61.6744 2.2
      vertex -21.838 59.9994 2.2
    endloop
  endfacet
  facet normal 0 -0 1
    outer loop
      vertex -33.0486 22.0557 2.2
      vertex 9.5 31 2.2
      vertex -33.109 22.3282 2.2
    endloop
  endfacet
  facet normal 0 -0 1
    outer loop
      vertex -33.0122 21.7789 2.2
      vertex 9.5 31 2.2
      vertex -33.0486 22.0557 2.2
    endloop
  endfacet
  facet normal 0 0 1
    outer loop
      vertex 6.34035 11.7658 2.2
      vertex -33 21.5 2.2
      vertex 5.21539 10 2.2
    endloop
  endfacet
  facet normal 0 0 1
    outer loop
      vertex 9.5 31 2.2
      vertex -33.0122 21.7789 2.2
      vertex 6.34035 11.7658 2.2
    endloop
  endfacet
  facet normal 0 0 1
    outer loop
      vertex 49.6354 -6.16756 2.2
      vertex 63.607 -5.56489 2.2
      vertex 49.9087 -4.09174 2.2
    endloop
  endfacet
  facet normal -0 0 1
    outer loop
      vertex 49.1822 -8.21166 2.2
      vertex 62.88 -11.0874 2.2
      vertex 49.6354 -6.16756 2.2
    endloop
  endfacet
  facet normal 0 0 1
    outer loop
      vertex 62.88 -11.0874 2.2
      vertex 48.5526 -10.2085 2.2
      vertex 61.6744 -16.5256 2.2
    endloop
  endfacet
  facet normal -0 0 1
    outer loop
      vertex 48.5526 -10.2085 2.2
      vertex 62.88 -11.0874 2.2
      vertex 49.1822 -8.21166 2.2
    endloop
  endfacet
  facet normal 0 0 1
    outer loop
      vertex 63.607 -5.56489 2.2
      vertex 49.6354 -6.16756 2.2
      vertex 62.88 -11.0874 2.2
    endloop
  endfacet
  facet normal 0 -0 1
    outer loop
      vertex 50 -2 2.2
      vertex 63.85 0 2.2
      vertex 49.9087 0.0917377 2.2
    endloop
  endfacet
  facet normal 0 0 1
    outer loop
      vertex 63.607 5.56489 2.2
      vertex 49.1822 4.21166 2.2
      vertex 49.6354 2.16756 2.2
    endloop
  endfacet
  facet normal 0 0 1
    outer loop
      vertex 62.88 11.0874 2.2
      vertex 48.5526 6.20848 2.2
      vertex 49.1822 4.21166 2.2
    endloop
  endfacet
  facet normal 0 0 1
    outer loop
      vertex 62.88 11.0874 2.2
      vertex 47.7514 8.14284 2.2
      vertex 48.5526 6.20848 2.2
    endloop
  endfacet
  facet normal 0 0 1
    outer loop
      vertex 61.6744 16.5256 2.2
      vertex 46.7846 10 2.2
      vertex 47.7514 8.14284 2.2
    endloop
  endfacet
  facet normal 0 0 1
    outer loop
      vertex 56 21 2.2
      vertex 45.6596 11.7658 2.2
      vertex 46.7846 10 2.2
    endloop
  endfacet
  facet normal 0 0 1
    outer loop
      vertex 56 21 2.2
      vertex 44.3851 13.4269 2.2
      vertex 45.6596 11.7658 2.2
    endloop
  endfacet
  facet normal 0 0 1
    outer loop
      vertex 56 21 2.2
      vertex 42.9706 14.9706 2.2
      vertex 44.3851 13.4269 2.2
    endloop
  endfacet
  facet normal 0 0 1
    outer loop
      vertex 56 21 2.2
      vertex 41.4269 16.3851 2.2
      vertex 42.9706 14.9706 2.2
    endloop
  endfacet
  facet normal -0 0 1
    outer loop
      vertex 39.3587 21 2.2
      vertex 41.4269 16.3851 2.2
      vertex 56 21 2.2
    endloop
  endfacet
  facet normal -0 0 1
    outer loop
      vertex 39.3514 20.9443 2.2
      vertex 41.4269 16.3851 2.2
      vertex 39.3587 21 2.2
    endloop
  endfacet
  facet normal -0 0 1
    outer loop
      vertex 39.291 20.6718 2.2
      vertex 41.4269 16.3851 2.2
      vertex 39.3514 20.9443 2.2
    endloop
  endfacet
  facet normal 0 0 1
    outer loop
      vertex 41.4269 16.3851 2.2
      vertex 39.291 20.6718 2.2
      vertex 39.7658 17.6596 2.2
    endloop
  endfacet
  facet normal -0 0 1
    outer loop
      vertex 39.207 20.4055 2.2
      vertex 39.7658 17.6596 2.2
      vertex 39.291 20.6718 2.2
    endloop
  endfacet
  facet normal -0 0 1
    outer loop
      vertex 39.1002 20.1476 2.2
      vertex 39.7658 17.6596 2.2
      vertex 39.207 20.4055 2.2
    endloop
  endfacet
  facet normal -0 0 1
    outer loop
      vertex 38.9713 19.9 2.2
      vertex 39.7658 17.6596 2.2
      vertex 39.1002 20.1476 2.2
    endloop
  endfacet
  facet normal -0 0 1
    outer loop
      vertex 38.8213 19.6646 2.2
      vertex 39.7658 17.6596 2.2
      vertex 38.9713 19.9 2.2
    endloop
  endfacet
  facet normal -0 0 1
    outer loop
      vertex 38.6513 19.4431 2.2
      vertex 39.7658 17.6596 2.2
      vertex 38.8213 19.6646 2.2
    endloop
  endfacet
  facet normal -0 0 1
    outer loop
      vertex 38.4627 19.2373 2.2
      vertex 39.7658 17.6596 2.2
      vertex 38.6513 19.4431 2.2
    endloop
  endfacet
  facet normal -0 0 1
    outer loop
      vertex 38.2569 19.0487 2.2
      vertex 39.7658 17.6596 2.2
      vertex 38.4627 19.2373 2.2
    endloop
  endfacet
  facet normal 0 0 1
    outer loop
      vertex 38 18.7846 2.2
      vertex 38.2569 19.0487 2.2
      vertex 38.0354 18.8787 2.2
    endloop
  endfacet
  facet normal 0 0 1
    outer loop
      vertex 38.2569 19.0487 2.2
      vertex 38 18.7846 2.2
      vertex 39.7658 17.6596 2.2
    endloop
  endfacet
  facet normal 0 -0 1
    outer loop
      vertex 38 18.7846 2.2
      vertex 38.0354 18.8787 2.2
      vertex 37.9382 18.8168 2.2
    endloop
  endfacet
  facet normal -0 0 1
    outer loop
      vertex 47.7514 -12.1428 2.2
      vertex 61.6744 -16.5256 2.2
      vertex 48.5526 -10.2085 2.2
    endloop
  endfacet
  facet normal -0 0 1
    outer loop
      vertex 46.7846 -14 2.2
      vertex 61.6744 -16.5256 2.2
      vertex 47.7514 -12.1428 2.2
    endloop
  endfacet
  facet normal 0 0 1
    outer loop
      vertex 61.6744 -16.5256 2.2
      vertex 46.7846 -14 2.2
      vertex 59.9994 -21.838 2.2
    endloop
  endfacet
  facet normal -0 0 1
    outer loop
      vertex 45.6596 -15.7658 2.2
      vertex 59.9994 -21.838 2.2
      vertex 46.7846 -14 2.2
    endloop
  endfacet
  facet normal 0 0 1
    outer loop
      vertex 59.9994 -21.838 2.2
      vertex 45.6596 -15.7658 2.2
      vertex 57.8678 -26.9842 2.2
    endloop
  endfacet
  facet normal -0 0 1
    outer loop
      vertex 44.3851 -17.4269 2.2
      vertex 57.8678 -26.9842 2.2
      vertex 45.6596 -15.7658 2.2
    endloop
  endfacet
  facet normal -0 0 1
    outer loop
      vertex 42.9706 -18.9706 2.2
      vertex 57.8678 -26.9842 2.2
      vertex 44.3851 -17.4269 2.2
    endloop
  endfacet
  facet normal 0 0 1
    outer loop
      vertex 57.8678 -26.9842 2.2
      vertex 42.9706 -18.9706 2.2
      vertex 55.2957 -31.925 2.2
    endloop
  endfacet
  facet normal -0 0 1
    outer loop
      vertex 41.4269 -20.3851 2.2
      vertex 55.2957 -31.925 2.2
      vertex 42.9706 -18.9706 2.2
    endloop
  endfacet
  facet normal -0 0 1
    outer loop
      vertex 38.9713 -23.1 2.2
      vertex 55.2957 -31.925 2.2
      vertex 41.4269 -20.3851 2.2
    endloop
  endfacet
  facet normal -0 0 1
    outer loop
      vertex 38.8213 -23.3354 2.2
      vertex 55.2957 -31.925 2.2
      vertex 38.9713 -23.1 2.2
    endloop
  endfacet
  facet normal 0 0 1
    outer loop
      vertex 55.2957 -31.925 2.2
      vertex 38.6513 -23.5569 2.2
      vertex 52.3029 -36.6229 2.2
    endloop
  endfacet
  facet normal -0 0 1
    outer loop
      vertex 38.4627 -23.7627 2.2
      vertex 52.3029 -36.6229 2.2
      vertex 38.6513 -23.5569 2.2
    endloop
  endfacet
  facet normal 0 0 1
    outer loop
      vertex 39.207 -22.5945 2.2
      vertex 41.4269 -20.3851 2.2
      vertex 39.7658 -21.6596 2.2
    endloop
  endfacet
  facet normal 0 0 1
    outer loop
      vertex 39.3514 -22.0557 2.2
      vertex 39.7658 -21.6596 2.2
      vertex 39.3704 -21.9116 2.2
    endloop
  endfacet
  facet normal 0 0 1
    outer loop
      vertex 39.291 -22.3282 2.2
      vertex 39.7658 -21.6596 2.2
      vertex 39.3514 -22.0557 2.2
    endloop
  endfacet
  facet normal 0 0 1
    outer loop
      vertex 39.207 -22.5945 2.2
      vertex 39.7658 -21.6596 2.2
      vertex 39.291 -22.3282 2.2
    endloop
  endfacet
  facet normal 0 0 1
    outer loop
      vertex 41.4269 -20.3851 2.2
      vertex 39.207 -22.5945 2.2
      vertex 39.1002 -22.8524 2.2
    endloop
  endfacet
  facet normal 0 0 1
    outer loop
      vertex 38.9713 -23.1 2.2
      vertex 41.4269 -20.3851 2.2
      vertex 39.1002 -22.8524 2.2
    endloop
  endfacet
  facet normal -0 0 1
    outer loop
      vertex 38.6513 -23.5569 2.2
      vertex 55.2957 -31.925 2.2
      vertex 38.8213 -23.3354 2.2
    endloop
  endfacet
  facet normal -0 0 1
    outer loop
      vertex 38.2569 -23.9513 2.2
      vertex 52.3029 -36.6229 2.2
      vertex 38.4627 -23.7627 2.2
    endloop
  endfacet
  facet normal -0 0 1
    outer loop
      vertex 38.0354 -24.1213 2.2
      vertex 52.3029 -36.6229 2.2
      vertex 38.2569 -23.9513 2.2
    endloop
  endfacet
  facet normal -0 0 1
    outer loop
      vertex 37.8 -24.2713 2.2
      vertex 52.3029 -36.6229 2.2
      vertex 38.0354 -24.1213 2.2
    endloop
  endfacet
  facet normal 0 0 1
    outer loop
      vertex 52.3029 -36.6229 2.2
      vertex 37.8 -24.2713 2.2
      vertex 48.9119 -41.042 2.2
    endloop
  endfacet
  facet normal -0 0 1
    outer loop
      vertex 37.5524 -24.4002 2.2
      vertex 48.9119 -41.042 2.2
      vertex 37.8 -24.2713 2.2
    endloop
  endfacet
  facet normal -0 0 1
    outer loop
      vertex 37.2945 -24.507 2.2
      vertex 48.9119 -41.042 2.2
      vertex 37.5524 -24.4002 2.2
    endloop
  endfacet
  facet normal -0 0 1
    outer loop
      vertex 37.0282 -24.591 2.2
      vertex 48.9119 -41.042 2.2
      vertex 37.2945 -24.507 2.2
    endloop
  endfacet
  facet normal -0 0 1
    outer loop
      vertex 36.7557 -24.6514 2.2
      vertex 48.9119 -41.042 2.2
      vertex 37.0282 -24.591 2.2
    endloop
  endfacet
  facet normal 0 0 1
    outer loop
      vertex 48.9119 -41.042 2.2
      vertex 36.7557 -24.6514 2.2
      vertex 45.1488 -45.1488 2.2
    endloop
  endfacet
  facet normal -0 0 1
    outer loop
      vertex 36.4789 -24.6878 2.2
      vertex 45.1488 -45.1488 2.2
      vertex 36.7557 -24.6514 2.2
    endloop
  endfacet
  facet normal -0 0 1
    outer loop
      vertex 36.2 -24.7 2.2
      vertex 45.1488 -45.1488 2.2
      vertex 36.4789 -24.6878 2.2
    endloop
  endfacet
  facet normal -0 0 1
    outer loop
      vertex 32.2117 -25.1822 2.2
      vertex 45.1488 -45.1488 2.2
      vertex 36.2 -24.7 2.2
    endloop
  endfacet
  facet normal 0 0 1
    outer loop
      vertex 45.1488 -45.1488 2.2
      vertex 32.2117 -25.1822 2.2
      vertex 41.042 -48.9119 2.2
    endloop
  endfacet
  facet normal 0 0 1
    outer loop
      vertex 32.2117 -25.1822 2.2
      vertex 36.2 -24.7 2.2
      vertex 35.9211 -24.6878 2.2
    endloop
  endfacet
  facet normal 0 0 1
    outer loop
      vertex 32.2117 -25.1822 2.2
      vertex 35.9211 -24.6878 2.2
      vertex 35.6443 -24.6514 2.2
    endloop
  endfacet
  facet normal 0 0 1
    outer loop
      vertex 34.2085 -24.5526 2.2
      vertex 35.6443 -24.6514 2.2
      vertex 35.3718 -24.591 2.2
    endloop
  endfacet
  facet normal -0 0 1
    outer loop
      vertex 34.2085 -24.5526 2.2
      vertex 35.3718 -24.591 2.2
      vertex 35.1055 -24.507 2.2
    endloop
  endfacet
  facet normal 0 0 1
    outer loop
      vertex 34.2085 -24.5526 2.2
      vertex 35.1055 -24.507 2.2
      vertex 34.8476 -24.4002 2.2
    endloop
  endfacet
  facet normal 0 0 1
    outer loop
      vertex 34.2085 -24.5526 2.2
      vertex 34.8476 -24.4002 2.2
      vertex 34.7275 -24.3376 2.2
    endloop
  endfacet
  facet normal 0 0 1
    outer loop
      vertex 35.6443 -24.6514 2.2
      vertex 34.2085 -24.5526 2.2
      vertex 32.2117 -25.1822 2.2
    endloop
  endfacet
  facet normal -0 0 1
    outer loop
      vertex 30.1676 -25.6354 2.2
      vertex 41.042 -48.9119 2.2
      vertex 32.2117 -25.1822 2.2
    endloop
  endfacet
  facet normal -0 0 1
    outer loop
      vertex 28.0917 -25.9087 2.2
      vertex 41.042 -48.9119 2.2
      vertex 30.1676 -25.6354 2.2
    endloop
  endfacet
  facet normal 0 0 1
    outer loop
      vertex 41.042 -48.9119 2.2
      vertex 28.0917 -25.9087 2.2
      vertex 36.6229 -52.3029 2.2
    endloop
  endfacet
  facet normal -0 0 1
    outer loop
      vertex 26 -26 2.2
      vertex 36.6229 -52.3029 2.2
      vertex 28.0917 -25.9087 2.2
    endloop
  endfacet
  facet normal 0 0 1
    outer loop
      vertex 36.6229 -52.3029 2.2
      vertex 26 -26 2.2
      vertex 31.925 -55.2957 2.2
    endloop
  endfacet
  facet normal 0 0 1
    outer loop
      vertex 23.9083 -25.9087 2.2
      vertex 31.925 -55.2957 2.2
      vertex 26 -26 2.2
    endloop
  endfacet
  facet normal 0 0 1
    outer loop
      vertex 31.925 -55.2957 2.2
      vertex 23.9083 -25.9087 2.2
      vertex 26.9842 -57.8678 2.2
    endloop
  endfacet
  facet normal 0 0 1
    outer loop
      vertex 21.8324 -25.6354 2.2
      vertex 26.9842 -57.8678 2.2
      vertex 23.9083 -25.9087 2.2
    endloop
  endfacet
  facet normal 0 0 1
    outer loop
      vertex 26.9842 -57.8678 2.2
      vertex 21.8324 -25.6354 2.2
      vertex 21.838 -59.9994 2.2
    endloop
  endfacet
  facet normal 0 0 1
    outer loop
      vertex 19.7883 -25.1822 2.2
      vertex 21.838 -59.9994 2.2
      vertex 21.8324 -25.6354 2.2
    endloop
  endfacet
  facet normal 0 0 1
    outer loop
      vertex 16.5256 -61.6744 2.2
      vertex 19.7883 -25.1822 2.2
      vertex 17.7915 -24.5526 2.2
    endloop
  endfacet
  facet normal 0 0 1
    outer loop
      vertex 19.7883 -25.1822 2.2
      vertex 16.5256 -61.6744 2.2
      vertex 21.838 -59.9994 2.2
    endloop
  endfacet
  facet normal 0 0 1
    outer loop
      vertex 11.0874 -62.88 2.2
      vertex 17.7915 -24.5526 2.2
      vertex 15.8572 -23.7514 2.2
    endloop
  endfacet
  facet normal 0 0 1
    outer loop
      vertex 5.56489 -63.607 2.2
      vertex 15.8572 -23.7514 2.2
      vertex 14 -22.7846 2.2
    endloop
  endfacet
  facet normal 0 0 1
    outer loop
      vertex 0 -63.85 2.2
      vertex 14 -22.7846 2.2
      vertex 12.2342 -21.6596 2.2
    endloop
  endfacet
  facet normal 0 0 1
    outer loop
      vertex 17.7915 -24.5526 2.2
      vertex 11.0874 -62.88 2.2
      vertex 16.5256 -61.6744 2.2
    endloop
  endfacet
  facet normal 0 0 1
    outer loop
      vertex -5.56489 -63.607 2.2
      vertex 12.2342 -21.6596 2.2
      vertex 10.5731 -20.3851 2.2
    endloop
  endfacet
  facet normal 0 0 1
    outer loop
      vertex -11.0874 -62.88 2.2
      vertex 10.5731 -20.3851 2.2
      vertex 9.02944 -18.9706 2.2
    endloop
  endfacet
  facet normal 0 0 1
    outer loop
      vertex -33.4287 -23.1 2.2
      vertex 9.02944 -18.9706 2.2
      vertex 7.61493 -17.4269 2.2
    endloop
  endfacet
  facet normal 0 0 1
    outer loop
      vertex -33.193 -22.5945 2.2
      vertex 7.61493 -17.4269 2.2
      vertex 6.34035 -15.7658 2.2
    endloop
  endfacet
  facet normal 0 0 1
    outer loop
      vertex 15.8572 -23.7514 2.2
      vertex 5.56489 -63.607 2.2
      vertex 11.0874 -62.88 2.2
    endloop
  endfacet
  facet normal 0 0 1
    outer loop
      vertex -33.0486 -22.0557 2.2
      vertex 6.34035 -15.7658 2.2
      vertex 5.21539 -14 2.2
    endloop
  endfacet
  facet normal 0 0 1
    outer loop
      vertex -33 -21.5 2.2
      vertex 5.21539 -14 2.2
      vertex 4.24861 -12.1428 2.2
    endloop
  endfacet
  facet normal 0 0 1
    outer loop
      vertex -33.0122 -21.2211 2.2
      vertex 4.24861 -12.1428 2.2
      vertex 3.44738 -10.2085 2.2
    endloop
  endfacet
  facet normal 0 0 1
    outer loop
      vertex -33.109 -20.6718 2.2
      vertex 3.44738 -10.2085 2.2
      vertex 2.81778 -8.21166 2.2
    endloop
  endfacet
  facet normal 0 0 1
    outer loop
      vertex -33.2998 -20.1476 2.2
      vertex 2.81778 -8.21166 2.2
      vertex 2.36461 -6.16756 2.2
    endloop
  endfacet
  facet normal 0 0 1
    outer loop
      vertex -33.5787 -19.6646 2.2
      vertex 2.36461 -6.16756 2.2
      vertex 2.09133 -4.09174 2.2
    endloop
  endfacet
  facet normal 0 0 1
    outer loop
      vertex 14 -22.7846 2.2
      vertex 0 -63.85 2.2
      vertex 5.56489 -63.607 2.2
    endloop
  endfacet
  facet normal 0 0 1
    outer loop
      vertex -33.9373 -19.2373 2.2
      vertex 2.09133 -4.09174 2.2
      vertex 2 -2 2.2
    endloop
  endfacet
  facet normal -0 0 1
    outer loop
      vertex -33.0486 20.9443 2.2
      vertex 4.24861 8.14284 2.2
      vertex -33.0122 21.2211 2.2
    endloop
  endfacet
  facet normal 0 0 1
    outer loop
      vertex 5.21539 10 2.2
      vertex -33.0122 21.2211 2.2
      vertex 4.24861 8.14284 2.2
    endloop
  endfacet
  facet normal -0 0 1
    outer loop
      vertex -33.5787 19.6646 2.2
      vertex 2.81778 4.21166 2.2
      vertex -33.4287 19.9 2.2
    endloop
  endfacet
  facet normal -0 -0 1
    outer loop
      vertex -33 21.5 2.2
      vertex 6.34035 11.7658 2.2
      vertex -33.0122 21.7789 2.2
    endloop
  endfacet
  facet normal -0 0 1
    outer loop
      vertex -33.4287 19.9 2.2
      vertex 2.81778 4.21166 2.2
      vertex -33.2998 20.1476 2.2
    endloop
  endfacet
  facet normal 0 0 1
    outer loop
      vertex 9.5 31 2.2
      vertex -33.2998 22.8524 2.2
      vertex -33.193 22.5945 2.2
    endloop
  endfacet
  facet normal 0 0 1
    outer loop
      vertex 3.44738 -10.2085 2.2
      vertex -33.109 -20.6718 2.2
      vertex -33.0486 -20.9443 2.2
    endloop
  endfacet
  facet normal 0 0 1
    outer loop
      vertex -33.5787 23.3354 2.2
      vertex 9.5 31 2.2
      vertex -21.838 59.9994 2.2
    endloop
  endfacet
  facet normal 0 0 1
    outer loop
      vertex 5.21539 -14 2.2
      vertex -33 -21.5 2.2
      vertex -33.0122 -21.7789 2.2
    endloop
  endfacet
  facet normal 0 0 1
    outer loop
      vertex -33.7487 23.5569 2.2
      vertex -21.838 59.9994 2.2
      vertex -26.9842 57.8678 2.2
    endloop
  endfacet
  facet normal 0 0 1
    outer loop
      vertex 3.44738 6.20848 2.2
      vertex -33.2998 20.1476 2.2
      vertex 2.81778 4.21166 2.2
    endloop
  endfacet
  facet normal 0 0 1
    outer loop
      vertex -33.9373 23.7627 2.2
      vertex -26.9842 57.8678 2.2
      vertex -31.925 55.2957 2.2
    endloop
  endfacet
  facet normal -0 0 1
    outer loop
      vertex -33.2998 20.1476 2.2
      vertex 3.44738 6.20848 2.2
      vertex -33.193 20.4055 2.2
    endloop
  endfacet
  facet normal 0 0 1
    outer loop
      vertex 5.21539 -14 2.2
      vertex -33.0122 -21.7789 2.2
      vertex -33.0486 -22.0557 2.2
    endloop
  endfacet
  facet normal -0 0 1
    outer loop
      vertex -33.193 20.4055 2.2
      vertex 3.44738 6.20848 2.2
      vertex -33.109 20.6718 2.2
    endloop
  endfacet
  facet normal 0 0 1
    outer loop
      vertex 4.24861 8.14284 2.2
      vertex -33.109 20.6718 2.2
      vertex 3.44738 6.20848 2.2
    endloop
  endfacet
  facet normal -0 0 1
    outer loop
      vertex -33.109 20.6718 2.2
      vertex 4.24861 8.14284 2.2
      vertex -33.0486 20.9443 2.2
    endloop
  endfacet
  facet normal -0 0 1
    outer loop
      vertex -33.0122 21.2211 2.2
      vertex 5.21539 10 2.2
      vertex -33 21.5 2.2
    endloop
  endfacet
  facet normal 0 0 1
    outer loop
      vertex 9.5 31 2.2
      vertex 6.34035 11.7658 2.2
      vertex 7.61493 13.4269 2.2
    endloop
  endfacet
  facet normal 0 0 1
    outer loop
      vertex 9.5 31 2.2
      vertex -33.4287 23.1 2.2
      vertex -33.2998 22.8524 2.2
    endloop
  endfacet
  facet normal 0 0 1
    outer loop
      vertex 9.5 31 2.2
      vertex -33.5787 23.3354 2.2
      vertex -33.4287 23.1 2.2
    endloop
  endfacet
  facet normal 0 0 1
    outer loop
      vertex -21.838 59.9994 2.2
      vertex -33.7487 23.5569 2.2
      vertex -33.5787 23.3354 2.2
    endloop
  endfacet
  facet normal 0 0 1
    outer loop
      vertex -26.9842 57.8678 2.2
      vertex -33.9373 23.7627 2.2
      vertex -33.7487 23.5569 2.2
    endloop
  endfacet
  facet normal 0 0 1
    outer loop
      vertex -31.925 55.2957 2.2
      vertex -34.1431 23.9513 2.2
      vertex -33.9373 23.7627 2.2
    endloop
  endfacet
  facet normal 0 0 1
    outer loop
      vertex -31.925 55.2957 2.2
      vertex -34.3646 24.1213 2.2
      vertex -34.1431 23.9513 2.2
    endloop
  endfacet
  facet normal 0 0 1
    outer loop
      vertex -31.925 55.2957 2.2
      vertex -34.6 24.2713 2.2
      vertex -34.3646 24.1213 2.2
    endloop
  endfacet
  facet normal -0 0 1
    outer loop
      vertex -36.6229 52.3029 2.2
      vertex -34.6 24.2713 2.2
      vertex -31.925 55.2957 2.2
    endloop
  endfacet
  facet normal 0 0 1
    outer loop
      vertex -34.6 24.2713 2.2
      vertex -36.6229 52.3029 2.2
      vertex -34.8476 24.4002 2.2
    endloop
  endfacet
  facet normal 0 0 1
    outer loop
      vertex -34.8476 24.4002 2.2
      vertex -36.6229 52.3029 2.2
      vertex -35.1055 24.507 2.2
    endloop
  endfacet
  facet normal -0 0 1
    outer loop
      vertex -41.042 48.9119 2.2
      vertex -35.1055 24.507 2.2
      vertex -36.6229 52.3029 2.2
    endloop
  endfacet
  facet normal 0 0 1
    outer loop
      vertex -35.1055 24.507 2.2
      vertex -41.042 48.9119 2.2
      vertex -35.3718 24.591 2.2
    endloop
  endfacet
  facet normal 0 0 1
    outer loop
      vertex -35.3718 24.591 2.2
      vertex -41.042 48.9119 2.2
      vertex -35.6443 24.6514 2.2
    endloop
  endfacet
  facet normal 0 0 1
    outer loop
      vertex -35.6443 24.6514 2.2
      vertex -41.042 48.9119 2.2
      vertex -35.9211 24.6878 2.2
    endloop
  endfacet
  facet normal -0 0 1
    outer loop
      vertex -45.1488 45.1488 2.2
      vertex -35.9211 24.6878 2.2
      vertex -41.042 48.9119 2.2
    endloop
  endfacet
  facet normal 0 0 1
    outer loop
      vertex -35.9211 24.6878 2.2
      vertex -45.1488 45.1488 2.2
      vertex -36.2 24.7 2.2
    endloop
  endfacet
  facet normal 0 0 1
    outer loop
      vertex -36.2 24.7 2.2
      vertex -45.1488 45.1488 2.2
      vertex -36.4789 24.6878 2.2
    endloop
  endfacet
  facet normal 0 0 1
    outer loop
      vertex -36.4789 24.6878 2.2
      vertex -45.1488 45.1488 2.2
      vertex -36.7557 24.6514 2.2
    endloop
  endfacet
  facet normal -0 0 1
    outer loop
      vertex -48.9119 41.042 2.2
      vertex -36.7557 24.6514 2.2
      vertex -45.1488 45.1488 2.2
    endloop
  endfacet
  facet normal 0 0 1
    outer loop
      vertex -36.7557 24.6514 2.2
      vertex -48.9119 41.042 2.2
      vertex -37.0282 24.591 2.2
    endloop
  endfacet
  facet normal 0 0 1
    outer loop
      vertex -37.0282 24.591 2.2
      vertex -48.9119 41.042 2.2
      vertex -37.2945 24.507 2.2
    endloop
  endfacet
  facet normal 0 0 1
    outer loop
      vertex -37.2945 24.507 2.2
      vertex -48.9119 41.042 2.2
      vertex -37.5524 24.4002 2.2
    endloop
  endfacet
  facet normal 0 0 1
    outer loop
      vertex -37.5524 24.4002 2.2
      vertex -48.9119 41.042 2.2
      vertex -37.8 24.2713 2.2
    endloop
  endfacet
  facet normal -0 0 1
    outer loop
      vertex -52.3029 36.6229 2.2
      vertex -37.8 24.2713 2.2
      vertex -48.9119 41.042 2.2
    endloop
  endfacet
  facet normal 0 0 1
    outer loop
      vertex -37.8 24.2713 2.2
      vertex -52.3029 36.6229 2.2
      vertex -38.0354 24.1213 2.2
    endloop
  endfacet
  facet normal 0 0 1
    outer loop
      vertex -38.0354 24.1213 2.2
      vertex -52.3029 36.6229 2.2
      vertex -38.2569 23.9513 2.2
    endloop
  endfacet
  facet normal 0 0 1
    outer loop
      vertex -38.2569 23.9513 2.2
      vertex -52.3029 36.6229 2.2
      vertex -38.4627 23.7627 2.2
    endloop
  endfacet
  facet normal 0 0 1
    outer loop
      vertex -38.4627 23.7627 2.2
      vertex -52.3029 36.6229 2.2
      vertex -38.6513 23.5569 2.2
    endloop
  endfacet
  facet normal -0 0 1
    outer loop
      vertex -55.2957 31.925 2.2
      vertex -38.6513 23.5569 2.2
      vertex -52.3029 36.6229 2.2
    endloop
  endfacet
  facet normal 0 0 1
    outer loop
      vertex -38.6513 23.5569 2.2
      vertex -55.2957 31.925 2.2
      vertex -38.8213 23.3354 2.2
    endloop
  endfacet
  facet normal 0 0 1
    outer loop
      vertex -38.8213 23.3354 2.2
      vertex -55.2957 31.925 2.2
      vertex -38.9713 23.1 2.2
    endloop
  endfacet
  facet normal 0 0 1
    outer loop
      vertex -39.207 22.5945 2.2
      vertex -55.2957 31.925 2.2
      vertex -39.291 22.3282 2.2
    endloop
  endfacet
  facet normal 0 0 1
    outer loop
      vertex -39.1002 22.8524 2.2
      vertex -55.2957 31.925 2.2
      vertex -39.207 22.5945 2.2
    endloop
  endfacet
  facet normal 0 0 1
    outer loop
      vertex -38.9713 23.1 2.2
      vertex -55.2957 31.925 2.2
      vertex -39.1002 22.8524 2.2
    endloop
  endfacet
  facet normal 0 0 1
    outer loop
      vertex 12.2342 -21.6596 2.2
      vertex -5.56489 -63.607 2.2
      vertex 0 -63.85 2.2
    endloop
  endfacet
  facet normal 0 0 1
    outer loop
      vertex 7.61493 -17.4269 2.2
      vertex -33.193 -22.5945 2.2
      vertex -33.2998 -22.8524 2.2
    endloop
  endfacet
  facet normal 0 0 1
    outer loop
      vertex 6.34035 -15.7658 2.2
      vertex -33.0486 -22.0557 2.2
      vertex -33.109 -22.3282 2.2
    endloop
  endfacet
  facet normal 0 0 1
    outer loop
      vertex 6.34035 -15.7658 2.2
      vertex -33.109 -22.3282 2.2
      vertex -33.193 -22.5945 2.2
    endloop
  endfacet
  facet normal 0 0 1
    outer loop
      vertex 3.44738 -10.2085 2.2
      vertex -33.0486 -20.9443 2.2
      vertex -33.0122 -21.2211 2.2
    endloop
  endfacet
  facet normal 0 0 1
    outer loop
      vertex 4.24861 -12.1428 2.2
      vertex -33.0122 -21.2211 2.2
      vertex -33 -21.5 2.2
    endloop
  endfacet
  facet normal 0 0 1
    outer loop
      vertex 2.81778 4.21166 2.2
      vertex -33.5787 19.6646 2.2
      vertex 2.36461 2.16756 2.2
    endloop
  endfacet
  facet normal 0 0 1
    outer loop
      vertex 2.81778 -8.21166 2.2
      vertex -33.193 -20.4055 2.2
      vertex -33.109 -20.6718 2.2
    endloop
  endfacet
  facet normal -0 0 1
    outer loop
      vertex -33.7487 19.4431 2.2
      vertex 2.36461 2.16756 2.2
      vertex -33.5787 19.6646 2.2
    endloop
  endfacet
  facet normal 0 0 1
    outer loop
      vertex 2.81778 -8.21166 2.2
      vertex -33.2998 -20.1476 2.2
      vertex -33.193 -20.4055 2.2
    endloop
  endfacet
  facet normal -0 0 1
    outer loop
      vertex -33.9373 19.2373 2.2
      vertex 2.36461 2.16756 2.2
      vertex -33.7487 19.4431 2.2
    endloop
  endfacet
  facet normal 0 0 1
    outer loop
      vertex 2.36461 -6.16756 2.2
      vertex -33.4287 -19.9 2.2
      vertex -33.2998 -20.1476 2.2
    endloop
  endfacet
  facet normal 0 0 1
    outer loop
      vertex 2.36461 2.16756 2.2
      vertex -33.9373 19.2373 2.2
      vertex 2.09133 0.0917377 2.2
    endloop
  endfacet
  facet normal 0 0 1
    outer loop
      vertex 2.36461 -6.16756 2.2
      vertex -33.5787 -19.6646 2.2
      vertex -33.4287 -19.9 2.2
    endloop
  endfacet
  facet normal -0 0 1
    outer loop
      vertex -34.1431 19.0487 2.2
      vertex 2.09133 0.0917377 2.2
      vertex -33.9373 19.2373 2.2
    endloop
  endfacet
  facet normal 0 0 1
    outer loop
      vertex 2.09133 -4.09174 2.2
      vertex -33.7487 -19.4431 2.2
      vertex -33.5787 -19.6646 2.2
    endloop
  endfacet
  facet normal -0 0 1
    outer loop
      vertex -34.3646 18.8787 2.2
      vertex 2.09133 0.0917377 2.2
      vertex -34.1431 19.0487 2.2
    endloop
  endfacet
  facet normal 0 0 1
    outer loop
      vertex 2.09133 -4.09174 2.2
      vertex -33.9373 -19.2373 2.2
      vertex -33.7487 -19.4431 2.2
    endloop
  endfacet
  facet normal 0 0 1
    outer loop
      vertex 2.09133 0.0917377 2.2
      vertex -34.3646 18.8787 2.2
      vertex 2 -2 2.2
    endloop
  endfacet
  facet normal 0 0 1
    outer loop
      vertex 2 -2 2.2
      vertex -34.1431 -19.0487 2.2
      vertex -33.9373 -19.2373 2.2
    endloop
  endfacet
  facet normal 0 0 1
    outer loop
      vertex -34.3646 -18.8787 2.2
      vertex 2 -2 2.2
      vertex -34.3646 18.8787 2.2
    endloop
  endfacet
  facet normal 0 0 1
    outer loop
      vertex 2 -2 2.2
      vertex -34.3646 -18.8787 2.2
      vertex -34.1431 -19.0487 2.2
    endloop
  endfacet
  facet normal -0 0 1
    outer loop
      vertex -34.6 18.7287 2.2
      vertex -34.3646 -18.8787 2.2
      vertex -34.3646 18.8787 2.2
    endloop
  endfacet
  facet normal 0 0 1
    outer loop
      vertex -34.6 18.7287 2.2
      vertex -34.6 -18.7287 2.2
      vertex -34.3646 -18.8787 2.2
    endloop
  endfacet
  facet normal -0 0 1
    outer loop
      vertex -34.8476 18.5998 2.2
      vertex -34.6 -18.7287 2.2
      vertex -34.6 18.7287 2.2
    endloop
  endfacet
  facet normal 0 0 1
    outer loop
      vertex -34.8476 18.5998 2.2
      vertex -34.8476 -18.5998 2.2
      vertex -34.6 -18.7287 2.2
    endloop
  endfacet
  facet normal -0 0 1
    outer loop
      vertex -35.1055 18.493 2.2
      vertex -34.8476 -18.5998 2.2
      vertex -34.8476 18.5998 2.2
    endloop
  endfacet
  facet normal 0 0 1
    outer loop
      vertex -35.1055 18.493 2.2
      vertex -35.1055 -18.493 2.2
      vertex -34.8476 -18.5998 2.2
    endloop
  endfacet
  facet normal -0 0 1
    outer loop
      vertex -35.3718 18.409 2.2
      vertex -35.1055 -18.493 2.2
      vertex -35.1055 18.493 2.2
    endloop
  endfacet
  facet normal 0 0 1
    outer loop
      vertex -35.3718 18.409 2.2
      vertex -35.3718 -18.409 2.2
      vertex -35.1055 -18.493 2.2
    endloop
  endfacet
  facet normal -0 0 1
    outer loop
      vertex -35.6443 18.3486 2.2
      vertex -35.3718 -18.409 2.2
      vertex -35.3718 18.409 2.2
    endloop
  endfacet
  facet normal 0 0 1
    outer loop
      vertex -35.6443 18.3486 2.2
      vertex -35.6443 -18.3486 2.2
      vertex -35.3718 -18.409 2.2
    endloop
  endfacet
  facet normal -0 0 1
    outer loop
      vertex -35.9211 18.3122 2.2
      vertex -35.6443 -18.3486 2.2
      vertex -35.6443 18.3486 2.2
    endloop
  endfacet
  facet normal 0 0 1
    outer loop
      vertex -35.9211 18.3122 2.2
      vertex -35.9211 -18.3122 2.2
      vertex -35.6443 -18.3486 2.2
    endloop
  endfacet
  facet normal -0 0 1
    outer loop
      vertex -36.2 18.3 2.2
      vertex -35.9211 -18.3122 2.2
      vertex -35.9211 18.3122 2.2
    endloop
  endfacet
  facet normal 0 0 1
    outer loop
      vertex -36.2 18.3 2.2
      vertex -36.2 -18.3 2.2
      vertex -35.9211 -18.3122 2.2
    endloop
  endfacet
  facet normal 0 0 1
    outer loop
      vertex -36.4789 18.3122 2.2
      vertex -36.2 -18.3 2.2
      vertex -36.2 18.3 2.2
    endloop
  endfacet
  facet normal 0 0 1
    outer loop
      vertex -36.4789 18.3122 2.2
      vertex -36.4789 -18.3122 2.2
      vertex -36.2 -18.3 2.2
    endloop
  endfacet
  facet normal 0 0 1
    outer loop
      vertex -36.7557 18.3486 2.2
      vertex -36.4789 -18.3122 2.2
      vertex -36.4789 18.3122 2.2
    endloop
  endfacet
  facet normal 0 0 1
    outer loop
      vertex -36.7557 18.3486 2.2
      vertex -36.7557 -18.3486 2.2
      vertex -36.4789 -18.3122 2.2
    endloop
  endfacet
  facet normal 0 0 1
    outer loop
      vertex -37.0282 18.409 2.2
      vertex -36.7557 -18.3486 2.2
      vertex -36.7557 18.3486 2.2
    endloop
  endfacet
  facet normal 0 0 1
    outer loop
      vertex -37.0282 18.409 2.2
      vertex -37.0282 -18.409 2.2
      vertex -36.7557 -18.3486 2.2
    endloop
  endfacet
  facet normal 0 0 1
    outer loop
      vertex -37.2945 18.493 2.2
      vertex -37.0282 -18.409 2.2
      vertex -37.0282 18.409 2.2
    endloop
  endfacet
  facet normal 0 0 1
    outer loop
      vertex -37.2945 18.493 2.2
      vertex -37.2945 -18.493 2.2
      vertex -37.0282 -18.409 2.2
    endloop
  endfacet
  facet normal 0 0 1
    outer loop
      vertex -37.5524 18.5998 2.2
      vertex -37.2945 -18.493 2.2
      vertex -37.2945 18.493 2.2
    endloop
  endfacet
  facet normal 0 0 1
    outer loop
      vertex -37.5524 18.5998 2.2
      vertex -37.5524 -18.5998 2.2
      vertex -37.2945 -18.493 2.2
    endloop
  endfacet
  facet normal 0 0 1
    outer loop
      vertex -37.8 18.7287 2.2
      vertex -37.5524 -18.5998 2.2
      vertex -37.5524 18.5998 2.2
    endloop
  endfacet
  facet normal 0 0 1
    outer loop
      vertex -37.8 18.7287 2.2
      vertex -37.8 -18.7287 2.2
      vertex -37.5524 -18.5998 2.2
    endloop
  endfacet
  facet normal 0 0 1
    outer loop
      vertex -38.0354 18.8787 2.2
      vertex -37.8 -18.7287 2.2
      vertex -37.8 18.7287 2.2
    endloop
  endfacet
  facet normal 0 0 1
    outer loop
      vertex -38.0354 18.8787 2.2
      vertex -38.0354 -18.8787 2.2
      vertex -37.8 -18.7287 2.2
    endloop
  endfacet
  facet normal 0 0 1
    outer loop
      vertex -38.2569 19.0487 2.2
      vertex -38.0354 -18.8787 2.2
      vertex -38.0354 18.8787 2.2
    endloop
  endfacet
  facet normal 0 0 1
    outer loop
      vertex -38.2569 19.0487 2.2
      vertex -38.2569 -19.0487 2.2
      vertex -38.0354 -18.8787 2.2
    endloop
  endfacet
  facet normal 0 0 1
    outer loop
      vertex -38.4627 19.2373 2.2
      vertex -38.2569 -19.0487 2.2
      vertex -38.2569 19.0487 2.2
    endloop
  endfacet
  facet normal 0 0 1
    outer loop
      vertex -38.4627 19.2373 2.2
      vertex -38.4627 -19.2373 2.2
      vertex -38.2569 -19.0487 2.2
    endloop
  endfacet
  facet normal 0 0 1
    outer loop
      vertex -38.6513 19.4431 2.2
      vertex -38.4627 -19.2373 2.2
      vertex -38.4627 19.2373 2.2
    endloop
  endfacet
  facet normal 0 0 1
    outer loop
      vertex -38.6513 19.4431 2.2
      vertex -38.6513 -19.4431 2.2
      vertex -38.4627 -19.2373 2.2
    endloop
  endfacet
  facet normal 0 0 1
    outer loop
      vertex -38.8213 19.6646 2.2
      vertex -38.6513 -19.4431 2.2
      vertex -38.6513 19.4431 2.2
    endloop
  endfacet
  facet normal 0 0 1
    outer loop
      vertex -38.8213 19.6646 2.2
      vertex -38.8213 -19.6646 2.2
      vertex -38.6513 -19.4431 2.2
    endloop
  endfacet
  facet normal 0 0 1
    outer loop
      vertex -38.9713 19.9 2.2
      vertex -38.8213 -19.6646 2.2
      vertex -38.8213 19.6646 2.2
    endloop
  endfacet
  facet normal 0 0 1
    outer loop
      vertex -38.9713 19.9 2.2
      vertex -38.9713 -19.9 2.2
      vertex -38.8213 -19.6646 2.2
    endloop
  endfacet
  facet normal 0 0 1
    outer loop
      vertex -39.1002 20.1476 2.2
      vertex -38.9713 -19.9 2.2
      vertex -38.9713 19.9 2.2
    endloop
  endfacet
  facet normal 0 0 1
    outer loop
      vertex -39.1002 20.1476 2.2
      vertex -39.1002 -20.1476 2.2
      vertex -38.9713 -19.9 2.2
    endloop
  endfacet
  facet normal 0 0 1
    outer loop
      vertex -39.207 20.4055 2.2
      vertex -39.1002 -20.1476 2.2
      vertex -39.1002 20.1476 2.2
    endloop
  endfacet
  facet normal 0 0 1
    outer loop
      vertex -39.207 20.4055 2.2
      vertex -39.207 -20.4055 2.2
      vertex -39.1002 -20.1476 2.2
    endloop
  endfacet
  facet normal 0 0 1
    outer loop
      vertex -39.291 20.6718 2.2
      vertex -39.207 -20.4055 2.2
      vertex -39.207 20.4055 2.2
    endloop
  endfacet
  facet normal 0 0 1
    outer loop
      vertex -39.291 20.6718 2.2
      vertex -39.291 -20.6718 2.2
      vertex -39.207 -20.4055 2.2
    endloop
  endfacet
  facet normal 0 0 1
    outer loop
      vertex -39.3514 20.9443 2.2
      vertex -39.291 -20.6718 2.2
      vertex -39.291 20.6718 2.2
    endloop
  endfacet
  facet normal 0 0 1
    outer loop
      vertex -39.3514 20.9443 2.2
      vertex -39.3514 -20.9443 2.2
      vertex -39.291 -20.6718 2.2
    endloop
  endfacet
  facet normal 0 0 1
    outer loop
      vertex -39.3878 21.2211 2.2
      vertex -39.3514 -20.9443 2.2
      vertex -39.3514 20.9443 2.2
    endloop
  endfacet
  facet normal 0 0 1
    outer loop
      vertex -39.3878 21.2211 2.2
      vertex -39.3878 -21.2211 2.2
      vertex -39.3514 -20.9443 2.2
    endloop
  endfacet
  facet normal 0 0 1
    outer loop
      vertex -39.4 21.5 2.2
      vertex -39.3878 -21.2211 2.2
      vertex -39.3878 21.2211 2.2
    endloop
  endfacet
  facet normal 0 0 1
    outer loop
      vertex -39.3878 -21.2211 2.2
      vertex -39.4 21.5 2.2
      vertex -39.4 -21.5 2.2
    endloop
  endfacet
  facet normal 0 0 1
    outer loop
      vertex 10.5731 -20.3851 2.2
      vertex -11.0874 -62.88 2.2
      vertex -5.56489 -63.607 2.2
    endloop
  endfacet
  facet normal 0 0 1
    outer loop
      vertex 7.61493 -17.4269 2.2
      vertex -33.2998 -22.8524 2.2
      vertex -33.4287 -23.1 2.2
    endloop
  endfacet
  facet normal 0 0 1
    outer loop
      vertex 9.02944 -18.9706 2.2
      vertex -16.5256 -61.6744 2.2
      vertex -11.0874 -62.88 2.2
    endloop
  endfacet
  facet normal 0 0 1
    outer loop
      vertex 9.02944 -18.9706 2.2
      vertex -33.4287 -23.1 2.2
      vertex -16.5256 -61.6744 2.2
    endloop
  endfacet
  facet normal 0 0 1
    outer loop
      vertex -16.5256 -61.6744 2.2
      vertex -33.4287 -23.1 2.2
      vertex -21.838 -59.9994 2.2
    endloop
  endfacet
  facet normal -0 0 1
    outer loop
      vertex -33.5787 -23.3354 2.2
      vertex -21.838 -59.9994 2.2
      vertex -33.4287 -23.1 2.2
    endloop
  endfacet
  facet normal -0 0 1
    outer loop
      vertex -33.7487 -23.5569 2.2
      vertex -21.838 -59.9994 2.2
      vertex -33.5787 -23.3354 2.2
    endloop
  endfacet
  facet normal 0 0 1
    outer loop
      vertex -21.838 -59.9994 2.2
      vertex -33.7487 -23.5569 2.2
      vertex -26.9842 -57.8678 2.2
    endloop
  endfacet
  facet normal -0 0 1
    outer loop
      vertex -33.9373 -23.7627 2.2
      vertex -26.9842 -57.8678 2.2
      vertex -33.7487 -23.5569 2.2
    endloop
  endfacet
  facet normal 0 0 1
    outer loop
      vertex -26.9842 -57.8678 2.2
      vertex -33.9373 -23.7627 2.2
      vertex -31.925 -55.2957 2.2
    endloop
  endfacet
  facet normal -0 0 1
    outer loop
      vertex -34.1431 -23.9513 2.2
      vertex -31.925 -55.2957 2.2
      vertex -33.9373 -23.7627 2.2
    endloop
  endfacet
  facet normal -0 0 1
    outer loop
      vertex -34.3646 -24.1213 2.2
      vertex -31.925 -55.2957 2.2
      vertex -34.1431 -23.9513 2.2
    endloop
  endfacet
  facet normal -0 0 1
    outer loop
      vertex -34.6 -24.2713 2.2
      vertex -31.925 -55.2957 2.2
      vertex -34.3646 -24.1213 2.2
    endloop
  endfacet
  facet normal 0 0 1
    outer loop
      vertex -36.6229 -52.3029 2.2
      vertex -34.6 -24.2713 2.2
      vertex -34.8476 -24.4002 2.2
    endloop
  endfacet
  facet normal 0 0 1
    outer loop
      vertex -36.6229 -52.3029 2.2
      vertex -34.8476 -24.4002 2.2
      vertex -35.1055 -24.507 2.2
    endloop
  endfacet
  facet normal 0 0 1
    outer loop
      vertex -41.042 -48.9119 2.2
      vertex -35.1055 -24.507 2.2
      vertex -35.3718 -24.591 2.2
    endloop
  endfacet
  facet normal 0 0 1
    outer loop
      vertex -41.042 -48.9119 2.2
      vertex -35.3718 -24.591 2.2
      vertex -35.6443 -24.6514 2.2
    endloop
  endfacet
  facet normal 0 0 1
    outer loop
      vertex -41.042 -48.9119 2.2
      vertex -35.6443 -24.6514 2.2
      vertex -35.9211 -24.6878 2.2
    endloop
  endfacet
  facet normal 0 0 1
    outer loop
      vertex -45.1488 -45.1488 2.2
      vertex -35.9211 -24.6878 2.2
      vertex -36.2 -24.7 2.2
    endloop
  endfacet
  facet normal 0 0 1
    outer loop
      vertex -45.1488 -45.1488 2.2
      vertex -36.2 -24.7 2.2
      vertex -36.4789 -24.6878 2.2
    endloop
  endfacet
  facet normal 0 0 1
    outer loop
      vertex -34.6 -24.2713 2.2
      vertex -36.6229 -52.3029 2.2
      vertex -31.925 -55.2957 2.2
    endloop
  endfacet
  facet normal 0 0 1
    outer loop
      vertex -45.1488 -45.1488 2.2
      vertex -36.4789 -24.6878 2.2
      vertex -36.7557 -24.6514 2.2
    endloop
  endfacet
  facet normal 0 0 1
    outer loop
      vertex -48.9119 -41.042 2.2
      vertex -36.7557 -24.6514 2.2
      vertex -37.0282 -24.591 2.2
    endloop
  endfacet
  facet normal 0 0 1
    outer loop
      vertex -48.9119 -41.042 2.2
      vertex -37.0282 -24.591 2.2
      vertex -37.2945 -24.507 2.2
    endloop
  endfacet
  facet normal 0 0 1
    outer loop
      vertex -48.9119 -41.042 2.2
      vertex -37.2945 -24.507 2.2
      vertex -37.5524 -24.4002 2.2
    endloop
  endfacet
  facet normal 0 0 1
    outer loop
      vertex -48.9119 -41.042 2.2
      vertex -37.5524 -24.4002 2.2
      vertex -37.8 -24.2713 2.2
    endloop
  endfacet
  facet normal 0 0 1
    outer loop
      vertex -52.3029 -36.6229 2.2
      vertex -37.8 -24.2713 2.2
      vertex -38.0354 -24.1213 2.2
    endloop
  endfacet
  facet normal 0 0 1
    outer loop
      vertex -52.3029 -36.6229 2.2
      vertex -38.0354 -24.1213 2.2
      vertex -38.2569 -23.9513 2.2
    endloop
  endfacet
  facet normal 0 0 1
    outer loop
      vertex -52.3029 -36.6229 2.2
      vertex -38.2569 -23.9513 2.2
      vertex -38.4627 -23.7627 2.2
    endloop
  endfacet
  facet normal 0 0 1
    outer loop
      vertex -52.3029 -36.6229 2.2
      vertex -38.4627 -23.7627 2.2
      vertex -38.6513 -23.5569 2.2
    endloop
  endfacet
  facet normal 0 0 1
    outer loop
      vertex -55.2957 -31.925 2.2
      vertex -38.6513 -23.5569 2.2
      vertex -38.8213 -23.3354 2.2
    endloop
  endfacet
  facet normal 0 0 1
    outer loop
      vertex -55.2957 -31.925 2.2
      vertex -38.8213 -23.3354 2.2
      vertex -38.9713 -23.1 2.2
    endloop
  endfacet
  facet normal 0 0 1
    outer loop
      vertex -55.2957 -31.925 2.2
      vertex -38.9713 -23.1 2.2
      vertex -39.1002 -22.8524 2.2
    endloop
  endfacet
  facet normal 0 0 1
    outer loop
      vertex -55.2957 -31.925 2.2
      vertex -39.1002 -22.8524 2.2
      vertex -39.207 -22.5945 2.2
    endloop
  endfacet
  facet normal 0 0 1
    outer loop
      vertex -55.2957 -31.925 2.2
      vertex -39.207 -22.5945 2.2
      vertex -39.291 -22.3282 2.2
    endloop
  endfacet
  facet normal 0 0 1
    outer loop
      vertex -57.8678 -26.9842 2.2
      vertex -39.291 -22.3282 2.2
      vertex -39.3514 -22.0557 2.2
    endloop
  endfacet
  facet normal 0 0 1
    outer loop
      vertex -57.8678 -26.9842 2.2
      vertex -39.3514 -22.0557 2.2
      vertex -39.3878 -21.7789 2.2
    endloop
  endfacet
  facet normal 0 0 1
    outer loop
      vertex -35.1055 -24.507 2.2
      vertex -41.042 -48.9119 2.2
      vertex -36.6229 -52.3029 2.2
    endloop
  endfacet
  facet normal 0 0 1
    outer loop
      vertex -57.8678 -26.9842 2.2
      vertex -39.3878 -21.7789 2.2
      vertex -39.4 -21.5 2.2
    endloop
  endfacet
  facet normal -0 0 1
    outer loop
      vertex -57.8678 26.9842 2.2
      vertex -39.291 22.3282 2.2
      vertex -55.2957 31.925 2.2
    endloop
  endfacet
  facet normal 0 0 1
    outer loop
      vertex -39.291 22.3282 2.2
      vertex -57.8678 26.9842 2.2
      vertex -39.3514 22.0557 2.2
    endloop
  endfacet
  facet normal 0 0 1
    outer loop
      vertex -35.9211 -24.6878 2.2
      vertex -45.1488 -45.1488 2.2
      vertex -41.042 -48.9119 2.2
    endloop
  endfacet
  facet normal 0 0 1
    outer loop
      vertex -39.3514 22.0557 2.2
      vertex -57.8678 26.9842 2.2
      vertex -39.3878 21.7789 2.2
    endloop
  endfacet
  facet normal 0 0 1
    outer loop
      vertex -36.7557 -24.6514 2.2
      vertex -48.9119 -41.042 2.2
      vertex -45.1488 -45.1488 2.2
    endloop
  endfacet
  facet normal 0 0 1
    outer loop
      vertex -39.3878 21.7789 2.2
      vertex -57.8678 26.9842 2.2
      vertex -39.4 21.5 2.2
    endloop
  endfacet
  facet normal 0 0 1
    outer loop
      vertex -37.8 -24.2713 2.2
      vertex -52.3029 -36.6229 2.2
      vertex -48.9119 -41.042 2.2
    endloop
  endfacet
  facet normal -0 0 1
    outer loop
      vertex -59.9994 21.838 2.2
      vertex -39.4 21.5 2.2
      vertex -57.8678 26.9842 2.2
    endloop
  endfacet
  facet normal 0 0 1
    outer loop
      vertex -38.6513 -23.5569 2.2
      vertex -55.2957 -31.925 2.2
      vertex -52.3029 -36.6229 2.2
    endloop
  endfacet
  facet normal 0 0 1
    outer loop
      vertex -61.6744 16.5256 2.2
      vertex -39.4 21.5 2.2
      vertex -59.9994 21.838 2.2
    endloop
  endfacet
  facet normal 0 0 1
    outer loop
      vertex -39.291 -22.3282 2.2
      vertex -57.8678 -26.9842 2.2
      vertex -55.2957 -31.925 2.2
    endloop
  endfacet
  facet normal 0 0 1
    outer loop
      vertex -62.88 11.0874 2.2
      vertex -39.4 21.5 2.2
      vertex -61.6744 16.5256 2.2
    endloop
  endfacet
  facet normal 0 0 1
    outer loop
      vertex -39.4 -21.5 2.2
      vertex -59.9994 -21.838 2.2
      vertex -57.8678 -26.9842 2.2
    endloop
  endfacet
  facet normal 0 0 1
    outer loop
      vertex -63.607 5.56489 2.2
      vertex -39.4 21.5 2.2
      vertex -62.88 11.0874 2.2
    endloop
  endfacet
  facet normal 0 0 1
    outer loop
      vertex -39.4 -21.5 2.2
      vertex -61.6744 -16.5256 2.2
      vertex -59.9994 -21.838 2.2
    endloop
  endfacet
  facet normal 0 0 1
    outer loop
      vertex -63.85 0 2.2
      vertex -39.4 21.5 2.2
      vertex -63.607 5.56489 2.2
    endloop
  endfacet
  facet normal 0 0 1
    outer loop
      vertex -39.4 -21.5 2.2
      vertex -62.88 -11.0874 2.2
      vertex -61.6744 -16.5256 2.2
    endloop
  endfacet
  facet normal 0 0 1
    outer loop
      vertex -39.4 21.5 2.2
      vertex -63.85 0 2.2
      vertex -39.4 -21.5 2.2
    endloop
  endfacet
  facet normal 0 0 1
    outer loop
      vertex -39.4 -21.5 2.2
      vertex -63.607 -5.56489 2.2
      vertex -62.88 -11.0874 2.2
    endloop
  endfacet
  facet normal 0 0 1
    outer loop
      vertex -39.4 -21.5 2.2
      vertex -63.85 0 2.2
      vertex -63.607 -5.56489 2.2
    endloop
  endfacet
  facet normal 0 0 1
    outer loop
      vertex 15.8572 19.7514 2.2
      vertex 13.5 31 2.2
      vertex 14 18.7846 2.2
    endloop
  endfacet
  facet normal -0 0 1
    outer loop
      vertex 9.5 31 2.2
      vertex 14 18.7846 2.2
      vertex 13.5 31 2.2
    endloop
  endfacet
  facet normal 0 0 1
    outer loop
      vertex 14 18.7846 2.2
      vertex 9.5 31 2.2
      vertex 12.2342 17.6596 2.2
    endloop
  endfacet
  facet normal 0 0 1
    outer loop
      vertex 12.2342 17.6596 2.2
      vertex 9.5 31 2.2
      vertex 10.5731 16.3851 2.2
    endloop
  endfacet
  facet normal 0 0 1
    outer loop
      vertex 10.5731 16.3851 2.2
      vertex 9.5 31 2.2
      vertex 9.02944 14.9706 2.2
    endloop
  endfacet
  facet normal 0 0 -1
    outer loop
      vertex 44.5 49.2664 2.2
      vertex 43.6994 50 2.2
      vertex 44.5 50 2.2
    endloop
  endfacet
  facet normal 0 0 1
    outer loop
      vertex 33.0486 20.9443 2.2
      vertex 32.7896 21 2.2
      vertex 33.0548 20.9164 2.2
    endloop
  endfacet
  facet normal -0 0 1
    outer loop
      vertex 32.7896 21 2.2
      vertex 33.0486 20.9443 2.2
      vertex 33.0413 21 2.2
    endloop
  endfacet
  facet normal -0.953717 -0.300707 0
    outer loop
      vertex 61.6744 16.5256 2.2
      vertex 59.9994 21.838 24
      vertex 59.9994 21.838 2.2
    endloop
  endfacet
  facet normal -0.953717 -0.300707 0
    outer loop
      vertex 59.9994 21.838 24
      vertex 61.6744 16.5256 2.2
      vertex 61.6744 16.5256 24
    endloop
  endfacet
  facet normal -0.887005 -0.46176 0
    outer loop
      vertex 57.8678 26.9842 2.2
      vertex 55.2957 31.925 24
      vertex 55.2957 31.925 2.2
    endloop
  endfacet
  facet normal -0.887005 -0.46176 0
    outer loop
      vertex 55.2957 31.925 24
      vertex 57.8678 26.9842 2.2
      vertex 57.8678 26.9842 24
    endloop
  endfacet
  facet normal 0.953717 0.300707 0
    outer loop
      vertex -59.9994 -21.838 24
      vertex -61.6744 -16.5256 2.2
      vertex -61.6744 -16.5256 24
    endloop
  endfacet
  facet normal 0.953717 0.300707 0
    outer loop
      vertex -61.6744 -16.5256 2.2
      vertex -59.9994 -21.838 24
      vertex -59.9994 -21.838 2.2
    endloop
  endfacet
  facet normal 0.976297 -0.216436 0
    outer loop
      vertex -62.88 11.0874 24
      vertex -61.6744 16.5256 2.2
      vertex -61.6744 16.5256 24
    endloop
  endfacet
  facet normal 0.976297 -0.216436 0
    outer loop
      vertex -61.6744 16.5256 2.2
      vertex -62.88 11.0874 24
      vertex -62.88 11.0874 2.2
    endloop
  endfacet
  facet normal -0.999048 0.0436251 0
    outer loop
      vertex 63.607 -5.56489 2.2
      vertex 63.85 0 24
      vertex 63.85 0 2.2
    endloop
  endfacet
  facet normal -0.999048 0.0436251 0
    outer loop
      vertex 63.85 0 24
      vertex 63.607 -5.56489 2.2
      vertex 63.607 -5.56489 24
    endloop
  endfacet
  facet normal 0.675582 -0.737285 0
    outer loop
      vertex -45.1488 45.1488 2.2
      vertex -41.042 48.9119 24
      vertex -45.1488 45.1488 24
    endloop
  endfacet
  facet normal 0.675582 -0.737285 0
    outer loop
      vertex -41.042 48.9119 24
      vertex -45.1488 45.1488 2.2
      vertex -41.042 48.9119 2.2
    endloop
  endfacet
  facet normal -0.216436 -0.976297 0
    outer loop
      vertex 11.0874 62.88 2.2
      vertex 16.5256 61.6744 24
      vertex 11.0874 62.88 24
    endloop
  endfacet
  facet normal -0.216436 -0.976297 -0
    outer loop
      vertex 16.5256 61.6744 24
      vertex 11.0874 62.88 2.2
      vertex 16.5256 61.6744 2.2
    endloop
  endfacet
  facet normal 0.382679 -0.923881 0
    outer loop
      vertex -26.9842 57.8678 2.2
      vertex -21.838 59.9994 24
      vertex -26.9842 57.8678 24
    endloop
  endfacet
  facet normal 0.382679 -0.923881 0
    outer loop
      vertex -21.838 59.9994 24
      vertex -26.9842 57.8678 2.2
      vertex -21.838 59.9994 2.2
    endloop
  endfacet
  facet normal 0.999048 0.0436251 0
    outer loop
      vertex -63.607 -5.56489 24
      vertex -63.85 0 2.2
      vertex -63.85 0 24
    endloop
  endfacet
  facet normal 0.999048 0.0436251 0
    outer loop
      vertex -63.85 0 2.2
      vertex -63.607 -5.56489 24
      vertex -63.607 -5.56489 2.2
    endloop
  endfacet
  facet normal 0.0436251 -0.999048 0
    outer loop
      vertex -5.56489 63.607 2.2
      vertex 0 63.85 24
      vertex -5.56489 63.607 24
    endloop
  endfacet
  facet normal 0.0436251 -0.999048 0
    outer loop
      vertex 0 63.85 24
      vertex -5.56489 63.607 2.2
      vertex 0 63.85 2.2
    endloop
  endfacet
  facet normal -0.130517 -0.991446 0
    outer loop
      vertex 5.56489 63.607 2.2
      vertex 11.0874 62.88 24
      vertex 5.56489 63.607 24
    endloop
  endfacet
  facet normal -0.130517 -0.991446 -0
    outer loop
      vertex 11.0874 62.88 24
      vertex 5.56489 63.607 2.2
      vertex 11.0874 62.88 2.2
    endloop
  endfacet
  facet normal 0.608773 0.793344 -0
    outer loop
      vertex -36.6229 -52.3029 2.2
      vertex -41.042 -48.9119 24
      vertex -36.6229 -52.3029 24
    endloop
  endfacet
  facet normal 0.608773 0.793344 0
    outer loop
      vertex -41.042 -48.9119 24
      vertex -36.6229 -52.3029 2.2
      vertex -41.042 -48.9119 2.2
    endloop
  endfacet
  facet normal -0.382679 0.923881 0
    outer loop
      vertex 26.9842 -57.8678 2.2
      vertex 21.838 -59.9994 24
      vertex 26.9842 -57.8678 24
    endloop
  endfacet
  facet normal -0.382679 0.923881 0
    outer loop
      vertex 21.838 -59.9994 24
      vertex 26.9842 -57.8678 2.2
      vertex 21.838 -59.9994 2.2
    endloop
  endfacet
  facet normal -0.953717 0.300707 0
    outer loop
      vertex 59.9994 -21.838 2.2
      vertex 61.6744 -16.5256 24
      vertex 61.6744 -16.5256 2.2
    endloop
  endfacet
  facet normal -0.953717 0.300707 0
    outer loop
      vertex 61.6744 -16.5256 24
      vertex 59.9994 -21.838 2.2
      vertex 59.9994 -21.838 24
    endloop
  endfacet
  facet normal 0.737285 0.675582 0
    outer loop
      vertex -45.1488 -45.1488 24
      vertex -48.9119 -41.042 2.2
      vertex -48.9119 -41.042 24
    endloop
  endfacet
  facet normal 0.737285 0.675582 0
    outer loop
      vertex -48.9119 -41.042 2.2
      vertex -45.1488 -45.1488 24
      vertex -45.1488 -45.1488 2.2
    endloop
  endfacet
  facet normal -0.793344 0.608773 0
    outer loop
      vertex 48.9119 -41.042 2.2
      vertex 52.3029 -36.6229 24
      vertex 52.3029 -36.6229 2.2
    endloop
  endfacet
  facet normal -0.793344 0.608773 0
    outer loop
      vertex 52.3029 -36.6229 24
      vertex 48.9119 -41.042 2.2
      vertex 48.9119 -41.042 24
    endloop
  endfacet
  facet normal 0.991446 0.130517 0
    outer loop
      vertex -62.88 -11.0874 24
      vertex -63.607 -5.56489 2.2
      vertex -63.607 -5.56489 24
    endloop
  endfacet
  facet normal 0.991446 0.130517 0
    outer loop
      vertex -63.607 -5.56489 2.2
      vertex -62.88 -11.0874 24
      vertex -62.88 -11.0874 2.2
    endloop
  endfacet
  facet normal 0.130517 0.991446 -0
    outer loop
      vertex -5.56489 -63.607 2.2
      vertex -11.0874 -62.88 24
      vertex -5.56489 -63.607 24
    endloop
  endfacet
  facet normal 0.130517 0.991446 0
    outer loop
      vertex -11.0874 -62.88 24
      vertex -5.56489 -63.607 2.2
      vertex -11.0874 -62.88 2.2
    endloop
  endfacet
  facet normal 0.46176 -0.887005 0
    outer loop
      vertex -31.925 55.2957 2.2
      vertex -26.9842 57.8678 24
      vertex -31.925 55.2957 24
    endloop
  endfacet
  facet normal 0.46176 -0.887005 0
    outer loop
      vertex -26.9842 57.8678 24
      vertex -31.925 55.2957 2.2
      vertex -26.9842 57.8678 2.2
    endloop
  endfacet
  facet normal 0.887005 -0.46176 0
    outer loop
      vertex -57.8678 26.9842 24
      vertex -55.2957 31.925 2.2
      vertex -55.2957 31.925 24
    endloop
  endfacet
  facet normal 0.887005 -0.46176 0
    outer loop
      vertex -55.2957 31.925 2.2
      vertex -57.8678 26.9842 24
      vertex -57.8678 26.9842 2.2
    endloop
  endfacet
  facet normal -0.300707 0.953717 0
    outer loop
      vertex 21.838 -59.9994 2.2
      vertex 16.5256 -61.6744 24
      vertex 21.838 -59.9994 24
    endloop
  endfacet
  facet normal -0.300707 0.953717 0
    outer loop
      vertex 16.5256 -61.6744 24
      vertex 21.838 -59.9994 2.2
      vertex 16.5256 -61.6744 2.2
    endloop
  endfacet
  facet normal 0.300707 0.953717 -0
    outer loop
      vertex -16.5256 -61.6744 2.2
      vertex -21.838 -59.9994 24
      vertex -16.5256 -61.6744 24
    endloop
  endfacet
  facet normal 0.300707 0.953717 0
    outer loop
      vertex -21.838 -59.9994 24
      vertex -16.5256 -61.6744 2.2
      vertex -21.838 -59.9994 2.2
    endloop
  endfacet
  facet normal -0.793344 -0.608773 0
    outer loop
      vertex 52.3029 36.6229 2.2
      vertex 48.9119 41.042 24
      vertex 48.9119 41.042 2.2
    endloop
  endfacet
  facet normal -0.793344 -0.608773 0
    outer loop
      vertex 48.9119 41.042 24
      vertex 52.3029 36.6229 2.2
      vertex 52.3029 36.6229 24
    endloop
  endfacet
  facet normal 0.843399 0.537288 0
    outer loop
      vertex -52.3029 -36.6229 24
      vertex -55.2957 -31.925 2.2
      vertex -55.2957 -31.925 24
    endloop
  endfacet
  facet normal 0.843399 0.537288 0
    outer loop
      vertex -55.2957 -31.925 2.2
      vertex -52.3029 -36.6229 24
      vertex -52.3029 -36.6229 2.2
    endloop
  endfacet
  facet normal 0.382679 0.923881 -0
    outer loop
      vertex -21.838 -59.9994 2.2
      vertex -26.9842 -57.8678 24
      vertex -21.838 -59.9994 24
    endloop
  endfacet
  facet normal 0.382679 0.923881 0
    outer loop
      vertex -26.9842 -57.8678 24
      vertex -21.838 -59.9994 2.2
      vertex -26.9842 -57.8678 2.2
    endloop
  endfacet
  facet normal 0.675582 0.737285 -0
    outer loop
      vertex -41.042 -48.9119 2.2
      vertex -45.1488 -45.1488 24
      vertex -41.042 -48.9119 24
    endloop
  endfacet
  facet normal 0.675582 0.737285 0
    outer loop
      vertex -45.1488 -45.1488 24
      vertex -41.042 -48.9119 2.2
      vertex -45.1488 -45.1488 2.2
    endloop
  endfacet
  facet normal 0.0436251 0.999048 -0
    outer loop
      vertex 0 -63.85 2.2
      vertex -5.56489 -63.607 24
      vertex 0 -63.85 24
    endloop
  endfacet
  facet normal 0.0436251 0.999048 0
    outer loop
      vertex -5.56489 -63.607 24
      vertex 0 -63.85 2.2
      vertex -5.56489 -63.607 2.2
    endloop
  endfacet
  facet normal -0.675582 0.737285 0
    outer loop
      vertex 45.1488 -45.1488 2.2
      vertex 41.042 -48.9119 24
      vertex 45.1488 -45.1488 24
    endloop
  endfacet
  facet normal -0.675582 0.737285 0
    outer loop
      vertex 41.042 -48.9119 24
      vertex 45.1488 -45.1488 2.2
      vertex 41.042 -48.9119 2.2
    endloop
  endfacet
  facet normal -0.608773 0.793344 0
    outer loop
      vertex 41.042 -48.9119 2.2
      vertex 36.6229 -52.3029 24
      vertex 41.042 -48.9119 24
    endloop
  endfacet
  facet normal -0.608773 0.793344 0
    outer loop
      vertex 36.6229 -52.3029 24
      vertex 41.042 -48.9119 2.2
      vertex 36.6229 -52.3029 2.2
    endloop
  endfacet
  facet normal 0.843399 -0.537288 0
    outer loop
      vertex -55.2957 31.925 24
      vertex -52.3029 36.6229 2.2
      vertex -52.3029 36.6229 24
    endloop
  endfacet
  facet normal 0.843399 -0.537288 0
    outer loop
      vertex -52.3029 36.6229 2.2
      vertex -55.2957 31.925 24
      vertex -55.2957 31.925 2.2
    endloop
  endfacet
  facet normal -0.300707 -0.953717 0
    outer loop
      vertex 16.5256 61.6744 2.2
      vertex 21.838 59.9994 24
      vertex 16.5256 61.6744 24
    endloop
  endfacet
  facet normal -0.300707 -0.953717 -0
    outer loop
      vertex 21.838 59.9994 24
      vertex 16.5256 61.6744 2.2
      vertex 21.838 59.9994 2.2
    endloop
  endfacet
  facet normal -0.887 0.46177 0
    outer loop
      vertex -39.1002 22.8524 2.2
      vertex -38.9713 23.1 10.7
      vertex -38.9713 23.1 2.2
    endloop
  endfacet
  facet normal -0.887 0.46177 0
    outer loop
      vertex -38.9713 23.1 10.7
      vertex -39.1002 22.8524 2.2
      vertex -39.1002 22.8524 10.7
    endloop
  endfacet
  facet normal 0.991464 0.13038 0
    outer loop
      vertex -33.0122 21.7789 10.7
      vertex -33.0486 22.0557 2.2
      vertex -33.0486 22.0557 10.7
    endloop
  endfacet
  facet normal 0.991464 0.13038 0
    outer loop
      vertex -33.0486 22.0557 2.2
      vertex -33.0122 21.7789 10.7
      vertex -33.0122 21.7789 2.2
    endloop
  endfacet
  facet normal 0.999045 0.0437015 0
    outer loop
      vertex -33 21.5 10.7
      vertex -33.0122 21.7789 2.2
      vertex -33.0122 21.7789 10.7
    endloop
  endfacet
  facet normal 0.999045 0.0437015 0
    outer loop
      vertex -33.0122 21.7789 2.2
      vertex -33 21.5 10.7
      vertex -33 21.5 2.2
    endloop
  endfacet
  facet normal 0.976305 0.216399 0
    outer loop
      vertex -33.0486 22.0557 10.7
      vertex -33.109 22.3282 2.2
      vertex -33.109 22.3282 10.7
    endloop
  endfacet
  facet normal 0.976305 0.216399 0
    outer loop
      vertex -33.109 22.3282 2.2
      vertex -33.0486 22.0557 10.7
      vertex -33.0486 22.0557 2.2
    endloop
  endfacet
  facet normal -0.46177 0.887 0
    outer loop
      vertex -37.5524 24.4002 2.2
      vertex -37.8 24.2713 10.7
      vertex -37.5524 24.4002 10.7
    endloop
  endfacet
  facet normal -0.46177 0.887 0
    outer loop
      vertex -37.8 24.2713 10.7
      vertex -37.5524 24.4002 2.2
      vertex -37.8 24.2713 2.2
    endloop
  endfacet
  facet normal -0.976305 -0.216399 0
    outer loop
      vertex -39.291 20.6718 2.2
      vertex -39.3514 20.9443 10.7
      vertex -39.3514 20.9443 2.2
    endloop
  endfacet
  facet normal -0.976305 -0.216399 0
    outer loop
      vertex -39.3514 20.9443 10.7
      vertex -39.291 20.6718 2.2
      vertex -39.291 20.6718 10.7
    endloop
  endfacet
  facet normal -0.976305 0.216399 0
    outer loop
      vertex -39.3514 22.0557 2.2
      vertex -39.291 22.3282 10.7
      vertex -39.291 22.3282 2.2
    endloop
  endfacet
  facet normal -0.976305 0.216399 0
    outer loop
      vertex -39.291 22.3282 10.7
      vertex -39.3514 22.0557 2.2
      vertex -39.3514 22.0557 10.7
    endloop
  endfacet
  facet normal -0.675627 -0.737243 0
    outer loop
      vertex -38.4627 19.2373 2.2
      vertex -38.2569 19.0487 10.7
      vertex -38.4627 19.2373 10.7
    endloop
  endfacet
  facet normal -0.675627 -0.737243 -0
    outer loop
      vertex -38.2569 19.0487 10.7
      vertex -38.4627 19.2373 2.2
      vertex -38.2569 19.0487 2.2
    endloop
  endfacet
  facet normal -0.675627 0.737243 0
    outer loop
      vertex -38.2569 23.9513 2.2
      vertex -38.4627 23.7627 10.7
      vertex -38.2569 23.9513 10.7
    endloop
  endfacet
  facet normal -0.675627 0.737243 0
    outer loop
      vertex -38.4627 23.7627 10.7
      vertex -38.2569 23.9513 2.2
      vertex -38.4627 23.7627 2.2
    endloop
  endfacet
  facet normal -0.991464 -0.13038 0
    outer loop
      vertex -39.3514 20.9443 2.2
      vertex -39.3878 21.2211 10.7
      vertex -39.3878 21.2211 2.2
    endloop
  endfacet
  facet normal -0.991464 -0.13038 0
    outer loop
      vertex -39.3878 21.2211 10.7
      vertex -39.3514 20.9443 2.2
      vertex -39.3514 20.9443 10.7
    endloop
  endfacet
  facet normal 0.216399 -0.976305 0
    outer loop
      vertex -35.6443 18.3486 2.2
      vertex -35.3718 18.409 10.7
      vertex -35.6443 18.3486 10.7
    endloop
  endfacet
  facet normal 0.216399 -0.976305 0
    outer loop
      vertex -35.3718 18.409 10.7
      vertex -35.6443 18.3486 2.2
      vertex -35.3718 18.409 2.2
    endloop
  endfacet
  facet normal 0.13038 0.991464 -0
    outer loop
      vertex -35.6443 24.6514 2.2
      vertex -35.9211 24.6878 10.7
      vertex -35.6443 24.6514 10.7
    endloop
  endfacet
  facet normal 0.13038 0.991464 0
    outer loop
      vertex -35.9211 24.6878 10.7
      vertex -35.6443 24.6514 2.2
      vertex -35.9211 24.6878 2.2
    endloop
  endfacet
  facet normal -0.608845 -0.793289 0
    outer loop
      vertex -38.2569 19.0487 2.2
      vertex -38.0354 18.8787 10.7
      vertex -38.2569 19.0487 10.7
    endloop
  endfacet
  facet normal -0.608845 -0.793289 -0
    outer loop
      vertex -38.0354 18.8787 10.7
      vertex -38.2569 19.0487 2.2
      vertex -38.0354 18.8787 2.2
    endloop
  endfacet
  facet normal -0.537385 -0.843337 0
    outer loop
      vertex -38.0354 18.8787 2.2
      vertex -37.8 18.7287 10.7
      vertex -38.0354 18.8787 10.7
    endloop
  endfacet
  facet normal -0.537385 -0.843337 -0
    outer loop
      vertex -37.8 18.7287 10.7
      vertex -38.0354 18.8787 2.2
      vertex -37.8 18.7287 2.2
    endloop
  endfacet
  facet normal -0.216399 0.976305 0
    outer loop
      vertex -36.7557 24.6514 2.2
      vertex -37.0282 24.591 10.7
      vertex -36.7557 24.6514 10.7
    endloop
  endfacet
  facet normal -0.216399 0.976305 0
    outer loop
      vertex -37.0282 24.591 10.7
      vertex -36.7557 24.6514 2.2
      vertex -37.0282 24.591 2.2
    endloop
  endfacet
  facet normal 0.999045 -0.0437015 0
    outer loop
      vertex -33.0122 21.2211 10.7
      vertex -33 21.5 2.2
      vertex -33 21.5 10.7
    endloop
  endfacet
  facet normal 0.999045 -0.0437015 0
    outer loop
      vertex -33 21.5 2.2
      vertex -33.0122 21.2211 10.7
      vertex -33.0122 21.2211 2.2
    endloop
  endfacet
  facet normal 0.793289 -0.608845 0
    outer loop
      vertex -33.7487 19.4431 10.7
      vertex -33.5787 19.6646 2.2
      vertex -33.5787 19.6646 10.7
    endloop
  endfacet
  facet normal 0.793289 -0.608845 0
    outer loop
      vertex -33.5787 19.6646 2.2
      vertex -33.7487 19.4431 10.7
      vertex -33.7487 19.4431 2.2
    endloop
  endfacet
  facet normal -0.923912 -0.382605 0
    outer loop
      vertex -39.1002 20.1476 2.2
      vertex -39.207 20.4055 10.7
      vertex -39.207 20.4055 2.2
    endloop
  endfacet
  facet normal -0.923912 -0.382605 0
    outer loop
      vertex -39.207 20.4055 10.7
      vertex -39.1002 20.1476 2.2
      vertex -39.1002 20.1476 10.7
    endloop
  endfacet
  facet normal 0 0 1
    outer loop
      vertex -35.025 21.5 10.7
      vertex -33 21.5 10.7
      vertex -33.0122 21.7789 10.7
    endloop
  endfacet
  facet normal 0 0 1
    outer loop
      vertex -35.0295 21.6024 10.7
      vertex -33.0122 21.7789 10.7
      vertex -33.0486 22.0557 10.7
    endloop
  endfacet
  facet normal 0 0 1
    outer loop
      vertex -33 21.5 10.7
      vertex -35.025 21.5 10.7
      vertex -33.0122 21.2211 10.7
    endloop
  endfacet
  facet normal 0 0 1
    outer loop
      vertex -35.0429 21.704 10.7
      vertex -33.0486 22.0557 10.7
      vertex -33.109 22.3282 10.7
    endloop
  endfacet
  facet normal -0 0 1
    outer loop
      vertex -35.0295 21.3976 10.7
      vertex -33.0122 21.2211 10.7
      vertex -35.025 21.5 10.7
    endloop
  endfacet
  facet normal 0 0 1
    outer loop
      vertex -35.065 21.8041 10.7
      vertex -33.109 22.3282 10.7
      vertex -33.193 22.5945 10.7
    endloop
  endfacet
  facet normal 0 0 1
    outer loop
      vertex -33.0122 21.2211 10.7
      vertex -35.0295 21.3976 10.7
      vertex -33.0486 20.9443 10.7
    endloop
  endfacet
  facet normal 0 0 1
    outer loop
      vertex -35.0959 21.9019 10.7
      vertex -33.193 22.5945 10.7
      vertex -33.2998 22.8524 10.7
    endloop
  endfacet
  facet normal -0 0 1
    outer loop
      vertex -35.0429 21.296 10.7
      vertex -33.0486 20.9443 10.7
      vertex -35.0295 21.3976 10.7
    endloop
  endfacet
  facet normal 0 0 1
    outer loop
      vertex -35.1351 21.9966 10.7
      vertex -33.2998 22.8524 10.7
      vertex -33.4287 23.1 10.7
    endloop
  endfacet
  facet normal 0 0 1
    outer loop
      vertex -33.0486 20.9443 10.7
      vertex -35.0429 21.296 10.7
      vertex -33.109 20.6718 10.7
    endloop
  endfacet
  facet normal 0 0 1
    outer loop
      vertex -35.1824 22.0875 10.7
      vertex -33.4287 23.1 10.7
      vertex -33.5787 23.3354 10.7
    endloop
  endfacet
  facet normal -0 0 1
    outer loop
      vertex -35.065 21.1959 10.7
      vertex -33.109 20.6718 10.7
      vertex -35.0429 21.296 10.7
    endloop
  endfacet
  facet normal 0 0 1
    outer loop
      vertex -35.2375 22.174 10.7
      vertex -33.5787 23.3354 10.7
      vertex -33.7487 23.5569 10.7
    endloop
  endfacet
  facet normal 0 0 1
    outer loop
      vertex -33.109 20.6718 10.7
      vertex -35.065 21.1959 10.7
      vertex -33.193 20.4055 10.7
    endloop
  endfacet
  facet normal 0 0 1
    outer loop
      vertex -35.2999 22.2553 10.7
      vertex -33.7487 23.5569 10.7
      vertex -33.9373 23.7627 10.7
    endloop
  endfacet
  facet normal -0 0 1
    outer loop
      vertex -35.0959 21.0981 10.7
      vertex -33.193 20.4055 10.7
      vertex -35.065 21.1959 10.7
    endloop
  endfacet
  facet normal 0 0 1
    outer loop
      vertex -35.3691 22.3308 10.7
      vertex -33.9373 23.7627 10.7
      vertex -34.1431 23.9513 10.7
    endloop
  endfacet
  facet normal 0 0 1
    outer loop
      vertex -33.193 20.4055 10.7
      vertex -35.0959 21.0981 10.7
      vertex -33.2998 20.1476 10.7
    endloop
  endfacet
  facet normal 0 0 1
    outer loop
      vertex -35.4447 22.4001 10.7
      vertex -34.1431 23.9513 10.7
      vertex -34.3646 24.1213 10.7
    endloop
  endfacet
  facet normal -0 0 1
    outer loop
      vertex -35.1351 21.0034 10.7
      vertex -33.2998 20.1476 10.7
      vertex -35.0959 21.0981 10.7
    endloop
  endfacet
  facet normal 0 0 1
    outer loop
      vertex -35.526 22.4625 10.7
      vertex -34.3646 24.1213 10.7
      vertex -34.6 24.2713 10.7
    endloop
  endfacet
  facet normal 0 0 1
    outer loop
      vertex -33.2998 20.1476 10.7
      vertex -35.1351 21.0034 10.7
      vertex -33.4287 19.9 10.7
    endloop
  endfacet
  facet normal 0 0 1
    outer loop
      vertex -35.6125 22.5176 10.7
      vertex -34.6 24.2713 10.7
      vertex -34.8476 24.4002 10.7
    endloop
  endfacet
  facet normal -0 0 1
    outer loop
      vertex -35.1824 20.9125 10.7
      vertex -33.4287 19.9 10.7
      vertex -35.1351 21.0034 10.7
    endloop
  endfacet
  facet normal 0 0 1
    outer loop
      vertex -33.4287 19.9 10.7
      vertex -35.1824 20.9125 10.7
      vertex -33.5787 19.6646 10.7
    endloop
  endfacet
  facet normal 0 0 1
    outer loop
      vertex -33.0122 21.7789 10.7
      vertex -35.0295 21.6024 10.7
      vertex -35.025 21.5 10.7
    endloop
  endfacet
  facet normal 0 0 1
    outer loop
      vertex -33.0486 22.0557 10.7
      vertex -35.0429 21.704 10.7
      vertex -35.0295 21.6024 10.7
    endloop
  endfacet
  facet normal 0 0 1
    outer loop
      vertex -33.109 22.3282 10.7
      vertex -35.065 21.8041 10.7
      vertex -35.0429 21.704 10.7
    endloop
  endfacet
  facet normal 0 0 1
    outer loop
      vertex -33.193 22.5945 10.7
      vertex -35.0959 21.9019 10.7
      vertex -35.065 21.8041 10.7
    endloop
  endfacet
  facet normal 0 0 1
    outer loop
      vertex -35.7034 22.5649 10.7
      vertex -34.8476 24.4002 10.7
      vertex -35.1055 24.507 10.7
    endloop
  endfacet
  facet normal 0 0 1
    outer loop
      vertex -33.2998 22.8524 10.7
      vertex -35.1351 21.9966 10.7
      vertex -35.0959 21.9019 10.7
    endloop
  endfacet
  facet normal 0 0 1
    outer loop
      vertex -33.4287 23.1 10.7
      vertex -35.1824 22.0875 10.7
      vertex -35.1351 21.9966 10.7
    endloop
  endfacet
  facet normal 0 0 1
    outer loop
      vertex -33.5787 23.3354 10.7
      vertex -35.2375 22.174 10.7
      vertex -35.1824 22.0875 10.7
    endloop
  endfacet
  facet normal 0 0 1
    outer loop
      vertex -33.7487 23.5569 10.7
      vertex -35.2999 22.2553 10.7
      vertex -35.2375 22.174 10.7
    endloop
  endfacet
  facet normal 0 0 1
    outer loop
      vertex -33.9373 23.7627 10.7
      vertex -35.3691 22.3308 10.7
      vertex -35.2999 22.2553 10.7
    endloop
  endfacet
  facet normal 0 0 1
    outer loop
      vertex -35.7981 22.6041 10.7
      vertex -35.1055 24.507 10.7
      vertex -35.3718 24.591 10.7
    endloop
  endfacet
  facet normal 0 0 1
    outer loop
      vertex -34.1431 23.9513 10.7
      vertex -35.4447 22.4001 10.7
      vertex -35.3691 22.3308 10.7
    endloop
  endfacet
  facet normal 0 0 1
    outer loop
      vertex -34.3646 24.1213 10.7
      vertex -35.526 22.4625 10.7
      vertex -35.4447 22.4001 10.7
    endloop
  endfacet
  facet normal 0 0 1
    outer loop
      vertex -34.6 24.2713 10.7
      vertex -35.6125 22.5176 10.7
      vertex -35.526 22.4625 10.7
    endloop
  endfacet
  facet normal 0 0 1
    outer loop
      vertex -35.8959 22.635 10.7
      vertex -35.3718 24.591 10.7
      vertex -35.6443 24.6514 10.7
    endloop
  endfacet
  facet normal 0 0 1
    outer loop
      vertex -34.8476 24.4002 10.7
      vertex -35.7034 22.5649 10.7
      vertex -35.6125 22.5176 10.7
    endloop
  endfacet
  facet normal 0 0 1
    outer loop
      vertex -35.1055 24.507 10.7
      vertex -35.7981 22.6041 10.7
      vertex -35.7034 22.5649 10.7
    endloop
  endfacet
  facet normal 0 0 1
    outer loop
      vertex -35.3718 24.591 10.7
      vertex -35.8959 22.635 10.7
      vertex -35.7981 22.6041 10.7
    endloop
  endfacet
  facet normal 0 0 1
    outer loop
      vertex -35.996 22.6571 10.7
      vertex -35.6443 24.6514 10.7
      vertex -35.9211 24.6878 10.7
    endloop
  endfacet
  facet normal 0 0 1
    outer loop
      vertex -35.6443 24.6514 10.7
      vertex -35.996 22.6571 10.7
      vertex -35.8959 22.635 10.7
    endloop
  endfacet
  facet normal 0 0 1
    outer loop
      vertex -35.9211 24.6878 10.7
      vertex -36.0976 22.6705 10.7
      vertex -35.996 22.6571 10.7
    endloop
  endfacet
  facet normal 0 0 1
    outer loop
      vertex -36.2 24.7 10.7
      vertex -36.0976 22.6705 10.7
      vertex -35.9211 24.6878 10.7
    endloop
  endfacet
  facet normal 0 0 1
    outer loop
      vertex -36.2 24.7 10.7
      vertex -36.2 22.675 10.7
      vertex -36.0976 22.6705 10.7
    endloop
  endfacet
  facet normal 0 0 1
    outer loop
      vertex -36.2 24.7 10.7
      vertex -36.3024 22.6705 10.7
      vertex -36.2 22.675 10.7
    endloop
  endfacet
  facet normal -0 0 1
    outer loop
      vertex -36.4789 24.6878 10.7
      vertex -36.3024 22.6705 10.7
      vertex -36.2 24.7 10.7
    endloop
  endfacet
  facet normal 0 0 1
    outer loop
      vertex -36.3024 22.6705 10.7
      vertex -36.4789 24.6878 10.7
      vertex -36.404 22.6571 10.7
    endloop
  endfacet
  facet normal -0 0 1
    outer loop
      vertex -36.7557 24.6514 10.7
      vertex -36.404 22.6571 10.7
      vertex -36.4789 24.6878 10.7
    endloop
  endfacet
  facet normal 0 0 1
    outer loop
      vertex -36.404 22.6571 10.7
      vertex -36.7557 24.6514 10.7
      vertex -36.5041 22.635 10.7
    endloop
  endfacet
  facet normal -0 0 1
    outer loop
      vertex -37.0282 24.591 10.7
      vertex -36.5041 22.635 10.7
      vertex -36.7557 24.6514 10.7
    endloop
  endfacet
  facet normal 0 0 1
    outer loop
      vertex -36.5041 22.635 10.7
      vertex -37.0282 24.591 10.7
      vertex -36.6019 22.6041 10.7
    endloop
  endfacet
  facet normal -0 0 1
    outer loop
      vertex -37.2945 24.507 10.7
      vertex -36.6019 22.6041 10.7
      vertex -37.0282 24.591 10.7
    endloop
  endfacet
  facet normal 0 0 1
    outer loop
      vertex -36.6019 22.6041 10.7
      vertex -37.2945 24.507 10.7
      vertex -36.6966 22.5649 10.7
    endloop
  endfacet
  facet normal -0 0 1
    outer loop
      vertex -37.5524 24.4002 10.7
      vertex -36.6966 22.5649 10.7
      vertex -37.2945 24.507 10.7
    endloop
  endfacet
  facet normal 0 0 1
    outer loop
      vertex -36.6966 22.5649 10.7
      vertex -37.5524 24.4002 10.7
      vertex -36.7875 22.5176 10.7
    endloop
  endfacet
  facet normal -0 0 1
    outer loop
      vertex -37.8 24.2713 10.7
      vertex -36.7875 22.5176 10.7
      vertex -37.5524 24.4002 10.7
    endloop
  endfacet
  facet normal 0 0 1
    outer loop
      vertex -36.7875 22.5176 10.7
      vertex -37.8 24.2713 10.7
      vertex -36.874 22.4625 10.7
    endloop
  endfacet
  facet normal -0 0 1
    outer loop
      vertex -38.0354 24.1213 10.7
      vertex -36.874 22.4625 10.7
      vertex -37.8 24.2713 10.7
    endloop
  endfacet
  facet normal 0 0 1
    outer loop
      vertex -36.874 22.4625 10.7
      vertex -38.0354 24.1213 10.7
      vertex -36.9553 22.4001 10.7
    endloop
  endfacet
  facet normal -0 0 1
    outer loop
      vertex -38.2569 23.9513 10.7
      vertex -36.9553 22.4001 10.7
      vertex -38.0354 24.1213 10.7
    endloop
  endfacet
  facet normal 0 0 1
    outer loop
      vertex -36.9553 22.4001 10.7
      vertex -38.2569 23.9513 10.7
      vertex -37.0308 22.3308 10.7
    endloop
  endfacet
  facet normal -0 0 1
    outer loop
      vertex -38.4627 23.7627 10.7
      vertex -37.0308 22.3308 10.7
      vertex -38.2569 23.9513 10.7
    endloop
  endfacet
  facet normal 0 0 1
    outer loop
      vertex -37.0308 22.3308 10.7
      vertex -38.4627 23.7627 10.7
      vertex -37.1001 22.2553 10.7
    endloop
  endfacet
  facet normal -0 0 1
    outer loop
      vertex -38.6513 23.5569 10.7
      vertex -37.1001 22.2553 10.7
      vertex -38.4627 23.7627 10.7
    endloop
  endfacet
  facet normal 0 0 1
    outer loop
      vertex -37.1001 22.2553 10.7
      vertex -38.6513 23.5569 10.7
      vertex -37.1625 22.174 10.7
    endloop
  endfacet
  facet normal -0 0 1
    outer loop
      vertex -38.8213 23.3354 10.7
      vertex -37.1625 22.174 10.7
      vertex -38.6513 23.5569 10.7
    endloop
  endfacet
  facet normal 0 0 1
    outer loop
      vertex -37.1625 22.174 10.7
      vertex -38.8213 23.3354 10.7
      vertex -37.2176 22.0875 10.7
    endloop
  endfacet
  facet normal -0 0 1
    outer loop
      vertex -35.2375 20.826 10.7
      vertex -33.5787 19.6646 10.7
      vertex -35.1824 20.9125 10.7
    endloop
  endfacet
  facet normal 0 0 1
    outer loop
      vertex -33.5787 19.6646 10.7
      vertex -35.2375 20.826 10.7
      vertex -33.7487 19.4431 10.7
    endloop
  endfacet
  facet normal -0 0 1
    outer loop
      vertex -35.2999 20.7447 10.7
      vertex -33.7487 19.4431 10.7
      vertex -35.2375 20.826 10.7
    endloop
  endfacet
  facet normal 0 0 1
    outer loop
      vertex -33.7487 19.4431 10.7
      vertex -35.2999 20.7447 10.7
      vertex -33.9373 19.2373 10.7
    endloop
  endfacet
  facet normal -0 0 1
    outer loop
      vertex -35.3691 20.6691 10.7
      vertex -33.9373 19.2373 10.7
      vertex -35.2999 20.7447 10.7
    endloop
  endfacet
  facet normal 0 0 1
    outer loop
      vertex -33.9373 19.2373 10.7
      vertex -35.3691 20.6691 10.7
      vertex -34.1431 19.0487 10.7
    endloop
  endfacet
  facet normal -0 0 1
    outer loop
      vertex -35.4447 20.5999 10.7
      vertex -34.1431 19.0487 10.7
      vertex -35.3691 20.6691 10.7
    endloop
  endfacet
  facet normal 0 0 1
    outer loop
      vertex -34.1431 19.0487 10.7
      vertex -35.4447 20.5999 10.7
      vertex -34.3646 18.8787 10.7
    endloop
  endfacet
  facet normal -0 0 1
    outer loop
      vertex -35.526 20.5375 10.7
      vertex -34.3646 18.8787 10.7
      vertex -35.4447 20.5999 10.7
    endloop
  endfacet
  facet normal 0 0 1
    outer loop
      vertex -34.3646 18.8787 10.7
      vertex -35.526 20.5375 10.7
      vertex -34.6 18.7287 10.7
    endloop
  endfacet
  facet normal -0 0 1
    outer loop
      vertex -35.6125 20.4824 10.7
      vertex -34.6 18.7287 10.7
      vertex -35.526 20.5375 10.7
    endloop
  endfacet
  facet normal 0 0 1
    outer loop
      vertex -34.6 18.7287 10.7
      vertex -35.6125 20.4824 10.7
      vertex -34.8476 18.5998 10.7
    endloop
  endfacet
  facet normal -0 0 1
    outer loop
      vertex -35.7034 20.4351 10.7
      vertex -34.8476 18.5998 10.7
      vertex -35.6125 20.4824 10.7
    endloop
  endfacet
  facet normal 0 0 1
    outer loop
      vertex -34.8476 18.5998 10.7
      vertex -35.7034 20.4351 10.7
      vertex -35.1055 18.493 10.7
    endloop
  endfacet
  facet normal -0 0 1
    outer loop
      vertex -35.7981 20.3959 10.7
      vertex -35.1055 18.493 10.7
      vertex -35.7034 20.4351 10.7
    endloop
  endfacet
  facet normal 0 0 1
    outer loop
      vertex -35.1055 18.493 10.7
      vertex -35.7981 20.3959 10.7
      vertex -35.3718 18.409 10.7
    endloop
  endfacet
  facet normal -0 0 1
    outer loop
      vertex -35.8959 20.365 10.7
      vertex -35.3718 18.409 10.7
      vertex -35.7981 20.3959 10.7
    endloop
  endfacet
  facet normal 0 0 1
    outer loop
      vertex -35.3718 18.409 10.7
      vertex -35.8959 20.365 10.7
      vertex -35.6443 18.3486 10.7
    endloop
  endfacet
  facet normal -0 0 1
    outer loop
      vertex -35.996 20.3428 10.7
      vertex -35.6443 18.3486 10.7
      vertex -35.8959 20.365 10.7
    endloop
  endfacet
  facet normal 0 0 1
    outer loop
      vertex -35.6443 18.3486 10.7
      vertex -35.996 20.3428 10.7
      vertex -35.9211 18.3122 10.7
    endloop
  endfacet
  facet normal -0 0 1
    outer loop
      vertex -36.0976 20.3295 10.7
      vertex -35.9211 18.3122 10.7
      vertex -35.996 20.3428 10.7
    endloop
  endfacet
  facet normal -0 0 1
    outer loop
      vertex -36.2 20.325 10.7
      vertex -35.9211 18.3122 10.7
      vertex -36.0976 20.3295 10.7
    endloop
  endfacet
  facet normal 0 0 1
    outer loop
      vertex -36.2 20.325 10.7
      vertex -36.2 18.3 10.7
      vertex -35.9211 18.3122 10.7
    endloop
  endfacet
  facet normal 0 0 1
    outer loop
      vertex -36.3024 20.3295 10.7
      vertex -36.2 18.3 10.7
      vertex -36.2 20.325 10.7
    endloop
  endfacet
  facet normal 0 0 1
    outer loop
      vertex -36.4789 18.3122 10.7
      vertex -36.3024 20.3295 10.7
      vertex -36.404 20.3428 10.7
    endloop
  endfacet
  facet normal 0 0 1
    outer loop
      vertex -36.3024 20.3295 10.7
      vertex -36.4789 18.3122 10.7
      vertex -36.2 18.3 10.7
    endloop
  endfacet
  facet normal 0 0 1
    outer loop
      vertex -36.7557 18.3486 10.7
      vertex -36.404 20.3428 10.7
      vertex -36.5041 20.365 10.7
    endloop
  endfacet
  facet normal 0 0 1
    outer loop
      vertex -37.0282 18.409 10.7
      vertex -36.5041 20.365 10.7
      vertex -36.6019 20.3959 10.7
    endloop
  endfacet
  facet normal 0 0 1
    outer loop
      vertex -37.2945 18.493 10.7
      vertex -36.6019 20.3959 10.7
      vertex -36.6966 20.4351 10.7
    endloop
  endfacet
  facet normal 0 0 1
    outer loop
      vertex -36.404 20.3428 10.7
      vertex -36.7557 18.3486 10.7
      vertex -36.4789 18.3122 10.7
    endloop
  endfacet
  facet normal 0 0 1
    outer loop
      vertex -37.5524 18.5998 10.7
      vertex -36.6966 20.4351 10.7
      vertex -36.7875 20.4824 10.7
    endloop
  endfacet
  facet normal 0 0 1
    outer loop
      vertex -37.8 18.7287 10.7
      vertex -36.7875 20.4824 10.7
      vertex -36.874 20.5375 10.7
    endloop
  endfacet
  facet normal 0 0 1
    outer loop
      vertex -38.0354 18.8787 10.7
      vertex -36.874 20.5375 10.7
      vertex -36.9553 20.5999 10.7
    endloop
  endfacet
  facet normal 0 0 1
    outer loop
      vertex -36.5041 20.365 10.7
      vertex -37.0282 18.409 10.7
      vertex -36.7557 18.3486 10.7
    endloop
  endfacet
  facet normal 0 0 1
    outer loop
      vertex -38.2569 19.0487 10.7
      vertex -36.9553 20.5999 10.7
      vertex -37.0308 20.6691 10.7
    endloop
  endfacet
  facet normal 0 0 1
    outer loop
      vertex -38.4627 19.2373 10.7
      vertex -37.0308 20.6691 10.7
      vertex -37.1001 20.7447 10.7
    endloop
  endfacet
  facet normal 0 0 1
    outer loop
      vertex -38.6513 19.4431 10.7
      vertex -37.1001 20.7447 10.7
      vertex -37.1625 20.826 10.7
    endloop
  endfacet
  facet normal 0 0 1
    outer loop
      vertex -38.8213 19.6646 10.7
      vertex -37.1625 20.826 10.7
      vertex -37.2176 20.9125 10.7
    endloop
  endfacet
  facet normal 0 0 1
    outer loop
      vertex -38.9713 19.9 10.7
      vertex -37.2176 20.9125 10.7
      vertex -37.2649 21.0034 10.7
    endloop
  endfacet
  facet normal 0 0 1
    outer loop
      vertex -36.6019 20.3959 10.7
      vertex -37.2945 18.493 10.7
      vertex -37.0282 18.409 10.7
    endloop
  endfacet
  facet normal 0 0 1
    outer loop
      vertex -39.1002 20.1476 10.7
      vertex -37.2649 21.0034 10.7
      vertex -37.3041 21.0981 10.7
    endloop
  endfacet
  facet normal 0 0 1
    outer loop
      vertex -39.207 20.4055 10.7
      vertex -37.3041 21.0981 10.7
      vertex -37.335 21.1959 10.7
    endloop
  endfacet
  facet normal 0 0 1
    outer loop
      vertex -39.291 20.6718 10.7
      vertex -37.335 21.1959 10.7
      vertex -37.3571 21.296 10.7
    endloop
  endfacet
  facet normal 0 0 1
    outer loop
      vertex -39.3514 20.9443 10.7
      vertex -37.3571 21.296 10.7
      vertex -37.3705 21.3976 10.7
    endloop
  endfacet
  facet normal 0 0 1
    outer loop
      vertex -39.3878 21.2211 10.7
      vertex -37.3705 21.3976 10.7
      vertex -37.375 21.5 10.7
    endloop
  endfacet
  facet normal -0 0 1
    outer loop
      vertex -38.9713 23.1 10.7
      vertex -37.2176 22.0875 10.7
      vertex -38.8213 23.3354 10.7
    endloop
  endfacet
  facet normal 0 0 1
    outer loop
      vertex -36.6966 20.4351 10.7
      vertex -37.5524 18.5998 10.7
      vertex -37.2945 18.493 10.7
    endloop
  endfacet
  facet normal 0 0 1
    outer loop
      vertex -37.2176 22.0875 10.7
      vertex -38.9713 23.1 10.7
      vertex -37.2649 21.9966 10.7
    endloop
  endfacet
  facet normal 0 0 1
    outer loop
      vertex -36.7875 20.4824 10.7
      vertex -37.8 18.7287 10.7
      vertex -37.5524 18.5998 10.7
    endloop
  endfacet
  facet normal -0 0 1
    outer loop
      vertex -39.1002 22.8524 10.7
      vertex -37.2649 21.9966 10.7
      vertex -38.9713 23.1 10.7
    endloop
  endfacet
  facet normal 0 0 1
    outer loop
      vertex -36.874 20.5375 10.7
      vertex -38.0354 18.8787 10.7
      vertex -37.8 18.7287 10.7
    endloop
  endfacet
  facet normal 0 0 1
    outer loop
      vertex -37.2649 21.9966 10.7
      vertex -39.1002 22.8524 10.7
      vertex -37.3041 21.9019 10.7
    endloop
  endfacet
  facet normal 0 0 1
    outer loop
      vertex -36.9553 20.5999 10.7
      vertex -38.2569 19.0487 10.7
      vertex -38.0354 18.8787 10.7
    endloop
  endfacet
  facet normal -0 0 1
    outer loop
      vertex -39.207 22.5945 10.7
      vertex -37.3041 21.9019 10.7
      vertex -39.1002 22.8524 10.7
    endloop
  endfacet
  facet normal 0 0 1
    outer loop
      vertex -37.0308 20.6691 10.7
      vertex -38.4627 19.2373 10.7
      vertex -38.2569 19.0487 10.7
    endloop
  endfacet
  facet normal 0 0 1
    outer loop
      vertex -37.3041 21.9019 10.7
      vertex -39.207 22.5945 10.7
      vertex -37.335 21.8041 10.7
    endloop
  endfacet
  facet normal 0 0 1
    outer loop
      vertex -37.1001 20.7447 10.7
      vertex -38.6513 19.4431 10.7
      vertex -38.4627 19.2373 10.7
    endloop
  endfacet
  facet normal -0 0 1
    outer loop
      vertex -39.291 22.3282 10.7
      vertex -37.335 21.8041 10.7
      vertex -39.207 22.5945 10.7
    endloop
  endfacet
  facet normal 0 0 1
    outer loop
      vertex -37.1625 20.826 10.7
      vertex -38.8213 19.6646 10.7
      vertex -38.6513 19.4431 10.7
    endloop
  endfacet
  facet normal 0 0 1
    outer loop
      vertex -37.335 21.8041 10.7
      vertex -39.291 22.3282 10.7
      vertex -37.3571 21.704 10.7
    endloop
  endfacet
  facet normal 0 0 1
    outer loop
      vertex -37.2176 20.9125 10.7
      vertex -38.9713 19.9 10.7
      vertex -38.8213 19.6646 10.7
    endloop
  endfacet
  facet normal -0 0 1
    outer loop
      vertex -39.3514 22.0557 10.7
      vertex -37.3571 21.704 10.7
      vertex -39.291 22.3282 10.7
    endloop
  endfacet
  facet normal 0 0 1
    outer loop
      vertex -37.2649 21.0034 10.7
      vertex -39.1002 20.1476 10.7
      vertex -38.9713 19.9 10.7
    endloop
  endfacet
  facet normal 0 0 1
    outer loop
      vertex -37.3571 21.704 10.7
      vertex -39.3514 22.0557 10.7
      vertex -37.3705 21.6024 10.7
    endloop
  endfacet
  facet normal 0 0 1
    outer loop
      vertex -37.3041 21.0981 10.7
      vertex -39.207 20.4055 10.7
      vertex -39.1002 20.1476 10.7
    endloop
  endfacet
  facet normal -0 0 1
    outer loop
      vertex -39.3878 21.7789 10.7
      vertex -37.3705 21.6024 10.7
      vertex -39.3514 22.0557 10.7
    endloop
  endfacet
  facet normal 0 0 1
    outer loop
      vertex -37.335 21.1959 10.7
      vertex -39.291 20.6718 10.7
      vertex -39.207 20.4055 10.7
    endloop
  endfacet
  facet normal 0 0 1
    outer loop
      vertex -37.3705 21.6024 10.7
      vertex -39.3878 21.7789 10.7
      vertex -37.375 21.5 10.7
    endloop
  endfacet
  facet normal 0 0 1
    outer loop
      vertex -37.3571 21.296 10.7
      vertex -39.3514 20.9443 10.7
      vertex -39.291 20.6718 10.7
    endloop
  endfacet
  facet normal 0 0 1
    outer loop
      vertex -39.4 21.5 10.7
      vertex -37.375 21.5 10.7
      vertex -39.3878 21.7789 10.7
    endloop
  endfacet
  facet normal 0 0 1
    outer loop
      vertex -37.3705 21.3976 10.7
      vertex -39.3878 21.2211 10.7
      vertex -39.3514 20.9443 10.7
    endloop
  endfacet
  facet normal 0 0 1
    outer loop
      vertex -37.375 21.5 10.7
      vertex -39.4 21.5 10.7
      vertex -39.3878 21.2211 10.7
    endloop
  endfacet
  facet normal -0.95368 -0.300823 0
    outer loop
      vertex -39.207 20.4055 2.2
      vertex -39.291 20.6718 10.7
      vertex -39.291 20.6718 2.2
    endloop
  endfacet
  facet normal -0.95368 -0.300823 0
    outer loop
      vertex -39.291 20.6718 10.7
      vertex -39.207 20.4055 2.2
      vertex -39.207 20.4055 10.7
    endloop
  endfacet
  facet normal -0.991464 0.13038 0
    outer loop
      vertex -39.3878 21.7789 2.2
      vertex -39.3514 22.0557 10.7
      vertex -39.3514 22.0557 2.2
    endloop
  endfacet
  facet normal -0.991464 0.13038 0
    outer loop
      vertex -39.3514 22.0557 10.7
      vertex -39.3878 21.7789 2.2
      vertex -39.3878 21.7789 10.7
    endloop
  endfacet
  facet normal 0.737243 0.675627 0
    outer loop
      vertex -33.7487 23.5569 10.7
      vertex -33.9373 23.7627 2.2
      vertex -33.9373 23.7627 10.7
    endloop
  endfacet
  facet normal 0.737243 0.675627 0
    outer loop
      vertex -33.9373 23.7627 2.2
      vertex -33.7487 23.5569 10.7
      vertex -33.7487 23.5569 2.2
    endloop
  endfacet
  facet normal -0.608845 0.793289 0
    outer loop
      vertex -38.0354 24.1213 2.2
      vertex -38.2569 23.9513 10.7
      vertex -38.0354 24.1213 10.7
    endloop
  endfacet
  facet normal -0.608845 0.793289 0
    outer loop
      vertex -38.2569 23.9513 10.7
      vertex -38.0354 24.1213 2.2
      vertex -38.2569 23.9513 2.2
    endloop
  endfacet
  facet normal 0.608845 0.793289 -0
    outer loop
      vertex -34.1431 23.9513 2.2
      vertex -34.3646 24.1213 10.7
      vertex -34.1431 23.9513 10.7
    endloop
  endfacet
  facet normal 0.608845 0.793289 0
    outer loop
      vertex -34.3646 24.1213 10.7
      vertex -34.1431 23.9513 2.2
      vertex -34.3646 24.1213 2.2
    endloop
  endfacet
  facet normal 0.95368 0.300823 0
    outer loop
      vertex -33.109 22.3282 10.7
      vertex -33.193 22.5945 2.2
      vertex -33.193 22.5945 10.7
    endloop
  endfacet
  facet normal 0.95368 0.300823 0
    outer loop
      vertex -33.193 22.5945 2.2
      vertex -33.109 22.3282 10.7
      vertex -33.109 22.3282 2.2
    endloop
  endfacet
  facet normal -0.300823 0.95368 0
    outer loop
      vertex -37.0282 24.591 2.2
      vertex -37.2945 24.507 10.7
      vertex -37.0282 24.591 10.7
    endloop
  endfacet
  facet normal -0.300823 0.95368 0
    outer loop
      vertex -37.2945 24.507 10.7
      vertex -37.0282 24.591 2.2
      vertex -37.2945 24.507 2.2
    endloop
  endfacet
  facet normal 0.46177 0.887 -0
    outer loop
      vertex -34.6 24.2713 2.2
      vertex -34.8476 24.4002 10.7
      vertex -34.6 24.2713 10.7
    endloop
  endfacet
  facet normal 0.46177 0.887 0
    outer loop
      vertex -34.8476 24.4002 10.7
      vertex -34.6 24.2713 2.2
      vertex -34.8476 24.4002 2.2
    endloop
  endfacet
  facet normal 0.887 0.46177 0
    outer loop
      vertex -33.2998 22.8524 10.7
      vertex -33.4287 23.1 2.2
      vertex -33.4287 23.1 10.7
    endloop
  endfacet
  facet normal 0.887 0.46177 0
    outer loop
      vertex -33.4287 23.1 2.2
      vertex -33.2998 22.8524 10.7
      vertex -33.2998 22.8524 2.2
    endloop
  endfacet
  facet normal -0.537385 0.843337 0
    outer loop
      vertex -37.8 24.2713 2.2
      vertex -38.0354 24.1213 10.7
      vertex -37.8 24.2713 10.7
    endloop
  endfacet
  facet normal -0.537385 0.843337 0
    outer loop
      vertex -38.0354 24.1213 10.7
      vertex -37.8 24.2713 2.2
      vertex -38.0354 24.1213 2.2
    endloop
  endfacet
  facet normal -0.737243 0.675627 0
    outer loop
      vertex -38.6513 23.5569 2.2
      vertex -38.4627 23.7627 10.7
      vertex -38.4627 23.7627 2.2
    endloop
  endfacet
  facet normal -0.737243 0.675627 0
    outer loop
      vertex -38.4627 23.7627 10.7
      vertex -38.6513 23.5569 2.2
      vertex -38.6513 23.5569 10.7
    endloop
  endfacet
  facet normal -0.737243 -0.675627 0
    outer loop
      vertex -38.4627 19.2373 2.2
      vertex -38.6513 19.4431 10.7
      vertex -38.6513 19.4431 2.2
    endloop
  endfacet
  facet normal -0.737243 -0.675627 0
    outer loop
      vertex -38.6513 19.4431 10.7
      vertex -38.4627 19.2373 2.2
      vertex -38.4627 19.2373 10.7
    endloop
  endfacet
  facet normal 0.675627 0.737243 -0
    outer loop
      vertex -33.9373 23.7627 2.2
      vertex -34.1431 23.9513 10.7
      vertex -33.9373 23.7627 10.7
    endloop
  endfacet
  facet normal 0.675627 0.737243 0
    outer loop
      vertex -34.1431 23.9513 10.7
      vertex -33.9373 23.7627 2.2
      vertex -34.1431 23.9513 2.2
    endloop
  endfacet
  facet normal 0.46177 -0.887 0
    outer loop
      vertex -34.8476 18.5998 2.2
      vertex -34.6 18.7287 10.7
      vertex -34.8476 18.5998 10.7
    endloop
  endfacet
  facet normal 0.46177 -0.887 0
    outer loop
      vertex -34.6 18.7287 10.7
      vertex -34.8476 18.5998 2.2
      vertex -34.6 18.7287 2.2
    endloop
  endfacet
  facet normal 0.537385 0.843337 -0
    outer loop
      vertex -34.3646 24.1213 2.2
      vertex -34.6 24.2713 10.7
      vertex -34.3646 24.1213 10.7
    endloop
  endfacet
  facet normal 0.537385 0.843337 0
    outer loop
      vertex -34.6 24.2713 10.7
      vertex -34.3646 24.1213 2.2
      vertex -34.6 24.2713 2.2
    endloop
  endfacet
  facet normal 0.95368 -0.300823 0
    outer loop
      vertex -33.193 20.4055 10.7
      vertex -33.109 20.6718 2.2
      vertex -33.109 20.6718 10.7
    endloop
  endfacet
  facet normal 0.95368 -0.300823 0
    outer loop
      vertex -33.109 20.6718 2.2
      vertex -33.193 20.4055 10.7
      vertex -33.193 20.4055 2.2
    endloop
  endfacet
  facet normal 0.976305 -0.216399 0
    outer loop
      vertex -33.109 20.6718 10.7
      vertex -33.0486 20.9443 2.2
      vertex -33.0486 20.9443 10.7
    endloop
  endfacet
  facet normal 0.976305 -0.216399 0
    outer loop
      vertex -33.0486 20.9443 2.2
      vertex -33.109 20.6718 10.7
      vertex -33.109 20.6718 2.2
    endloop
  endfacet
  facet normal -0.0437015 -0.999045 0
    outer loop
      vertex -36.4789 18.3122 2.2
      vertex -36.2 18.3 10.7
      vertex -36.4789 18.3122 10.7
    endloop
  endfacet
  facet normal -0.0437015 -0.999045 -0
    outer loop
      vertex -36.2 18.3 10.7
      vertex -36.4789 18.3122 2.2
      vertex -36.2 18.3 2.2
    endloop
  endfacet
  facet normal 0.216399 0.976305 -0
    outer loop
      vertex -35.3718 24.591 2.2
      vertex -35.6443 24.6514 10.7
      vertex -35.3718 24.591 10.7
    endloop
  endfacet
  facet normal 0.216399 0.976305 0
    outer loop
      vertex -35.6443 24.6514 10.7
      vertex -35.3718 24.591 2.2
      vertex -35.6443 24.6514 2.2
    endloop
  endfacet
  facet normal 0.382605 0.923912 -0
    outer loop
      vertex -34.8476 24.4002 2.2
      vertex -35.1055 24.507 10.7
      vertex -34.8476 24.4002 10.7
    endloop
  endfacet
  facet normal 0.382605 0.923912 0
    outer loop
      vertex -35.1055 24.507 10.7
      vertex -34.8476 24.4002 2.2
      vertex -35.1055 24.507 2.2
    endloop
  endfacet
  facet normal 0.793289 0.608845 0
    outer loop
      vertex -33.5787 23.3354 10.7
      vertex -33.7487 23.5569 2.2
      vertex -33.7487 23.5569 10.7
    endloop
  endfacet
  facet normal 0.793289 0.608845 0
    outer loop
      vertex -33.7487 23.5569 2.2
      vertex -33.5787 23.3354 10.7
      vertex -33.5787 23.3354 2.2
    endloop
  endfacet
  facet normal -0.843337 0.537385 0
    outer loop
      vertex -38.9713 23.1 2.2
      vertex -38.8213 23.3354 10.7
      vertex -38.8213 23.3354 2.2
    endloop
  endfacet
  facet normal -0.843337 0.537385 0
    outer loop
      vertex -38.8213 23.3354 10.7
      vertex -38.9713 23.1 2.2
      vertex -38.9713 23.1 10.7
    endloop
  endfacet
  facet normal 0.843337 -0.537385 0
    outer loop
      vertex -33.5787 19.6646 10.7
      vertex -33.4287 19.9 2.2
      vertex -33.4287 19.9 10.7
    endloop
  endfacet
  facet normal 0.843337 -0.537385 0
    outer loop
      vertex -33.4287 19.9 2.2
      vertex -33.5787 19.6646 10.7
      vertex -33.5787 19.6646 2.2
    endloop
  endfacet
  facet normal 0.923912 0.382605 0
    outer loop
      vertex -33.193 22.5945 10.7
      vertex -33.2998 22.8524 2.2
      vertex -33.2998 22.8524 10.7
    endloop
  endfacet
  facet normal 0.923912 0.382605 0
    outer loop
      vertex -33.2998 22.8524 2.2
      vertex -33.193 22.5945 10.7
      vertex -33.193 22.5945 2.2
    endloop
  endfacet
  facet normal 0.991464 -0.13038 0
    outer loop
      vertex -33.0486 20.9443 10.7
      vertex -33.0122 21.2211 2.2
      vertex -33.0122 21.2211 10.7
    endloop
  endfacet
  facet normal 0.991464 -0.13038 0
    outer loop
      vertex -33.0122 21.2211 2.2
      vertex -33.0486 20.9443 10.7
      vertex -33.0486 20.9443 2.2
    endloop
  endfacet
  facet normal -0.95368 0.300823 0
    outer loop
      vertex -39.291 22.3282 2.2
      vertex -39.207 22.5945 10.7
      vertex -39.207 22.5945 2.2
    endloop
  endfacet
  facet normal -0.95368 0.300823 0
    outer loop
      vertex -39.207 22.5945 10.7
      vertex -39.291 22.3282 2.2
      vertex -39.291 22.3282 10.7
    endloop
  endfacet
  facet normal -0.216399 -0.976305 0
    outer loop
      vertex -37.0282 18.409 2.2
      vertex -36.7557 18.3486 10.7
      vertex -37.0282 18.409 10.7
    endloop
  endfacet
  facet normal -0.216399 -0.976305 -0
    outer loop
      vertex -36.7557 18.3486 10.7
      vertex -37.0282 18.409 2.2
      vertex -36.7557 18.3486 2.2
    endloop
  endfacet
  facet normal 0.0437015 -0.999045 0
    outer loop
      vertex -36.2 18.3 2.2
      vertex -35.9211 18.3122 10.7
      vertex -36.2 18.3 10.7
    endloop
  endfacet
  facet normal 0.0437015 -0.999045 0
    outer loop
      vertex -35.9211 18.3122 10.7
      vertex -36.2 18.3 2.2
      vertex -35.9211 18.3122 2.2
    endloop
  endfacet
  facet normal 0.300823 -0.95368 0
    outer loop
      vertex -35.3718 18.409 2.2
      vertex -35.1055 18.493 10.7
      vertex -35.3718 18.409 10.7
    endloop
  endfacet
  facet normal 0.300823 -0.95368 0
    outer loop
      vertex -35.1055 18.493 10.7
      vertex -35.3718 18.409 2.2
      vertex -35.1055 18.493 2.2
    endloop
  endfacet
  facet normal -0.793289 -0.608845 0
    outer loop
      vertex -38.6513 19.4431 2.2
      vertex -38.8213 19.6646 10.7
      vertex -38.8213 19.6646 2.2
    endloop
  endfacet
  facet normal -0.793289 -0.608845 0
    outer loop
      vertex -38.8213 19.6646 10.7
      vertex -38.6513 19.4431 2.2
      vertex -38.6513 19.4431 10.7
    endloop
  endfacet
  facet normal -0.0437015 0.999045 0
    outer loop
      vertex -36.2 24.7 2.2
      vertex -36.4789 24.6878 10.7
      vertex -36.2 24.7 10.7
    endloop
  endfacet
  facet normal -0.0437015 0.999045 0
    outer loop
      vertex -36.4789 24.6878 10.7
      vertex -36.2 24.7 2.2
      vertex -36.4789 24.6878 2.2
    endloop
  endfacet
  facet normal -0.843337 -0.537385 0
    outer loop
      vertex -38.8213 19.6646 2.2
      vertex -38.9713 19.9 10.7
      vertex -38.9713 19.9 2.2
    endloop
  endfacet
  facet normal -0.843337 -0.537385 0
    outer loop
      vertex -38.9713 19.9 10.7
      vertex -38.8213 19.6646 2.2
      vertex -38.8213 19.6646 10.7
    endloop
  endfacet
  facet normal -0.999045 -0.0437015 0
    outer loop
      vertex -39.3878 21.2211 2.2
      vertex -39.4 21.5 10.7
      vertex -39.4 21.5 2.2
    endloop
  endfacet
  facet normal -0.999045 -0.0437015 0
    outer loop
      vertex -39.4 21.5 10.7
      vertex -39.3878 21.2211 2.2
      vertex -39.3878 21.2211 10.7
    endloop
  endfacet
  facet normal -0.13038 0.991464 0
    outer loop
      vertex -36.4789 24.6878 2.2
      vertex -36.7557 24.6514 10.7
      vertex -36.4789 24.6878 10.7
    endloop
  endfacet
  facet normal -0.13038 0.991464 0
    outer loop
      vertex -36.7557 24.6514 10.7
      vertex -36.4789 24.6878 2.2
      vertex -36.7557 24.6514 2.2
    endloop
  endfacet
  facet normal 0.0437015 0.999045 -0
    outer loop
      vertex -35.9211 24.6878 2.2
      vertex -36.2 24.7 10.7
      vertex -35.9211 24.6878 10.7
    endloop
  endfacet
  facet normal 0.0437015 0.999045 0
    outer loop
      vertex -36.2 24.7 10.7
      vertex -35.9211 24.6878 2.2
      vertex -36.2 24.7 2.2
    endloop
  endfacet
  facet normal 0.608845 -0.793289 0
    outer loop
      vertex -34.3646 18.8787 2.2
      vertex -34.1431 19.0487 10.7
      vertex -34.3646 18.8787 10.7
    endloop
  endfacet
  facet normal 0.608845 -0.793289 0
    outer loop
      vertex -34.1431 19.0487 10.7
      vertex -34.3646 18.8787 2.2
      vertex -34.1431 19.0487 2.2
    endloop
  endfacet
  facet normal 0.382605 -0.923912 0
    outer loop
      vertex -35.1055 18.493 2.2
      vertex -34.8476 18.5998 10.7
      vertex -35.1055 18.493 10.7
    endloop
  endfacet
  facet normal 0.382605 -0.923912 0
    outer loop
      vertex -34.8476 18.5998 10.7
      vertex -35.1055 18.493 2.2
      vertex -34.8476 18.5998 2.2
    endloop
  endfacet
  facet normal 0.13038 -0.991464 0
    outer loop
      vertex -35.9211 18.3122 2.2
      vertex -35.6443 18.3486 10.7
      vertex -35.9211 18.3122 10.7
    endloop
  endfacet
  facet normal 0.13038 -0.991464 0
    outer loop
      vertex -35.6443 18.3486 10.7
      vertex -35.9211 18.3122 2.2
      vertex -35.6443 18.3486 2.2
    endloop
  endfacet
  facet normal 0.537385 -0.843337 0
    outer loop
      vertex -34.6 18.7287 2.2
      vertex -34.3646 18.8787 10.7
      vertex -34.6 18.7287 10.7
    endloop
  endfacet
  facet normal 0.537385 -0.843337 0
    outer loop
      vertex -34.3646 18.8787 10.7
      vertex -34.6 18.7287 2.2
      vertex -34.3646 18.8787 2.2
    endloop
  endfacet
  facet normal 0.923912 -0.382605 0
    outer loop
      vertex -33.2998 20.1476 10.7
      vertex -33.193 20.4055 2.2
      vertex -33.193 20.4055 10.7
    endloop
  endfacet
  facet normal 0.923912 -0.382605 0
    outer loop
      vertex -33.193 20.4055 2.2
      vertex -33.2998 20.1476 10.7
      vertex -33.2998 20.1476 2.2
    endloop
  endfacet
  facet normal 0.887 -0.46177 0
    outer loop
      vertex -33.4287 19.9 10.7
      vertex -33.2998 20.1476 2.2
      vertex -33.2998 20.1476 10.7
    endloop
  endfacet
  facet normal 0.887 -0.46177 0
    outer loop
      vertex -33.2998 20.1476 2.2
      vertex -33.4287 19.9 10.7
      vertex -33.4287 19.9 2.2
    endloop
  endfacet
  facet normal -0.382605 -0.923912 0
    outer loop
      vertex -37.5524 18.5998 2.2
      vertex -37.2945 18.493 10.7
      vertex -37.5524 18.5998 10.7
    endloop
  endfacet
  facet normal -0.382605 -0.923912 -0
    outer loop
      vertex -37.2945 18.493 10.7
      vertex -37.5524 18.5998 2.2
      vertex -37.2945 18.493 2.2
    endloop
  endfacet
  facet normal 0.843337 0.537385 0
    outer loop
      vertex -33.4287 23.1 10.7
      vertex -33.5787 23.3354 2.2
      vertex -33.5787 23.3354 10.7
    endloop
  endfacet
  facet normal 0.843337 0.537385 0
    outer loop
      vertex -33.5787 23.3354 2.2
      vertex -33.4287 23.1 10.7
      vertex -33.4287 23.1 2.2
    endloop
  endfacet
  facet normal -0.793289 0.608845 0
    outer loop
      vertex -38.8213 23.3354 2.2
      vertex -38.6513 23.5569 10.7
      vertex -38.6513 23.5569 2.2
    endloop
  endfacet
  facet normal -0.793289 0.608845 0
    outer loop
      vertex -38.6513 23.5569 10.7
      vertex -38.8213 23.3354 2.2
      vertex -38.8213 23.3354 10.7
    endloop
  endfacet
  facet normal -0.887 -0.46177 0
    outer loop
      vertex -38.9713 19.9 2.2
      vertex -39.1002 20.1476 10.7
      vertex -39.1002 20.1476 2.2
    endloop
  endfacet
  facet normal -0.887 -0.46177 0
    outer loop
      vertex -39.1002 20.1476 10.7
      vertex -38.9713 19.9 2.2
      vertex -38.9713 19.9 10.7
    endloop
  endfacet
  facet normal -0.999045 0.0437015 0
    outer loop
      vertex -39.4 21.5 2.2
      vertex -39.3878 21.7789 10.7
      vertex -39.3878 21.7789 2.2
    endloop
  endfacet
  facet normal -0.999045 0.0437015 0
    outer loop
      vertex -39.3878 21.7789 10.7
      vertex -39.4 21.5 2.2
      vertex -39.4 21.5 10.7
    endloop
  endfacet
  facet normal -0.300823 -0.95368 0
    outer loop
      vertex -37.2945 18.493 2.2
      vertex -37.0282 18.409 10.7
      vertex -37.2945 18.493 10.7
    endloop
  endfacet
  facet normal -0.300823 -0.95368 -0
    outer loop
      vertex -37.0282 18.409 10.7
      vertex -37.2945 18.493 2.2
      vertex -37.0282 18.409 2.2
    endloop
  endfacet
  facet normal 0.737243 -0.675627 0
    outer loop
      vertex -33.9373 19.2373 10.7
      vertex -33.7487 19.4431 2.2
      vertex -33.7487 19.4431 10.7
    endloop
  endfacet
  facet normal 0.737243 -0.675627 0
    outer loop
      vertex -33.7487 19.4431 2.2
      vertex -33.9373 19.2373 10.7
      vertex -33.9373 19.2373 2.2
    endloop
  endfacet
  facet normal -0.13038 -0.991464 0
    outer loop
      vertex -36.7557 18.3486 2.2
      vertex -36.4789 18.3122 10.7
      vertex -36.7557 18.3486 10.7
    endloop
  endfacet
  facet normal -0.13038 -0.991464 -0
    outer loop
      vertex -36.4789 18.3122 10.7
      vertex -36.7557 18.3486 2.2
      vertex -36.4789 18.3122 2.2
    endloop
  endfacet
  facet normal 0.300823 0.95368 -0
    outer loop
      vertex -35.1055 24.507 2.2
      vertex -35.3718 24.591 10.7
      vertex -35.1055 24.507 10.7
    endloop
  endfacet
  facet normal 0.300823 0.95368 0
    outer loop
      vertex -35.3718 24.591 10.7
      vertex -35.1055 24.507 2.2
      vertex -35.3718 24.591 2.2
    endloop
  endfacet
  facet normal 0.675627 -0.737243 0
    outer loop
      vertex -34.1431 19.0487 2.2
      vertex -33.9373 19.2373 10.7
      vertex -34.1431 19.0487 10.7
    endloop
  endfacet
  facet normal 0.675627 -0.737243 0
    outer loop
      vertex -33.9373 19.2373 10.7
      vertex -34.1431 19.0487 2.2
      vertex -33.9373 19.2373 2.2
    endloop
  endfacet
  facet normal -0.46177 -0.887 0
    outer loop
      vertex -37.8 18.7287 2.2
      vertex -37.5524 18.5998 10.7
      vertex -37.8 18.7287 10.7
    endloop
  endfacet
  facet normal -0.46177 -0.887 -0
    outer loop
      vertex -37.5524 18.5998 10.7
      vertex -37.8 18.7287 2.2
      vertex -37.5524 18.5998 2.2
    endloop
  endfacet
  facet normal -0.382605 0.923912 0
    outer loop
      vertex -37.2945 24.507 2.2
      vertex -37.5524 24.4002 10.7
      vertex -37.2945 24.507 10.7
    endloop
  endfacet
  facet normal -0.382605 0.923912 0
    outer loop
      vertex -37.5524 24.4002 10.7
      vertex -37.2945 24.507 2.2
      vertex -37.5524 24.4002 2.2
    endloop
  endfacet
  facet normal -0.923912 0.382605 0
    outer loop
      vertex -39.207 22.5945 2.2
      vertex -39.1002 22.8524 10.7
      vertex -39.1002 22.8524 2.2
    endloop
  endfacet
  facet normal -0.923912 0.382605 0
    outer loop
      vertex -39.1002 22.8524 10.7
      vertex -39.207 22.5945 2.2
      vertex -39.207 22.5945 10.7
    endloop
  endfacet
  facet normal -0.216399 -0.976305 0
    outer loop
      vertex 35.3718 18.409 2.6
      vertex 35.6443 18.3486 10.7
      vertex 35.3718 18.409 10.7
    endloop
  endfacet
  facet normal -0.216399 -0.976305 -0
    outer loop
      vertex 35.6443 18.3486 10.7
      vertex 35.3718 18.409 2.6
      vertex 35.6443 18.3486 2.6
    endloop
  endfacet
  facet normal 0.999045 0.0437015 0
    outer loop
      vertex 39.4 21.5 10.7
      vertex 39.3878 21.7789 6.2
      vertex 39.3878 21.7789 10.7
    endloop
  endfacet
  facet normal 0.999045 0.0437015 0
    outer loop
      vertex 39.3878 21.7789 6.2
      vertex 39.4 21.5 10.7
      vertex 39.4 21.5 6.2
    endloop
  endfacet
  facet normal 0.95368 0.300823 0
    outer loop
      vertex 39.291 22.3282 10.7
      vertex 39.207 22.5945 6.2
      vertex 39.207 22.5945 10.7
    endloop
  endfacet
  facet normal 0.95368 0.300823 0
    outer loop
      vertex 39.207 22.5945 6.2
      vertex 39.291 22.3282 10.7
      vertex 39.291 22.3282 6.2
    endloop
  endfacet
  facet normal -0.999045 0.0437015 0
    outer loop
      vertex 33 21.5 6.2
      vertex 33.0122 21.7789 10.7
      vertex 33.0122 21.7789 6.2
    endloop
  endfacet
  facet normal -0.999045 0.0437015 0
    outer loop
      vertex 33.0122 21.7789 10.7
      vertex 33 21.5 6.2
      vertex 33 21.5 10.7
    endloop
  endfacet
  facet normal -0.0437015 -0.999045 0
    outer loop
      vertex 35.9211 18.3122 2.6
      vertex 36.2 18.3 10.7
      vertex 35.9211 18.3122 10.7
    endloop
  endfacet
  facet normal -0.0437015 -0.999045 -0
    outer loop
      vertex 36.2 18.3 10.7
      vertex 35.9211 18.3122 2.6
      vertex 36.2 18.3 2.6
    endloop
  endfacet
  facet normal -0.95368 0.300823 0
    outer loop
      vertex 33.109 22.3282 6.2
      vertex 33.193 22.5945 10.7
      vertex 33.193 22.5945 6.2
    endloop
  endfacet
  facet normal -0.95368 0.300823 0
    outer loop
      vertex 33.193 22.5945 10.7
      vertex 33.109 22.3282 6.2
      vertex 33.109 22.3282 10.7
    endloop
  endfacet
  facet normal -0.0437015 0.999045 0
    outer loop
      vertex 36.2 24.7 6.2
      vertex 35.9211 24.6878 10.7
      vertex 36.2 24.7 10.7
    endloop
  endfacet
  facet normal -0.0437015 0.999045 0
    outer loop
      vertex 35.9211 24.6878 10.7
      vertex 36.2 24.7 6.2
      vertex 35.9211 24.6878 6.2
    endloop
  endfacet
  facet normal 0.675627 -0.737243 0
    outer loop
      vertex 38.2569 19.0487 3.2
      vertex 38.4627 19.2373 10.7
      vertex 38.2569 19.0487 10.7
    endloop
  endfacet
  facet normal 0.675627 -0.737243 0
    outer loop
      vertex 38.4627 19.2373 10.7
      vertex 38.2569 19.0487 3.2
      vertex 38.4627 19.2373 3.2
    endloop
  endfacet
  facet normal -0.216399 0.976305 0
    outer loop
      vertex 35.6443 24.6514 6.2
      vertex 35.3718 24.591 10.7
      vertex 35.6443 24.6514 10.7
    endloop
  endfacet
  facet normal -0.216399 0.976305 0
    outer loop
      vertex 35.3718 24.591 10.7
      vertex 35.6443 24.6514 6.2
      vertex 35.3718 24.591 6.2
    endloop
  endfacet
  facet normal -0.923912 0.382605 0
    outer loop
      vertex 33.193 22.5945 6.2
      vertex 33.2998 22.8524 10.7
      vertex 33.2998 22.8524 6.2
    endloop
  endfacet
  facet normal -0.923912 0.382605 0
    outer loop
      vertex 33.2998 22.8524 10.7
      vertex 33.193 22.5945 6.2
      vertex 33.193 22.5945 10.7
    endloop
  endfacet
  facet normal 0.95368 -0.300823 0
    outer loop
      vertex 39.207 20.4055 10.7
      vertex 39.291 20.6718 2.2
      vertex 39.291 20.6718 10.7
    endloop
  endfacet
  facet normal 0.95368 -0.300823 0
    outer loop
      vertex 39.291 20.6718 2.2
      vertex 39.207 20.4055 10.7
      vertex 39.207 20.4055 2.2
    endloop
  endfacet
  facet normal -0.300823 -0.95368 0
    outer loop
      vertex 35.1055 18.493 2.6
      vertex 35.3718 18.409 10.7
      vertex 35.1055 18.493 10.7
    endloop
  endfacet
  facet normal -0.300823 -0.95368 -0
    outer loop
      vertex 35.3718 18.409 10.7
      vertex 35.1055 18.493 2.6
      vertex 35.3718 18.409 2.6
    endloop
  endfacet
  facet normal 0.300823 -0.95368 0
    outer loop
      vertex 37.0282 18.409 2.6
      vertex 37.2945 18.493 10.7
      vertex 37.0282 18.409 10.7
    endloop
  endfacet
  facet normal 0.300823 -0.95368 0
    outer loop
      vertex 37.2945 18.493 10.7
      vertex 37.0282 18.409 2.6
      vertex 37.2945 18.493 2.6
    endloop
  endfacet
  facet normal 0.793289 0.608845 0
    outer loop
      vertex 38.8213 23.3354 10.7
      vertex 38.6513 23.5569 6.2
      vertex 38.6513 23.5569 10.7
    endloop
  endfacet
  facet normal 0.793289 0.608845 0
    outer loop
      vertex 38.6513 23.5569 6.2
      vertex 38.8213 23.3354 10.7
      vertex 38.8213 23.3354 6.2
    endloop
  endfacet
  facet normal 0.843337 0.537385 0
    outer loop
      vertex 38.9713 23.1 10.7
      vertex 38.8213 23.3354 6.2
      vertex 38.8213 23.3354 10.7
    endloop
  endfacet
  facet normal 0.843337 0.537385 0
    outer loop
      vertex 38.8213 23.3354 6.2
      vertex 38.9713 23.1 10.7
      vertex 38.9713 23.1 6.2
    endloop
  endfacet
  facet normal 0.300823 0.95368 -0
    outer loop
      vertex 37.2945 24.507 6.2
      vertex 37.0282 24.591 10.7
      vertex 37.2945 24.507 10.7
    endloop
  endfacet
  facet normal 0.300823 0.95368 0
    outer loop
      vertex 37.0282 24.591 10.7
      vertex 37.2945 24.507 6.2
      vertex 37.0282 24.591 6.2
    endloop
  endfacet
  facet normal -0.13038 -0.991464 0
    outer loop
      vertex 35.6443 18.3486 2.6
      vertex 35.9211 18.3122 10.7
      vertex 35.6443 18.3486 10.7
    endloop
  endfacet
  facet normal -0.13038 -0.991464 -0
    outer loop
      vertex 35.9211 18.3122 10.7
      vertex 35.6443 18.3486 2.6
      vertex 35.9211 18.3122 2.6
    endloop
  endfacet
  facet normal 0.0437015 -0.999045 0
    outer loop
      vertex 36.2 18.3 2.6
      vertex 36.4789 18.3122 10.7
      vertex 36.2 18.3 10.7
    endloop
  endfacet
  facet normal 0.0437015 -0.999045 0
    outer loop
      vertex 36.4789 18.3122 10.7
      vertex 36.2 18.3 2.6
      vertex 36.4789 18.3122 2.6
    endloop
  endfacet
  facet normal -0.843337 -0.537385 0
    outer loop
      vertex 33.5787 19.6646 2.6
      vertex 33.4287 19.9 10.7
      vertex 33.4287 19.9 2.6
    endloop
  endfacet
  facet normal -0.843337 -0.537385 0
    outer loop
      vertex 33.4287 19.9 10.7
      vertex 33.5787 19.6646 2.6
      vertex 33.5787 19.6646 10.7
    endloop
  endfacet
  facet normal 0.216399 -0.976305 0
    outer loop
      vertex 36.7557 18.3486 2.6
      vertex 37.0282 18.409 10.7
      vertex 36.7557 18.3486 10.7
    endloop
  endfacet
  facet normal 0.216399 -0.976305 0
    outer loop
      vertex 37.0282 18.409 10.7
      vertex 36.7557 18.3486 2.6
      vertex 37.0282 18.409 2.6
    endloop
  endfacet
  facet normal -0.923912 -0.382605 0
    outer loop
      vertex 33.2998 20.1476 2.6
      vertex 33.193 20.4055 10.7
      vertex 33.193 20.4055 2.6
    endloop
  endfacet
  facet normal -0.923912 -0.382605 0
    outer loop
      vertex 33.193 20.4055 10.7
      vertex 33.2998 20.1476 2.6
      vertex 33.2998 20.1476 10.7
    endloop
  endfacet
  facet normal 0.99145 -0.130489 0
    outer loop
      vertex 39.3878 21.2211 10.7
      vertex 39.3587 21 6.2
      vertex 39.3878 21.2211 6.2
    endloop
  endfacet
  facet normal 0.991464 -0.13038 -5.44446e-06
    outer loop
      vertex 39.3514 20.9443 10.7
      vertex 39.3587 21 6.2
      vertex 39.3878 21.2211 10.7
    endloop
  endfacet
  facet normal 0.991521 -0.129948 0
    outer loop
      vertex 39.3514 20.9443 2.2
      vertex 39.3587 21 6.2
      vertex 39.3514 20.9443 10.7
    endloop
  endfacet
  facet normal 0.991521 -0.129948 0
    outer loop
      vertex 39.3587 21 6.2
      vertex 39.3514 20.9443 2.2
      vertex 39.3587 21 2.2
    endloop
  endfacet
  facet normal -0.382605 -0.923912 0
    outer loop
      vertex 34.8476 18.5998 2.6
      vertex 35.1055 18.493 10.7
      vertex 34.8476 18.5998 10.7
    endloop
  endfacet
  facet normal -0.382605 -0.923912 -0
    outer loop
      vertex 35.1055 18.493 10.7
      vertex 34.8476 18.5998 2.6
      vertex 35.1055 18.493 2.6
    endloop
  endfacet
  facet normal -0.13038 0.991464 0
    outer loop
      vertex 35.9211 24.6878 6.2
      vertex 35.6443 24.6514 10.7
      vertex 35.9211 24.6878 10.7
    endloop
  endfacet
  facet normal -0.13038 0.991464 0
    outer loop
      vertex 35.6443 24.6514 10.7
      vertex 35.9211 24.6878 6.2
      vertex 35.6443 24.6514 6.2
    endloop
  endfacet
  facet normal -0.675627 -0.737243 0
    outer loop
      vertex 33.9373 19.2373 2.6
      vertex 34.1431 19.0487 10.7
      vertex 33.9373 19.2373 10.7
    endloop
  endfacet
  facet normal -0.675627 -0.737243 -0
    outer loop
      vertex 34.1431 19.0487 10.7
      vertex 33.9373 19.2373 2.6
      vertex 34.1431 19.0487 2.6
    endloop
  endfacet
  facet normal 0.976305 0.216399 0
    outer loop
      vertex 39.3514 22.0557 10.7
      vertex 39.291 22.3282 6.2
      vertex 39.291 22.3282 10.7
    endloop
  endfacet
  facet normal 0.976305 0.216399 0
    outer loop
      vertex 39.291 22.3282 6.2
      vertex 39.3514 22.0557 10.7
      vertex 39.3514 22.0557 6.2
    endloop
  endfacet
  facet normal 0.537546 -0.843234 0
    outer loop
      vertex 37.9382 18.8168 2.6
      vertex 37.8 18.7287 10.7
      vertex 37.8 18.7287 2.6
    endloop
  endfacet
  facet normal 0.537385 -0.843337 -3.86564e-06
    outer loop
      vertex 37.8 18.7287 10.7
      vertex 37.9382 18.8168 2.6
      vertex 38.0354 18.8787 10.7
    endloop
  endfacet
  facet normal 0.537156 -0.843483 0
    outer loop
      vertex 38.0354 18.8787 2.2
      vertex 37.9382 18.8168 2.6
      vertex 37.9382 18.8168 2.2
    endloop
  endfacet
  facet normal 0.537156 -0.843483 0
    outer loop
      vertex 37.9382 18.8168 2.6
      vertex 38.0354 18.8787 2.2
      vertex 38.0354 18.8787 10.7
    endloop
  endfacet
  facet normal -0.793289 0.608845 0
    outer loop
      vertex 33.5787 23.3354 6.2
      vertex 33.7487 23.5569 10.7
      vertex 33.7487 23.5569 6.2
    endloop
  endfacet
  facet normal -0.793289 0.608845 0
    outer loop
      vertex 33.7487 23.5569 10.7
      vertex 33.5787 23.3354 6.2
      vertex 33.5787 23.3354 10.7
    endloop
  endfacet
  facet normal 0.999045 -0.0437015 0
    outer loop
      vertex 39.3878 21.2211 10.7
      vertex 39.4 21.5 6.2
      vertex 39.4 21.5 10.7
    endloop
  endfacet
  facet normal 0.999045 -0.0437015 0
    outer loop
      vertex 39.4 21.5 6.2
      vertex 39.3878 21.2211 10.7
      vertex 39.3878 21.2211 6.2
    endloop
  endfacet
  facet normal 0.13038 -0.991464 0
    outer loop
      vertex 36.4789 18.3122 2.6
      vertex 36.7557 18.3486 10.7
      vertex 36.4789 18.3122 10.7
    endloop
  endfacet
  facet normal 0.13038 -0.991464 0
    outer loop
      vertex 36.7557 18.3486 10.7
      vertex 36.4789 18.3122 2.6
      vertex 36.7557 18.3486 2.6
    endloop
  endfacet
  facet normal 0.887 0.46177 0
    outer loop
      vertex 39.1002 22.8524 10.7
      vertex 38.9713 23.1 6.2
      vertex 38.9713 23.1 10.7
    endloop
  endfacet
  facet normal 0.887 0.46177 0
    outer loop
      vertex 38.9713 23.1 6.2
      vertex 39.1002 22.8524 10.7
      vertex 39.1002 22.8524 6.2
    endloop
  endfacet
  facet normal -0.382605 0.923912 0
    outer loop
      vertex 35.1055 24.507 6.2
      vertex 34.8476 24.4002 10.7
      vertex 35.1055 24.507 10.7
    endloop
  endfacet
  facet normal -0.382605 0.923912 0
    outer loop
      vertex 34.8476 24.4002 10.7
      vertex 35.1055 24.507 6.2
      vertex 34.8476 24.4002 6.2
    endloop
  endfacet
  facet normal -0.976187 -0.21693 -0
    outer loop
      vertex 33.0548 20.9164 2.6
      vertex 33.0486 20.9443 2.2
      vertex 33.0548 20.9164 2.2
    endloop
  endfacet
  facet normal -0.976187 -0.21693 0
    outer loop
      vertex 33.0486 20.9443 2.2
      vertex 33.0548 20.9164 2.6
      vertex 33.0486 20.9443 10.7
    endloop
  endfacet
  facet normal -0.976318 -0.216339 -2.13865e-06
    outer loop
      vertex 33.109 20.6718 2.6
      vertex 33.0486 20.9443 10.7
      vertex 33.0548 20.9164 2.6
    endloop
  endfacet
  facet normal -0.976305 -0.216399 0
    outer loop
      vertex 33.0486 20.9443 10.7
      vertex 33.109 20.6718 2.6
      vertex 33.109 20.6718 10.7
    endloop
  endfacet
  facet normal -0.843337 0.537385 0
    outer loop
      vertex 33.4287 23.1 6.2
      vertex 33.5787 23.3354 10.7
      vertex 33.5787 23.3354 6.2
    endloop
  endfacet
  facet normal -0.843337 0.537385 0
    outer loop
      vertex 33.5787 23.3354 10.7
      vertex 33.4287 23.1 6.2
      vertex 33.4287 23.1 10.7
    endloop
  endfacet
  facet normal -0.991521 -0.129948 0
    outer loop
      vertex 33.0413 21 2.2
      vertex 33.0486 20.9443 2.2
      vertex 33.0413 21 6.2
    endloop
  endfacet
  facet normal -0.99145 -0.130489 0
    outer loop
      vertex 33.0413 21 6.2
      vertex 33.0122 21.2211 10.7
      vertex 33.0122 21.2211 6.2
    endloop
  endfacet
  facet normal -0.991464 -0.13038 -5.44446e-06
    outer loop
      vertex 33.0413 21 6.2
      vertex 33.0486 20.9443 10.7
      vertex 33.0122 21.2211 10.7
    endloop
  endfacet
  facet normal -0.991521 -0.129948 -0
    outer loop
      vertex 33.0486 20.9443 10.7
      vertex 33.0413 21 6.2
      vertex 33.0486 20.9443 2.2
    endloop
  endfacet
  facet normal 0.923912 0.382605 0
    outer loop
      vertex 39.207 22.5945 10.7
      vertex 39.1002 22.8524 6.2
      vertex 39.1002 22.8524 10.7
    endloop
  endfacet
  facet normal 0.923912 0.382605 0
    outer loop
      vertex 39.1002 22.8524 6.2
      vertex 39.207 22.5945 10.7
      vertex 39.207 22.5945 6.2
    endloop
  endfacet
  facet normal -0.793289 -0.608845 0
    outer loop
      vertex 33.7487 19.4431 2.6
      vertex 33.5787 19.6646 10.7
      vertex 33.5787 19.6646 2.6
    endloop
  endfacet
  facet normal -0.793289 -0.608845 0
    outer loop
      vertex 33.5787 19.6646 10.7
      vertex 33.7487 19.4431 2.6
      vertex 33.7487 19.4431 10.7
    endloop
  endfacet
  facet normal -0.976305 0.216399 0
    outer loop
      vertex 33.0486 22.0557 6.2
      vertex 33.109 22.3282 10.7
      vertex 33.109 22.3282 6.2
    endloop
  endfacet
  facet normal -0.976305 0.216399 0
    outer loop
      vertex 33.109 22.3282 10.7
      vertex 33.0486 22.0557 6.2
      vertex 33.0486 22.0557 10.7
    endloop
  endfacet
  facet normal -0.737243 -0.675627 0
    outer loop
      vertex 33.9373 19.2373 2.6
      vertex 33.7487 19.4431 10.7
      vertex 33.7487 19.4431 2.6
    endloop
  endfacet
  facet normal -0.737243 -0.675627 0
    outer loop
      vertex 33.7487 19.4431 10.7
      vertex 33.9373 19.2373 2.6
      vertex 33.9373 19.2373 10.7
    endloop
  endfacet
  facet normal 0.382605 0.923912 -0
    outer loop
      vertex 37.5524 24.4002 6.2
      vertex 37.2945 24.507 10.7
      vertex 37.5524 24.4002 10.7
    endloop
  endfacet
  facet normal 0.382605 0.923912 0
    outer loop
      vertex 37.2945 24.507 10.7
      vertex 37.5524 24.4002 6.2
      vertex 37.2945 24.507 6.2
    endloop
  endfacet
  facet normal 0.46177 0.887 -0
    outer loop
      vertex 37.8 24.2713 6.2
      vertex 37.5524 24.4002 10.7
      vertex 37.8 24.2713 10.7
    endloop
  endfacet
  facet normal 0.46177 0.887 0
    outer loop
      vertex 37.5524 24.4002 10.7
      vertex 37.8 24.2713 6.2
      vertex 37.5524 24.4002 6.2
    endloop
  endfacet
  facet normal -0.887 -0.46177 0
    outer loop
      vertex 33.4287 19.9 2.6
      vertex 33.2998 20.1476 10.7
      vertex 33.2998 20.1476 2.6
    endloop
  endfacet
  facet normal -0.887 -0.46177 0
    outer loop
      vertex 33.2998 20.1476 10.7
      vertex 33.4287 19.9 2.6
      vertex 33.4287 19.9 10.7
    endloop
  endfacet
  facet normal -0.991464 0.13038 0
    outer loop
      vertex 33.0122 21.7789 6.2
      vertex 33.0486 22.0557 10.7
      vertex 33.0486 22.0557 6.2
    endloop
  endfacet
  facet normal -0.991464 0.13038 0
    outer loop
      vertex 33.0486 22.0557 10.7
      vertex 33.0122 21.7789 6.2
      vertex 33.0122 21.7789 10.7
    endloop
  endfacet
  facet normal -0.675627 0.737243 0
    outer loop
      vertex 34.1431 23.9513 6.2
      vertex 33.9373 23.7627 10.7
      vertex 34.1431 23.9513 10.7
    endloop
  endfacet
  facet normal -0.675627 0.737243 0
    outer loop
      vertex 33.9373 23.7627 10.7
      vertex 34.1431 23.9513 6.2
      vertex 33.9373 23.7627 6.2
    endloop
  endfacet
  facet normal -0.737243 0.675627 0
    outer loop
      vertex 33.7487 23.5569 6.2
      vertex 33.9373 23.7627 10.7
      vertex 33.9373 23.7627 6.2
    endloop
  endfacet
  facet normal -0.737243 0.675627 0
    outer loop
      vertex 33.9373 23.7627 10.7
      vertex 33.7487 23.5569 6.2
      vertex 33.7487 23.5569 10.7
    endloop
  endfacet
  facet normal 0.675627 0.737243 -0
    outer loop
      vertex 38.4627 23.7627 6.2
      vertex 38.2569 23.9513 10.7
      vertex 38.4627 23.7627 10.7
    endloop
  endfacet
  facet normal 0.675627 0.737243 0
    outer loop
      vertex 38.2569 23.9513 10.7
      vertex 38.4627 23.7627 6.2
      vertex 38.2569 23.9513 6.2
    endloop
  endfacet
  facet normal 0.991464 0.13038 0
    outer loop
      vertex 39.3878 21.7789 10.7
      vertex 39.3514 22.0557 6.2
      vertex 39.3514 22.0557 10.7
    endloop
  endfacet
  facet normal 0.991464 0.13038 0
    outer loop
      vertex 39.3514 22.0557 6.2
      vertex 39.3878 21.7789 10.7
      vertex 39.3878 21.7789 6.2
    endloop
  endfacet
  facet normal 0.216399 0.976305 -0
    outer loop
      vertex 37.0282 24.591 6.2
      vertex 36.7557 24.6514 10.7
      vertex 37.0282 24.591 10.7
    endloop
  endfacet
  facet normal 0.216399 0.976305 0
    outer loop
      vertex 36.7557 24.6514 10.7
      vertex 37.0282 24.591 6.2
      vertex 36.7557 24.6514 6.2
    endloop
  endfacet
  facet normal 0.537385 0.843337 -0
    outer loop
      vertex 38.0354 24.1213 6.2
      vertex 37.8 24.2713 10.7
      vertex 38.0354 24.1213 10.7
    endloop
  endfacet
  facet normal 0.537385 0.843337 0
    outer loop
      vertex 37.8 24.2713 10.7
      vertex 38.0354 24.1213 6.2
      vertex 37.8 24.2713 6.2
    endloop
  endfacet
  facet normal 0.608845 0.793289 -0
    outer loop
      vertex 38.2569 23.9513 6.2
      vertex 38.0354 24.1213 10.7
      vertex 38.2569 23.9513 10.7
    endloop
  endfacet
  facet normal 0.608845 0.793289 0
    outer loop
      vertex 38.0354 24.1213 10.7
      vertex 38.2569 23.9513 6.2
      vertex 38.0354 24.1213 6.2
    endloop
  endfacet
  facet normal -0.999045 -0.0437015 0
    outer loop
      vertex 33.0122 21.2211 6.2
      vertex 33 21.5 10.7
      vertex 33 21.5 6.2
    endloop
  endfacet
  facet normal -0.999045 -0.0437015 0
    outer loop
      vertex 33 21.5 10.7
      vertex 33.0122 21.2211 6.2
      vertex 33.0122 21.2211 10.7
    endloop
  endfacet
  facet normal 0.737243 0.675627 0
    outer loop
      vertex 38.6513 23.5569 10.7
      vertex 38.4627 23.7627 6.2
      vertex 38.4627 23.7627 10.7
    endloop
  endfacet
  facet normal 0.737243 0.675627 0
    outer loop
      vertex 38.4627 23.7627 6.2
      vertex 38.6513 23.5569 10.7
      vertex 38.6513 23.5569 6.2
    endloop
  endfacet
  facet normal -0.537385 -0.843337 0
    outer loop
      vertex 34.3646 18.8787 2.6
      vertex 34.6 18.7287 10.7
      vertex 34.3646 18.8787 10.7
    endloop
  endfacet
  facet normal -0.537385 -0.843337 -0
    outer loop
      vertex 34.6 18.7287 10.7
      vertex 34.3646 18.8787 2.6
      vertex 34.6 18.7287 2.6
    endloop
  endfacet
  facet normal -0.46177 0.887 0
    outer loop
      vertex 34.8476 24.4002 6.2
      vertex 34.6 24.2713 10.7
      vertex 34.8476 24.4002 10.7
    endloop
  endfacet
  facet normal -0.46177 0.887 0
    outer loop
      vertex 34.6 24.2713 10.7
      vertex 34.8476 24.4002 6.2
      vertex 34.6 24.2713 6.2
    endloop
  endfacet
  facet normal 0.46177 -0.887 0
    outer loop
      vertex 37.5524 18.5998 2.6
      vertex 37.8 18.7287 10.7
      vertex 37.5524 18.5998 10.7
    endloop
  endfacet
  facet normal 0.46177 -0.887 0
    outer loop
      vertex 37.8 18.7287 10.7
      vertex 37.5524 18.5998 2.6
      vertex 37.8 18.7287 2.6
    endloop
  endfacet
  facet normal -0.95368 -0.300823 0
    outer loop
      vertex 33.193 20.4055 2.6
      vertex 33.109 20.6718 10.7
      vertex 33.109 20.6718 2.6
    endloop
  endfacet
  facet normal -0.95368 -0.300823 0
    outer loop
      vertex 33.109 20.6718 10.7
      vertex 33.193 20.4055 2.6
      vertex 33.193 20.4055 10.7
    endloop
  endfacet
  facet normal 0.976305 -0.216399 0
    outer loop
      vertex 39.291 20.6718 10.7
      vertex 39.3514 20.9443 2.2
      vertex 39.3514 20.9443 10.7
    endloop
  endfacet
  facet normal 0.976305 -0.216399 0
    outer loop
      vertex 39.3514 20.9443 2.2
      vertex 39.291 20.6718 10.7
      vertex 39.291 20.6718 2.2
    endloop
  endfacet
  facet normal 0.0437015 0.999045 -0
    outer loop
      vertex 36.4789 24.6878 6.2
      vertex 36.2 24.7 10.7
      vertex 36.4789 24.6878 10.7
    endloop
  endfacet
  facet normal 0.0437015 0.999045 0
    outer loop
      vertex 36.2 24.7 10.7
      vertex 36.4789 24.6878 6.2
      vertex 36.2 24.7 6.2
    endloop
  endfacet
  facet normal 0.923912 -0.382605 0
    outer loop
      vertex 39.1002 20.1476 10.7
      vertex 39.207 20.4055 2.2
      vertex 39.207 20.4055 10.7
    endloop
  endfacet
  facet normal 0.923912 -0.382605 0
    outer loop
      vertex 39.207 20.4055 2.2
      vertex 39.1002 20.1476 10.7
      vertex 39.1002 20.1476 2.2
    endloop
  endfacet
  facet normal 0.887069 -0.461638 0
    outer loop
      vertex 39.1002 20.1476 10.7
      vertex 38.988 19.932 3.2
      vertex 39.1002 20.1476 2.2
    endloop
  endfacet
  facet normal 0.887 -0.46177 4.83384e-06
    outer loop
      vertex 38.9713 19.9 10.7
      vertex 38.988 19.932 3.2
      vertex 39.1002 20.1476 10.7
    endloop
  endfacet
  facet normal 0.886535 -0.462661 0
    outer loop
      vertex 38.988 19.932 3.2
      vertex 38.9713 19.9 10.7
      vertex 38.9713 19.9 3.2
    endloop
  endfacet
  facet normal 0.887069 -0.461638 0
    outer loop
      vertex 38.988 19.932 2.2
      vertex 39.1002 20.1476 2.2
      vertex 38.988 19.932 3.2
    endloop
  endfacet
  facet normal -0 0 -1
    outer loop
      vertex 38.988 19.932 2.2
      vertex 38.9713 19.9 2.2
      vertex 39.1002 20.1476 2.2
    endloop
  endfacet
  facet normal 0.382605 -0.923912 0
    outer loop
      vertex 37.2945 18.493 2.6
      vertex 37.5524 18.5998 10.7
      vertex 37.2945 18.493 10.7
    endloop
  endfacet
  facet normal 0.382605 -0.923912 0
    outer loop
      vertex 37.5524 18.5998 10.7
      vertex 37.2945 18.493 2.6
      vertex 37.5524 18.5998 2.6
    endloop
  endfacet
  facet normal 0.843337 -0.537385 0
    outer loop
      vertex 38.8213 19.6646 10.7
      vertex 38.9713 19.9 3.2
      vertex 38.9713 19.9 10.7
    endloop
  endfacet
  facet normal 0.843337 -0.537385 0
    outer loop
      vertex 38.9713 19.9 3.2
      vertex 38.8213 19.6646 10.7
      vertex 38.8213 19.6646 3.2
    endloop
  endfacet
  facet normal -0.608845 0.793289 0
    outer loop
      vertex 34.3646 24.1213 6.2
      vertex 34.1431 23.9513 10.7
      vertex 34.3646 24.1213 10.7
    endloop
  endfacet
  facet normal -0.608845 0.793289 0
    outer loop
      vertex 34.1431 23.9513 10.7
      vertex 34.3646 24.1213 6.2
      vertex 34.1431 23.9513 6.2
    endloop
  endfacet
  facet normal -0.537385 0.843337 0
    outer loop
      vertex 34.6 24.2713 6.2
      vertex 34.3646 24.1213 10.7
      vertex 34.6 24.2713 10.7
    endloop
  endfacet
  facet normal -0.537385 0.843337 0
    outer loop
      vertex 34.3646 24.1213 10.7
      vertex 34.6 24.2713 6.2
      vertex 34.3646 24.1213 6.2
    endloop
  endfacet
  facet normal -0.608845 -0.793289 0
    outer loop
      vertex 34.1431 19.0487 2.6
      vertex 34.3646 18.8787 10.7
      vertex 34.1431 19.0487 10.7
    endloop
  endfacet
  facet normal -0.608845 -0.793289 -0
    outer loop
      vertex 34.3646 18.8787 10.7
      vertex 34.1431 19.0487 2.6
      vertex 34.3646 18.8787 2.6
    endloop
  endfacet
  facet normal 0.737243 -0.675627 0
    outer loop
      vertex 38.4627 19.2373 10.7
      vertex 38.6513 19.4431 3.2
      vertex 38.6513 19.4431 10.7
    endloop
  endfacet
  facet normal 0.737243 -0.675627 0
    outer loop
      vertex 38.6513 19.4431 3.2
      vertex 38.4627 19.2373 10.7
      vertex 38.4627 19.2373 3.2
    endloop
  endfacet
  facet normal 0.793289 -0.608845 0
    outer loop
      vertex 38.6513 19.4431 10.7
      vertex 38.8213 19.6646 3.2
      vertex 38.8213 19.6646 10.7
    endloop
  endfacet
  facet normal 0.793289 -0.608845 0
    outer loop
      vertex 38.8213 19.6646 3.2
      vertex 38.6513 19.4431 10.7
      vertex 38.6513 19.4431 3.2
    endloop
  endfacet
  facet normal -0.46177 -0.887 0
    outer loop
      vertex 34.6 18.7287 2.6
      vertex 34.8476 18.5998 10.7
      vertex 34.6 18.7287 10.7
    endloop
  endfacet
  facet normal -0.46177 -0.887 -0
    outer loop
      vertex 34.8476 18.5998 10.7
      vertex 34.6 18.7287 2.6
      vertex 34.8476 18.5998 2.6
    endloop
  endfacet
  facet normal 0.13038 0.991464 -0
    outer loop
      vertex 36.7557 24.6514 6.2
      vertex 36.4789 24.6878 10.7
      vertex 36.7557 24.6514 10.7
    endloop
  endfacet
  facet normal 0.13038 0.991464 0
    outer loop
      vertex 36.4789 24.6878 10.7
      vertex 36.7557 24.6514 6.2
      vertex 36.4789 24.6878 6.2
    endloop
  endfacet
  facet normal -0.300823 0.95368 0
    outer loop
      vertex 35.3718 24.591 6.2
      vertex 35.1055 24.507 10.7
      vertex 35.3718 24.591 10.7
    endloop
  endfacet
  facet normal -0.300823 0.95368 0
    outer loop
      vertex 35.1055 24.507 10.7
      vertex 35.3718 24.591 6.2
      vertex 35.1055 24.507 6.2
    endloop
  endfacet
  facet normal 0.608845 -0.793289 7.85529e-06
    outer loop
      vertex 38.0354 18.8787 10.7
      vertex 38.1211 18.9444 3.2
      vertex 38.2569 19.0487 10.7
    endloop
  endfacet
  facet normal 0.608412 -0.793621 0
    outer loop
      vertex 38.0354 18.8787 2.2
      vertex 38.1211 18.9444 3.2
      vertex 38.0354 18.8787 10.7
    endloop
  endfacet
  facet normal 0.608412 -0.793621 0
    outer loop
      vertex 38.1211 18.9444 3.2
      vertex 38.0354 18.8787 2.2
      vertex 38.1211 18.9444 2.2
    endloop
  endfacet
  facet normal 0 0 -1
    outer loop
      vertex 38.2569 19.0487 2.2
      vertex 38.1211 18.9444 2.2
      vertex 38.0354 18.8787 2.2
    endloop
  endfacet
  facet normal 0.609118 -0.79308 0
    outer loop
      vertex 38.2569 19.0487 10.7
      vertex 38.1211 18.9444 3.2
      vertex 38.2569 19.0487 3.2
    endloop
  endfacet
  facet normal -0.887 0.46177 0
    outer loop
      vertex 33.2998 22.8524 6.2
      vertex 33.4287 23.1 10.7
      vertex 33.4287 23.1 6.2
    endloop
  endfacet
  facet normal -0.887 0.46177 0
    outer loop
      vertex 33.4287 23.1 10.7
      vertex 33.2998 22.8524 6.2
      vertex 33.2998 22.8524 10.7
    endloop
  endfacet
  facet normal 0 0 1
    outer loop
      vertex 37.375 21.5 10.7
      vertex 39.4 21.5 10.7
      vertex 39.3878 21.7789 10.7
    endloop
  endfacet
  facet normal 0 0 1
    outer loop
      vertex 37.3705 21.6024 10.7
      vertex 39.3878 21.7789 10.7
      vertex 39.3514 22.0557 10.7
    endloop
  endfacet
  facet normal 0 0 1
    outer loop
      vertex 39.4 21.5 10.7
      vertex 37.375 21.5 10.7
      vertex 39.3878 21.2211 10.7
    endloop
  endfacet
  facet normal 0 0 1
    outer loop
      vertex 37.3571 21.704 10.7
      vertex 39.3514 22.0557 10.7
      vertex 39.291 22.3282 10.7
    endloop
  endfacet
  facet normal -0 0 1
    outer loop
      vertex 37.3705 21.3976 10.7
      vertex 39.3878 21.2211 10.7
      vertex 37.375 21.5 10.7
    endloop
  endfacet
  facet normal 0 0 1
    outer loop
      vertex 37.335 21.8041 10.7
      vertex 39.291 22.3282 10.7
      vertex 39.207 22.5945 10.7
    endloop
  endfacet
  facet normal 0 0 1
    outer loop
      vertex 39.3878 21.2211 10.7
      vertex 37.3705 21.3976 10.7
      vertex 39.3514 20.9443 10.7
    endloop
  endfacet
  facet normal 0 0 1
    outer loop
      vertex 37.3041 21.9019 10.7
      vertex 39.207 22.5945 10.7
      vertex 39.1002 22.8524 10.7
    endloop
  endfacet
  facet normal -0 0 1
    outer loop
      vertex 37.3571 21.296 10.7
      vertex 39.3514 20.9443 10.7
      vertex 37.3705 21.3976 10.7
    endloop
  endfacet
  facet normal 0 0 1
    outer loop
      vertex 37.2649 21.9966 10.7
      vertex 39.1002 22.8524 10.7
      vertex 38.9713 23.1 10.7
    endloop
  endfacet
  facet normal 0 0 1
    outer loop
      vertex 39.3514 20.9443 10.7
      vertex 37.3571 21.296 10.7
      vertex 39.291 20.6718 10.7
    endloop
  endfacet
  facet normal 0 0 1
    outer loop
      vertex 37.2176 22.0875 10.7
      vertex 38.9713 23.1 10.7
      vertex 38.8213 23.3354 10.7
    endloop
  endfacet
  facet normal -0 0 1
    outer loop
      vertex 37.335 21.1959 10.7
      vertex 39.291 20.6718 10.7
      vertex 37.3571 21.296 10.7
    endloop
  endfacet
  facet normal 0 0 1
    outer loop
      vertex 37.1625 22.174 10.7
      vertex 38.8213 23.3354 10.7
      vertex 38.6513 23.5569 10.7
    endloop
  endfacet
  facet normal 0 0 1
    outer loop
      vertex 39.291 20.6718 10.7
      vertex 37.335 21.1959 10.7
      vertex 39.207 20.4055 10.7
    endloop
  endfacet
  facet normal 0 0 1
    outer loop
      vertex 37.1001 22.2553 10.7
      vertex 38.6513 23.5569 10.7
      vertex 38.4627 23.7627 10.7
    endloop
  endfacet
  facet normal -0 0 1
    outer loop
      vertex 37.3041 21.0981 10.7
      vertex 39.207 20.4055 10.7
      vertex 37.335 21.1959 10.7
    endloop
  endfacet
  facet normal 0 0 1
    outer loop
      vertex 37.0308 22.3308 10.7
      vertex 38.4627 23.7627 10.7
      vertex 38.2569 23.9513 10.7
    endloop
  endfacet
  facet normal 0 0 1
    outer loop
      vertex 39.207 20.4055 10.7
      vertex 37.3041 21.0981 10.7
      vertex 39.1002 20.1476 10.7
    endloop
  endfacet
  facet normal 0 0 1
    outer loop
      vertex 36.9553 22.4001 10.7
      vertex 38.2569 23.9513 10.7
      vertex 38.0354 24.1213 10.7
    endloop
  endfacet
  facet normal -0 0 1
    outer loop
      vertex 37.2649 21.0034 10.7
      vertex 39.1002 20.1476 10.7
      vertex 37.3041 21.0981 10.7
    endloop
  endfacet
  facet normal 0 0 1
    outer loop
      vertex 36.874 22.4625 10.7
      vertex 38.0354 24.1213 10.7
      vertex 37.8 24.2713 10.7
    endloop
  endfacet
  facet normal 0 0 1
    outer loop
      vertex 39.1002 20.1476 10.7
      vertex 37.2649 21.0034 10.7
      vertex 38.9713 19.9 10.7
    endloop
  endfacet
  facet normal 0 0 1
    outer loop
      vertex 36.7875 22.5176 10.7
      vertex 37.8 24.2713 10.7
      vertex 37.5524 24.4002 10.7
    endloop
  endfacet
  facet normal -0 0 1
    outer loop
      vertex 37.2176 20.9125 10.7
      vertex 38.9713 19.9 10.7
      vertex 37.2649 21.0034 10.7
    endloop
  endfacet
  facet normal 0 0 1
    outer loop
      vertex 38.9713 19.9 10.7
      vertex 37.2176 20.9125 10.7
      vertex 38.8213 19.6646 10.7
    endloop
  endfacet
  facet normal 0 0 1
    outer loop
      vertex 39.3878 21.7789 10.7
      vertex 37.3705 21.6024 10.7
      vertex 37.375 21.5 10.7
    endloop
  endfacet
  facet normal 0 0 1
    outer loop
      vertex 39.3514 22.0557 10.7
      vertex 37.3571 21.704 10.7
      vertex 37.3705 21.6024 10.7
    endloop
  endfacet
  facet normal 0 0 1
    outer loop
      vertex 39.291 22.3282 10.7
      vertex 37.335 21.8041 10.7
      vertex 37.3571 21.704 10.7
    endloop
  endfacet
  facet normal 0 0 1
    outer loop
      vertex 39.207 22.5945 10.7
      vertex 37.3041 21.9019 10.7
      vertex 37.335 21.8041 10.7
    endloop
  endfacet
  facet normal 0 0 1
    outer loop
      vertex 36.6966 22.5649 10.7
      vertex 37.5524 24.4002 10.7
      vertex 37.2945 24.507 10.7
    endloop
  endfacet
  facet normal 0 0 1
    outer loop
      vertex 39.1002 22.8524 10.7
      vertex 37.2649 21.9966 10.7
      vertex 37.3041 21.9019 10.7
    endloop
  endfacet
  facet normal 0 0 1
    outer loop
      vertex 38.9713 23.1 10.7
      vertex 37.2176 22.0875 10.7
      vertex 37.2649 21.9966 10.7
    endloop
  endfacet
  facet normal 0 0 1
    outer loop
      vertex 38.8213 23.3354 10.7
      vertex 37.1625 22.174 10.7
      vertex 37.2176 22.0875 10.7
    endloop
  endfacet
  facet normal 0 0 1
    outer loop
      vertex 38.6513 23.5569 10.7
      vertex 37.1001 22.2553 10.7
      vertex 37.1625 22.174 10.7
    endloop
  endfacet
  facet normal 0 0 1
    outer loop
      vertex 38.4627 23.7627 10.7
      vertex 37.0308 22.3308 10.7
      vertex 37.1001 22.2553 10.7
    endloop
  endfacet
  facet normal 0 0 1
    outer loop
      vertex 36.6019 22.6041 10.7
      vertex 37.2945 24.507 10.7
      vertex 37.0282 24.591 10.7
    endloop
  endfacet
  facet normal 0 0 1
    outer loop
      vertex 38.2569 23.9513 10.7
      vertex 36.9553 22.4001 10.7
      vertex 37.0308 22.3308 10.7
    endloop
  endfacet
  facet normal 0 0 1
    outer loop
      vertex 38.0354 24.1213 10.7
      vertex 36.874 22.4625 10.7
      vertex 36.9553 22.4001 10.7
    endloop
  endfacet
  facet normal 0 0 1
    outer loop
      vertex 37.8 24.2713 10.7
      vertex 36.7875 22.5176 10.7
      vertex 36.874 22.4625 10.7
    endloop
  endfacet
  facet normal 0 0 1
    outer loop
      vertex 36.5041 22.635 10.7
      vertex 37.0282 24.591 10.7
      vertex 36.7557 24.6514 10.7
    endloop
  endfacet
  facet normal 0 0 1
    outer loop
      vertex 37.5524 24.4002 10.7
      vertex 36.6966 22.5649 10.7
      vertex 36.7875 22.5176 10.7
    endloop
  endfacet
  facet normal 0 0 1
    outer loop
      vertex 37.2945 24.507 10.7
      vertex 36.6019 22.6041 10.7
      vertex 36.6966 22.5649 10.7
    endloop
  endfacet
  facet normal 0 0 1
    outer loop
      vertex 37.0282 24.591 10.7
      vertex 36.5041 22.635 10.7
      vertex 36.6019 22.6041 10.7
    endloop
  endfacet
  facet normal 0 0 1
    outer loop
      vertex 36.404 22.6571 10.7
      vertex 36.7557 24.6514 10.7
      vertex 36.4789 24.6878 10.7
    endloop
  endfacet
  facet normal 0 0 1
    outer loop
      vertex 36.7557 24.6514 10.7
      vertex 36.404 22.6571 10.7
      vertex 36.5041 22.635 10.7
    endloop
  endfacet
  facet normal 0 0 1
    outer loop
      vertex 36.4789 24.6878 10.7
      vertex 36.3024 22.6705 10.7
      vertex 36.404 22.6571 10.7
    endloop
  endfacet
  facet normal 0 0 1
    outer loop
      vertex 36.2 24.7 10.7
      vertex 36.3024 22.6705 10.7
      vertex 36.4789 24.6878 10.7
    endloop
  endfacet
  facet normal 0 0 1
    outer loop
      vertex 36.2 24.7 10.7
      vertex 36.2 22.675 10.7
      vertex 36.3024 22.6705 10.7
    endloop
  endfacet
  facet normal 0 0 1
    outer loop
      vertex 36.2 24.7 10.7
      vertex 36.0976 22.6705 10.7
      vertex 36.2 22.675 10.7
    endloop
  endfacet
  facet normal -0 0 1
    outer loop
      vertex 35.9211 24.6878 10.7
      vertex 36.0976 22.6705 10.7
      vertex 36.2 24.7 10.7
    endloop
  endfacet
  facet normal 0 0 1
    outer loop
      vertex 36.0976 22.6705 10.7
      vertex 35.9211 24.6878 10.7
      vertex 35.996 22.6571 10.7
    endloop
  endfacet
  facet normal -0 0 1
    outer loop
      vertex 35.6443 24.6514 10.7
      vertex 35.996 22.6571 10.7
      vertex 35.9211 24.6878 10.7
    endloop
  endfacet
  facet normal 0 0 1
    outer loop
      vertex 35.996 22.6571 10.7
      vertex 35.6443 24.6514 10.7
      vertex 35.8959 22.635 10.7
    endloop
  endfacet
  facet normal -0 0 1
    outer loop
      vertex 35.3718 24.591 10.7
      vertex 35.8959 22.635 10.7
      vertex 35.6443 24.6514 10.7
    endloop
  endfacet
  facet normal 0 0 1
    outer loop
      vertex 35.8959 22.635 10.7
      vertex 35.3718 24.591 10.7
      vertex 35.7981 22.6041 10.7
    endloop
  endfacet
  facet normal -0 0 1
    outer loop
      vertex 35.1055 24.507 10.7
      vertex 35.7981 22.6041 10.7
      vertex 35.3718 24.591 10.7
    endloop
  endfacet
  facet normal 0 0 1
    outer loop
      vertex 35.7981 22.6041 10.7
      vertex 35.1055 24.507 10.7
      vertex 35.7034 22.5649 10.7
    endloop
  endfacet
  facet normal -0 0 1
    outer loop
      vertex 34.8476 24.4002 10.7
      vertex 35.7034 22.5649 10.7
      vertex 35.1055 24.507 10.7
    endloop
  endfacet
  facet normal 0 0 1
    outer loop
      vertex 35.7034 22.5649 10.7
      vertex 34.8476 24.4002 10.7
      vertex 35.6125 22.5176 10.7
    endloop
  endfacet
  facet normal -0 0 1
    outer loop
      vertex 34.6 24.2713 10.7
      vertex 35.6125 22.5176 10.7
      vertex 34.8476 24.4002 10.7
    endloop
  endfacet
  facet normal 0 0 1
    outer loop
      vertex 35.6125 22.5176 10.7
      vertex 34.6 24.2713 10.7
      vertex 35.526 22.4625 10.7
    endloop
  endfacet
  facet normal -0 0 1
    outer loop
      vertex 34.3646 24.1213 10.7
      vertex 35.526 22.4625 10.7
      vertex 34.6 24.2713 10.7
    endloop
  endfacet
  facet normal 0 0 1
    outer loop
      vertex 35.526 22.4625 10.7
      vertex 34.3646 24.1213 10.7
      vertex 35.4447 22.4001 10.7
    endloop
  endfacet
  facet normal -0 0 1
    outer loop
      vertex 34.1431 23.9513 10.7
      vertex 35.4447 22.4001 10.7
      vertex 34.3646 24.1213 10.7
    endloop
  endfacet
  facet normal 0 0 1
    outer loop
      vertex 35.4447 22.4001 10.7
      vertex 34.1431 23.9513 10.7
      vertex 35.3691 22.3308 10.7
    endloop
  endfacet
  facet normal -0 0 1
    outer loop
      vertex 33.9373 23.7627 10.7
      vertex 35.3691 22.3308 10.7
      vertex 34.1431 23.9513 10.7
    endloop
  endfacet
  facet normal 0 0 1
    outer loop
      vertex 35.3691 22.3308 10.7
      vertex 33.9373 23.7627 10.7
      vertex 35.2999 22.2553 10.7
    endloop
  endfacet
  facet normal -0 0 1
    outer loop
      vertex 33.7487 23.5569 10.7
      vertex 35.2999 22.2553 10.7
      vertex 33.9373 23.7627 10.7
    endloop
  endfacet
  facet normal 0 0 1
    outer loop
      vertex 35.2999 22.2553 10.7
      vertex 33.7487 23.5569 10.7
      vertex 35.2375 22.174 10.7
    endloop
  endfacet
  facet normal -0 0 1
    outer loop
      vertex 33.5787 23.3354 10.7
      vertex 35.2375 22.174 10.7
      vertex 33.7487 23.5569 10.7
    endloop
  endfacet
  facet normal 0 0 1
    outer loop
      vertex 35.2375 22.174 10.7
      vertex 33.5787 23.3354 10.7
      vertex 35.1824 22.0875 10.7
    endloop
  endfacet
  facet normal -0 0 1
    outer loop
      vertex 37.1625 20.826 10.7
      vertex 38.8213 19.6646 10.7
      vertex 37.2176 20.9125 10.7
    endloop
  endfacet
  facet normal 0 0 1
    outer loop
      vertex 38.8213 19.6646 10.7
      vertex 37.1625 20.826 10.7
      vertex 38.6513 19.4431 10.7
    endloop
  endfacet
  facet normal -0 0 1
    outer loop
      vertex 37.1001 20.7447 10.7
      vertex 38.6513 19.4431 10.7
      vertex 37.1625 20.826 10.7
    endloop
  endfacet
  facet normal 0 0 1
    outer loop
      vertex 38.6513 19.4431 10.7
      vertex 37.1001 20.7447 10.7
      vertex 38.4627 19.2373 10.7
    endloop
  endfacet
  facet normal -0 0 1
    outer loop
      vertex 37.0308 20.6691 10.7
      vertex 38.4627 19.2373 10.7
      vertex 37.1001 20.7447 10.7
    endloop
  endfacet
  facet normal 0 0 1
    outer loop
      vertex 38.4627 19.2373 10.7
      vertex 37.0308 20.6691 10.7
      vertex 38.2569 19.0487 10.7
    endloop
  endfacet
  facet normal -0 0 1
    outer loop
      vertex 36.9553 20.5999 10.7
      vertex 38.2569 19.0487 10.7
      vertex 37.0308 20.6691 10.7
    endloop
  endfacet
  facet normal 0 0 1
    outer loop
      vertex 38.2569 19.0487 10.7
      vertex 36.9553 20.5999 10.7
      vertex 38.0354 18.8787 10.7
    endloop
  endfacet
  facet normal -0 0 1
    outer loop
      vertex 36.874 20.5375 10.7
      vertex 38.0354 18.8787 10.7
      vertex 36.9553 20.5999 10.7
    endloop
  endfacet
  facet normal 0 0 1
    outer loop
      vertex 38.0354 18.8787 10.7
      vertex 36.874 20.5375 10.7
      vertex 37.8 18.7287 10.7
    endloop
  endfacet
  facet normal -0 0 1
    outer loop
      vertex 36.7875 20.4824 10.7
      vertex 37.8 18.7287 10.7
      vertex 36.874 20.5375 10.7
    endloop
  endfacet
  facet normal 0 0 1
    outer loop
      vertex 37.8 18.7287 10.7
      vertex 36.7875 20.4824 10.7
      vertex 37.5524 18.5998 10.7
    endloop
  endfacet
  facet normal -0 0 1
    outer loop
      vertex 36.6966 20.4351 10.7
      vertex 37.5524 18.5998 10.7
      vertex 36.7875 20.4824 10.7
    endloop
  endfacet
  facet normal 0 0 1
    outer loop
      vertex 37.5524 18.5998 10.7
      vertex 36.6966 20.4351 10.7
      vertex 37.2945 18.493 10.7
    endloop
  endfacet
  facet normal -0 0 1
    outer loop
      vertex 36.6019 20.3959 10.7
      vertex 37.2945 18.493 10.7
      vertex 36.6966 20.4351 10.7
    endloop
  endfacet
  facet normal 0 0 1
    outer loop
      vertex 37.2945 18.493 10.7
      vertex 36.6019 20.3959 10.7
      vertex 37.0282 18.409 10.7
    endloop
  endfacet
  facet normal -0 0 1
    outer loop
      vertex 36.5041 20.365 10.7
      vertex 37.0282 18.409 10.7
      vertex 36.6019 20.3959 10.7
    endloop
  endfacet
  facet normal 0 0 1
    outer loop
      vertex 37.0282 18.409 10.7
      vertex 36.5041 20.365 10.7
      vertex 36.7557 18.3486 10.7
    endloop
  endfacet
  facet normal -0 0 1
    outer loop
      vertex 36.404 20.3428 10.7
      vertex 36.7557 18.3486 10.7
      vertex 36.5041 20.365 10.7
    endloop
  endfacet
  facet normal 0 0 1
    outer loop
      vertex 36.7557 18.3486 10.7
      vertex 36.404 20.3428 10.7
      vertex 36.4789 18.3122 10.7
    endloop
  endfacet
  facet normal -0 0 1
    outer loop
      vertex 36.3024 20.3295 10.7
      vertex 36.4789 18.3122 10.7
      vertex 36.404 20.3428 10.7
    endloop
  endfacet
  facet normal -0 0 1
    outer loop
      vertex 36.2 20.325 10.7
      vertex 36.4789 18.3122 10.7
      vertex 36.3024 20.3295 10.7
    endloop
  endfacet
  facet normal 0 0 1
    outer loop
      vertex 36.2 20.325 10.7
      vertex 36.2 18.3 10.7
      vertex 36.4789 18.3122 10.7
    endloop
  endfacet
  facet normal 0 0 1
    outer loop
      vertex 36.0976 20.3295 10.7
      vertex 36.2 18.3 10.7
      vertex 36.2 20.325 10.7
    endloop
  endfacet
  facet normal 0 0 1
    outer loop
      vertex 35.9211 18.3122 10.7
      vertex 36.0976 20.3295 10.7
      vertex 35.996 20.3428 10.7
    endloop
  endfacet
  facet normal 0 0 1
    outer loop
      vertex 36.0976 20.3295 10.7
      vertex 35.9211 18.3122 10.7
      vertex 36.2 18.3 10.7
    endloop
  endfacet
  facet normal 0 0 1
    outer loop
      vertex 35.6443 18.3486 10.7
      vertex 35.996 20.3428 10.7
      vertex 35.8959 20.365 10.7
    endloop
  endfacet
  facet normal 0 0 1
    outer loop
      vertex 35.3718 18.409 10.7
      vertex 35.8959 20.365 10.7
      vertex 35.7981 20.3959 10.7
    endloop
  endfacet
  facet normal 0 0 1
    outer loop
      vertex 35.1055 18.493 10.7
      vertex 35.7981 20.3959 10.7
      vertex 35.7034 20.4351 10.7
    endloop
  endfacet
  facet normal 0 0 1
    outer loop
      vertex 35.996 20.3428 10.7
      vertex 35.6443 18.3486 10.7
      vertex 35.9211 18.3122 10.7
    endloop
  endfacet
  facet normal 0 0 1
    outer loop
      vertex 34.8476 18.5998 10.7
      vertex 35.7034 20.4351 10.7
      vertex 35.6125 20.4824 10.7
    endloop
  endfacet
  facet normal 0 0 1
    outer loop
      vertex 34.6 18.7287 10.7
      vertex 35.6125 20.4824 10.7
      vertex 35.526 20.5375 10.7
    endloop
  endfacet
  facet normal 0 0 1
    outer loop
      vertex 34.3646 18.8787 10.7
      vertex 35.526 20.5375 10.7
      vertex 35.4447 20.5999 10.7
    endloop
  endfacet
  facet normal 0 0 1
    outer loop
      vertex 35.8959 20.365 10.7
      vertex 35.3718 18.409 10.7
      vertex 35.6443 18.3486 10.7
    endloop
  endfacet
  facet normal 0 0 1
    outer loop
      vertex 34.1431 19.0487 10.7
      vertex 35.4447 20.5999 10.7
      vertex 35.3691 20.6691 10.7
    endloop
  endfacet
  facet normal 0 0 1
    outer loop
      vertex 33.9373 19.2373 10.7
      vertex 35.3691 20.6691 10.7
      vertex 35.2999 20.7447 10.7
    endloop
  endfacet
  facet normal 0 0 1
    outer loop
      vertex 33.7487 19.4431 10.7
      vertex 35.2999 20.7447 10.7
      vertex 35.2375 20.826 10.7
    endloop
  endfacet
  facet normal 0 0 1
    outer loop
      vertex 33.5787 19.6646 10.7
      vertex 35.2375 20.826 10.7
      vertex 35.1824 20.9125 10.7
    endloop
  endfacet
  facet normal 0 0 1
    outer loop
      vertex 33.4287 19.9 10.7
      vertex 35.1824 20.9125 10.7
      vertex 35.1351 21.0034 10.7
    endloop
  endfacet
  facet normal 0 0 1
    outer loop
      vertex 35.7981 20.3959 10.7
      vertex 35.1055 18.493 10.7
      vertex 35.3718 18.409 10.7
    endloop
  endfacet
  facet normal 0 0 1
    outer loop
      vertex 33.2998 20.1476 10.7
      vertex 35.1351 21.0034 10.7
      vertex 35.0959 21.0981 10.7
    endloop
  endfacet
  facet normal 0 0 1
    outer loop
      vertex 33.193 20.4055 10.7
      vertex 35.0959 21.0981 10.7
      vertex 35.065 21.1959 10.7
    endloop
  endfacet
  facet normal 0 0 1
    outer loop
      vertex 33.109 20.6718 10.7
      vertex 35.065 21.1959 10.7
      vertex 35.0429 21.296 10.7
    endloop
  endfacet
  facet normal 0 0 1
    outer loop
      vertex 33.0486 20.9443 10.7
      vertex 35.0429 21.296 10.7
      vertex 35.0295 21.3976 10.7
    endloop
  endfacet
  facet normal 0 0 1
    outer loop
      vertex 33.0122 21.2211 10.7
      vertex 35.0295 21.3976 10.7
      vertex 35.025 21.5 10.7
    endloop
  endfacet
  facet normal -0 0 1
    outer loop
      vertex 33.4287 23.1 10.7
      vertex 35.1824 22.0875 10.7
      vertex 33.5787 23.3354 10.7
    endloop
  endfacet
  facet normal 0 0 1
    outer loop
      vertex 35.7034 20.4351 10.7
      vertex 34.8476 18.5998 10.7
      vertex 35.1055 18.493 10.7
    endloop
  endfacet
  facet normal 0 0 1
    outer loop
      vertex 35.1824 22.0875 10.7
      vertex 33.4287 23.1 10.7
      vertex 35.1351 21.9966 10.7
    endloop
  endfacet
  facet normal 0 0 1
    outer loop
      vertex 35.6125 20.4824 10.7
      vertex 34.6 18.7287 10.7
      vertex 34.8476 18.5998 10.7
    endloop
  endfacet
  facet normal -0 0 1
    outer loop
      vertex 33.2998 22.8524 10.7
      vertex 35.1351 21.9966 10.7
      vertex 33.4287 23.1 10.7
    endloop
  endfacet
  facet normal 0 0 1
    outer loop
      vertex 35.526 20.5375 10.7
      vertex 34.3646 18.8787 10.7
      vertex 34.6 18.7287 10.7
    endloop
  endfacet
  facet normal 0 0 1
    outer loop
      vertex 35.1351 21.9966 10.7
      vertex 33.2998 22.8524 10.7
      vertex 35.0959 21.9019 10.7
    endloop
  endfacet
  facet normal 0 0 1
    outer loop
      vertex 35.4447 20.5999 10.7
      vertex 34.1431 19.0487 10.7
      vertex 34.3646 18.8787 10.7
    endloop
  endfacet
  facet normal -0 0 1
    outer loop
      vertex 33.193 22.5945 10.7
      vertex 35.0959 21.9019 10.7
      vertex 33.2998 22.8524 10.7
    endloop
  endfacet
  facet normal 0 0 1
    outer loop
      vertex 35.3691 20.6691 10.7
      vertex 33.9373 19.2373 10.7
      vertex 34.1431 19.0487 10.7
    endloop
  endfacet
  facet normal 0 0 1
    outer loop
      vertex 35.0959 21.9019 10.7
      vertex 33.193 22.5945 10.7
      vertex 35.065 21.8041 10.7
    endloop
  endfacet
  facet normal 0 0 1
    outer loop
      vertex 35.2999 20.7447 10.7
      vertex 33.7487 19.4431 10.7
      vertex 33.9373 19.2373 10.7
    endloop
  endfacet
  facet normal -0 0 1
    outer loop
      vertex 33.109 22.3282 10.7
      vertex 35.065 21.8041 10.7
      vertex 33.193 22.5945 10.7
    endloop
  endfacet
  facet normal 0 0 1
    outer loop
      vertex 35.2375 20.826 10.7
      vertex 33.5787 19.6646 10.7
      vertex 33.7487 19.4431 10.7
    endloop
  endfacet
  facet normal 0 0 1
    outer loop
      vertex 35.065 21.8041 10.7
      vertex 33.109 22.3282 10.7
      vertex 35.0429 21.704 10.7
    endloop
  endfacet
  facet normal 0 0 1
    outer loop
      vertex 35.1824 20.9125 10.7
      vertex 33.4287 19.9 10.7
      vertex 33.5787 19.6646 10.7
    endloop
  endfacet
  facet normal -0 0 1
    outer loop
      vertex 33.0486 22.0557 10.7
      vertex 35.0429 21.704 10.7
      vertex 33.109 22.3282 10.7
    endloop
  endfacet
  facet normal 0 0 1
    outer loop
      vertex 35.1351 21.0034 10.7
      vertex 33.2998 20.1476 10.7
      vertex 33.4287 19.9 10.7
    endloop
  endfacet
  facet normal 0 0 1
    outer loop
      vertex 35.0429 21.704 10.7
      vertex 33.0486 22.0557 10.7
      vertex 35.0295 21.6024 10.7
    endloop
  endfacet
  facet normal 0 0 1
    outer loop
      vertex 35.0959 21.0981 10.7
      vertex 33.193 20.4055 10.7
      vertex 33.2998 20.1476 10.7
    endloop
  endfacet
  facet normal -0 0 1
    outer loop
      vertex 33.0122 21.7789 10.7
      vertex 35.0295 21.6024 10.7
      vertex 33.0486 22.0557 10.7
    endloop
  endfacet
  facet normal 0 0 1
    outer loop
      vertex 35.065 21.1959 10.7
      vertex 33.109 20.6718 10.7
      vertex 33.193 20.4055 10.7
    endloop
  endfacet
  facet normal 0 0 1
    outer loop
      vertex 35.0295 21.6024 10.7
      vertex 33.0122 21.7789 10.7
      vertex 35.025 21.5 10.7
    endloop
  endfacet
  facet normal 0 0 1
    outer loop
      vertex 35.0429 21.296 10.7
      vertex 33.0486 20.9443 10.7
      vertex 33.109 20.6718 10.7
    endloop
  endfacet
  facet normal 0 0 1
    outer loop
      vertex 33 21.5 10.7
      vertex 35.025 21.5 10.7
      vertex 33.0122 21.7789 10.7
    endloop
  endfacet
  facet normal 0 0 1
    outer loop
      vertex 35.0295 21.3976 10.7
      vertex 33.0122 21.2211 10.7
      vertex 33.0486 20.9443 10.7
    endloop
  endfacet
  facet normal 0 0 1
    outer loop
      vertex 35.025 21.5 10.7
      vertex 33 21.5 10.7
      vertex 33.0122 21.2211 10.7
    endloop
  endfacet
  facet normal -0.95368 -0.300823 0
    outer loop
      vertex -39.207 -22.5945 2.2
      vertex -39.291 -22.3282 10.7
      vertex -39.291 -22.3282 2.2
    endloop
  endfacet
  facet normal -0.95368 -0.300823 0
    outer loop
      vertex -39.291 -22.3282 10.7
      vertex -39.207 -22.5945 2.2
      vertex -39.207 -22.5945 10.7
    endloop
  endfacet
  facet normal -0.737243 -0.675627 0
    outer loop
      vertex -38.4627 -23.7627 2.2
      vertex -38.6513 -23.5569 10.7
      vertex -38.6513 -23.5569 2.2
    endloop
  endfacet
  facet normal -0.737243 -0.675627 0
    outer loop
      vertex -38.6513 -23.5569 10.7
      vertex -38.4627 -23.7627 2.2
      vertex -38.4627 -23.7627 10.7
    endloop
  endfacet
  facet normal 0 0 1
    outer loop
      vertex -35.025 -21.5 10.7
      vertex -33 -21.5 10.7
      vertex -33.0122 -21.2211 10.7
    endloop
  endfacet
  facet normal 0 0 1
    outer loop
      vertex -35.0295 -21.3976 10.7
      vertex -33.0122 -21.2211 10.7
      vertex -33.0486 -20.9443 10.7
    endloop
  endfacet
  facet normal 0 0 1
    outer loop
      vertex -33 -21.5 10.7
      vertex -35.025 -21.5 10.7
      vertex -33.0122 -21.7789 10.7
    endloop
  endfacet
  facet normal 0 0 1
    outer loop
      vertex -35.0429 -21.296 10.7
      vertex -33.0486 -20.9443 10.7
      vertex -33.109 -20.6718 10.7
    endloop
  endfacet
  facet normal -0 0 1
    outer loop
      vertex -35.0295 -21.6024 10.7
      vertex -33.0122 -21.7789 10.7
      vertex -35.025 -21.5 10.7
    endloop
  endfacet
  facet normal 0 0 1
    outer loop
      vertex -35.065 -21.1959 10.7
      vertex -33.109 -20.6718 10.7
      vertex -33.193 -20.4055 10.7
    endloop
  endfacet
  facet normal 0 0 1
    outer loop
      vertex -33.0122 -21.7789 10.7
      vertex -35.0295 -21.6024 10.7
      vertex -33.0486 -22.0557 10.7
    endloop
  endfacet
  facet normal 0 0 1
    outer loop
      vertex -35.0959 -21.0981 10.7
      vertex -33.193 -20.4055 10.7
      vertex -33.2998 -20.1476 10.7
    endloop
  endfacet
  facet normal -0 0 1
    outer loop
      vertex -35.0429 -21.704 10.7
      vertex -33.0486 -22.0557 10.7
      vertex -35.0295 -21.6024 10.7
    endloop
  endfacet
  facet normal 0 0 1
    outer loop
      vertex -35.1351 -21.0034 10.7
      vertex -33.2998 -20.1476 10.7
      vertex -33.4287 -19.9 10.7
    endloop
  endfacet
  facet normal 0 0 1
    outer loop
      vertex -33.0486 -22.0557 10.7
      vertex -35.0429 -21.704 10.7
      vertex -33.109 -22.3282 10.7
    endloop
  endfacet
  facet normal 0 0 1
    outer loop
      vertex -35.1824 -20.9125 10.7
      vertex -33.4287 -19.9 10.7
      vertex -33.5787 -19.6646 10.7
    endloop
  endfacet
  facet normal -0 0 1
    outer loop
      vertex -35.065 -21.8041 10.7
      vertex -33.109 -22.3282 10.7
      vertex -35.0429 -21.704 10.7
    endloop
  endfacet
  facet normal 0 0 1
    outer loop
      vertex -35.2375 -20.826 10.7
      vertex -33.5787 -19.6646 10.7
      vertex -33.7487 -19.4431 10.7
    endloop
  endfacet
  facet normal 0 0 1
    outer loop
      vertex -33.109 -22.3282 10.7
      vertex -35.065 -21.8041 10.7
      vertex -33.193 -22.5945 10.7
    endloop
  endfacet
  facet normal 0 0 1
    outer loop
      vertex -35.2999 -20.7447 10.7
      vertex -33.7487 -19.4431 10.7
      vertex -33.9373 -19.2373 10.7
    endloop
  endfacet
  facet normal -0 0 1
    outer loop
      vertex -35.0959 -21.9019 10.7
      vertex -33.193 -22.5945 10.7
      vertex -35.065 -21.8041 10.7
    endloop
  endfacet
  facet normal 0 0 1
    outer loop
      vertex -35.3691 -20.6691 10.7
      vertex -33.9373 -19.2373 10.7
      vertex -34.1431 -19.0487 10.7
    endloop
  endfacet
  facet normal 0 0 1
    outer loop
      vertex -33.193 -22.5945 10.7
      vertex -35.0959 -21.9019 10.7
      vertex -33.2998 -22.8524 10.7
    endloop
  endfacet
  facet normal 0 0 1
    outer loop
      vertex -35.4447 -20.5999 10.7
      vertex -34.1431 -19.0487 10.7
      vertex -34.3646 -18.8787 10.7
    endloop
  endfacet
  facet normal -0 0 1
    outer loop
      vertex -35.1351 -21.9966 10.7
      vertex -33.2998 -22.8524 10.7
      vertex -35.0959 -21.9019 10.7
    endloop
  endfacet
  facet normal 0 0 1
    outer loop
      vertex -35.526 -20.5375 10.7
      vertex -34.3646 -18.8787 10.7
      vertex -34.6 -18.7287 10.7
    endloop
  endfacet
  facet normal 0 0 1
    outer loop
      vertex -33.2998 -22.8524 10.7
      vertex -35.1351 -21.9966 10.7
      vertex -33.4287 -23.1 10.7
    endloop
  endfacet
  facet normal 0 0 1
    outer loop
      vertex -35.6125 -20.4824 10.7
      vertex -34.6 -18.7287 10.7
      vertex -34.8476 -18.5998 10.7
    endloop
  endfacet
  facet normal -0 0 1
    outer loop
      vertex -35.1824 -22.0875 10.7
      vertex -33.4287 -23.1 10.7
      vertex -35.1351 -21.9966 10.7
    endloop
  endfacet
  facet normal 0 0 1
    outer loop
      vertex -33.4287 -23.1 10.7
      vertex -35.1824 -22.0875 10.7
      vertex -33.5787 -23.3354 10.7
    endloop
  endfacet
  facet normal 0 0 1
    outer loop
      vertex -33.0122 -21.2211 10.7
      vertex -35.0295 -21.3976 10.7
      vertex -35.025 -21.5 10.7
    endloop
  endfacet
  facet normal 0 0 1
    outer loop
      vertex -33.0486 -20.9443 10.7
      vertex -35.0429 -21.296 10.7
      vertex -35.0295 -21.3976 10.7
    endloop
  endfacet
  facet normal 0 0 1
    outer loop
      vertex -33.109 -20.6718 10.7
      vertex -35.065 -21.1959 10.7
      vertex -35.0429 -21.296 10.7
    endloop
  endfacet
  facet normal 0 0 1
    outer loop
      vertex -33.193 -20.4055 10.7
      vertex -35.0959 -21.0981 10.7
      vertex -35.065 -21.1959 10.7
    endloop
  endfacet
  facet normal 0 0 1
    outer loop
      vertex -35.7034 -20.4351 10.7
      vertex -34.8476 -18.5998 10.7
      vertex -35.1055 -18.493 10.7
    endloop
  endfacet
  facet normal 0 0 1
    outer loop
      vertex -33.2998 -20.1476 10.7
      vertex -35.1351 -21.0034 10.7
      vertex -35.0959 -21.0981 10.7
    endloop
  endfacet
  facet normal 0 0 1
    outer loop
      vertex -33.4287 -19.9 10.7
      vertex -35.1824 -20.9125 10.7
      vertex -35.1351 -21.0034 10.7
    endloop
  endfacet
  facet normal 0 0 1
    outer loop
      vertex -33.5787 -19.6646 10.7
      vertex -35.2375 -20.826 10.7
      vertex -35.1824 -20.9125 10.7
    endloop
  endfacet
  facet normal 0 0 1
    outer loop
      vertex -33.7487 -19.4431 10.7
      vertex -35.2999 -20.7447 10.7
      vertex -35.2375 -20.826 10.7
    endloop
  endfacet
  facet normal 0 0 1
    outer loop
      vertex -33.9373 -19.2373 10.7
      vertex -35.3691 -20.6691 10.7
      vertex -35.2999 -20.7447 10.7
    endloop
  endfacet
  facet normal 0 0 1
    outer loop
      vertex -35.7981 -20.3959 10.7
      vertex -35.1055 -18.493 10.7
      vertex -35.3718 -18.409 10.7
    endloop
  endfacet
  facet normal 0 0 1
    outer loop
      vertex -34.1431 -19.0487 10.7
      vertex -35.4447 -20.5999 10.7
      vertex -35.3691 -20.6691 10.7
    endloop
  endfacet
  facet normal 0 0 1
    outer loop
      vertex -34.3646 -18.8787 10.7
      vertex -35.526 -20.5375 10.7
      vertex -35.4447 -20.5999 10.7
    endloop
  endfacet
  facet normal 0 0 1
    outer loop
      vertex -34.6 -18.7287 10.7
      vertex -35.6125 -20.4824 10.7
      vertex -35.526 -20.5375 10.7
    endloop
  endfacet
  facet normal 0 0 1
    outer loop
      vertex -35.8959 -20.365 10.7
      vertex -35.3718 -18.409 10.7
      vertex -35.6443 -18.3486 10.7
    endloop
  endfacet
  facet normal 0 0 1
    outer loop
      vertex -34.8476 -18.5998 10.7
      vertex -35.7034 -20.4351 10.7
      vertex -35.6125 -20.4824 10.7
    endloop
  endfacet
  facet normal 0 0 1
    outer loop
      vertex -35.1055 -18.493 10.7
      vertex -35.7981 -20.3959 10.7
      vertex -35.7034 -20.4351 10.7
    endloop
  endfacet
  facet normal 0 0 1
    outer loop
      vertex -35.3718 -18.409 10.7
      vertex -35.8959 -20.365 10.7
      vertex -35.7981 -20.3959 10.7
    endloop
  endfacet
  facet normal 0 0 1
    outer loop
      vertex -35.996 -20.3428 10.7
      vertex -35.6443 -18.3486 10.7
      vertex -35.9211 -18.3122 10.7
    endloop
  endfacet
  facet normal 0 0 1
    outer loop
      vertex -35.6443 -18.3486 10.7
      vertex -35.996 -20.3428 10.7
      vertex -35.8959 -20.365 10.7
    endloop
  endfacet
  facet normal 0 0 1
    outer loop
      vertex -35.9211 -18.3122 10.7
      vertex -36.0976 -20.3295 10.7
      vertex -35.996 -20.3428 10.7
    endloop
  endfacet
  facet normal 0 0 1
    outer loop
      vertex -36.2 -18.3 10.7
      vertex -36.0976 -20.3295 10.7
      vertex -35.9211 -18.3122 10.7
    endloop
  endfacet
  facet normal 0 0 1
    outer loop
      vertex -36.2 -18.3 10.7
      vertex -36.2 -20.325 10.7
      vertex -36.0976 -20.3295 10.7
    endloop
  endfacet
  facet normal 0 0 1
    outer loop
      vertex -36.2 -18.3 10.7
      vertex -36.3024 -20.3295 10.7
      vertex -36.2 -20.325 10.7
    endloop
  endfacet
  facet normal -0 0 1
    outer loop
      vertex -36.4789 -18.3122 10.7
      vertex -36.3024 -20.3295 10.7
      vertex -36.2 -18.3 10.7
    endloop
  endfacet
  facet normal 0 0 1
    outer loop
      vertex -36.3024 -20.3295 10.7
      vertex -36.4789 -18.3122 10.7
      vertex -36.404 -20.3428 10.7
    endloop
  endfacet
  facet normal -0 0 1
    outer loop
      vertex -36.7557 -18.3486 10.7
      vertex -36.404 -20.3428 10.7
      vertex -36.4789 -18.3122 10.7
    endloop
  endfacet
  facet normal 0 0 1
    outer loop
      vertex -36.404 -20.3428 10.7
      vertex -36.7557 -18.3486 10.7
      vertex -36.5041 -20.365 10.7
    endloop
  endfacet
  facet normal -0 0 1
    outer loop
      vertex -37.0282 -18.409 10.7
      vertex -36.5041 -20.365 10.7
      vertex -36.7557 -18.3486 10.7
    endloop
  endfacet
  facet normal 0 0 1
    outer loop
      vertex -36.5041 -20.365 10.7
      vertex -37.0282 -18.409 10.7
      vertex -36.6019 -20.3959 10.7
    endloop
  endfacet
  facet normal -0 0 1
    outer loop
      vertex -37.2945 -18.493 10.7
      vertex -36.6019 -20.3959 10.7
      vertex -37.0282 -18.409 10.7
    endloop
  endfacet
  facet normal 0 0 1
    outer loop
      vertex -36.6019 -20.3959 10.7
      vertex -37.2945 -18.493 10.7
      vertex -36.6966 -20.4351 10.7
    endloop
  endfacet
  facet normal -0 0 1
    outer loop
      vertex -37.5524 -18.5998 10.7
      vertex -36.6966 -20.4351 10.7
      vertex -37.2945 -18.493 10.7
    endloop
  endfacet
  facet normal 0 0 1
    outer loop
      vertex -36.6966 -20.4351 10.7
      vertex -37.5524 -18.5998 10.7
      vertex -36.7875 -20.4824 10.7
    endloop
  endfacet
  facet normal -0 0 1
    outer loop
      vertex -37.8 -18.7287 10.7
      vertex -36.7875 -20.4824 10.7
      vertex -37.5524 -18.5998 10.7
    endloop
  endfacet
  facet normal 0 0 1
    outer loop
      vertex -36.7875 -20.4824 10.7
      vertex -37.8 -18.7287 10.7
      vertex -36.874 -20.5375 10.7
    endloop
  endfacet
  facet normal -0 0 1
    outer loop
      vertex -38.0354 -18.8787 10.7
      vertex -36.874 -20.5375 10.7
      vertex -37.8 -18.7287 10.7
    endloop
  endfacet
  facet normal 0 0 1
    outer loop
      vertex -36.874 -20.5375 10.7
      vertex -38.0354 -18.8787 10.7
      vertex -36.9553 -20.5999 10.7
    endloop
  endfacet
  facet normal -0 0 1
    outer loop
      vertex -38.2569 -19.0487 10.7
      vertex -36.9553 -20.5999 10.7
      vertex -38.0354 -18.8787 10.7
    endloop
  endfacet
  facet normal 0 0 1
    outer loop
      vertex -36.9553 -20.5999 10.7
      vertex -38.2569 -19.0487 10.7
      vertex -37.0308 -20.6691 10.7
    endloop
  endfacet
  facet normal -0 0 1
    outer loop
      vertex -38.4627 -19.2373 10.7
      vertex -37.0308 -20.6691 10.7
      vertex -38.2569 -19.0487 10.7
    endloop
  endfacet
  facet normal 0 0 1
    outer loop
      vertex -37.0308 -20.6691 10.7
      vertex -38.4627 -19.2373 10.7
      vertex -37.1001 -20.7447 10.7
    endloop
  endfacet
  facet normal -0 0 1
    outer loop
      vertex -38.6513 -19.4431 10.7
      vertex -37.1001 -20.7447 10.7
      vertex -38.4627 -19.2373 10.7
    endloop
  endfacet
  facet normal 0 0 1
    outer loop
      vertex -37.1001 -20.7447 10.7
      vertex -38.6513 -19.4431 10.7
      vertex -37.1625 -20.826 10.7
    endloop
  endfacet
  facet normal -0 0 1
    outer loop
      vertex -38.8213 -19.6646 10.7
      vertex -37.1625 -20.826 10.7
      vertex -38.6513 -19.4431 10.7
    endloop
  endfacet
  facet normal 0 0 1
    outer loop
      vertex -37.1625 -20.826 10.7
      vertex -38.8213 -19.6646 10.7
      vertex -37.2176 -20.9125 10.7
    endloop
  endfacet
  facet normal -0 0 1
    outer loop
      vertex -35.2375 -22.174 10.7
      vertex -33.5787 -23.3354 10.7
      vertex -35.1824 -22.0875 10.7
    endloop
  endfacet
  facet normal 0 0 1
    outer loop
      vertex -33.5787 -23.3354 10.7
      vertex -35.2375 -22.174 10.7
      vertex -33.7487 -23.5569 10.7
    endloop
  endfacet
  facet normal -0 0 1
    outer loop
      vertex -35.2999 -22.2553 10.7
      vertex -33.7487 -23.5569 10.7
      vertex -35.2375 -22.174 10.7
    endloop
  endfacet
  facet normal 0 0 1
    outer loop
      vertex -33.7487 -23.5569 10.7
      vertex -35.2999 -22.2553 10.7
      vertex -33.9373 -23.7627 10.7
    endloop
  endfacet
  facet normal -0 0 1
    outer loop
      vertex -35.3691 -22.3308 10.7
      vertex -33.9373 -23.7627 10.7
      vertex -35.2999 -22.2553 10.7
    endloop
  endfacet
  facet normal 0 0 1
    outer loop
      vertex -33.9373 -23.7627 10.7
      vertex -35.3691 -22.3308 10.7
      vertex -34.1431 -23.9513 10.7
    endloop
  endfacet
  facet normal -0 0 1
    outer loop
      vertex -35.4447 -22.4001 10.7
      vertex -34.1431 -23.9513 10.7
      vertex -35.3691 -22.3308 10.7
    endloop
  endfacet
  facet normal 0 0 1
    outer loop
      vertex -34.1431 -23.9513 10.7
      vertex -35.4447 -22.4001 10.7
      vertex -34.3646 -24.1213 10.7
    endloop
  endfacet
  facet normal -0 0 1
    outer loop
      vertex -35.526 -22.4625 10.7
      vertex -34.3646 -24.1213 10.7
      vertex -35.4447 -22.4001 10.7
    endloop
  endfacet
  facet normal 0 0 1
    outer loop
      vertex -34.3646 -24.1213 10.7
      vertex -35.526 -22.4625 10.7
      vertex -34.6 -24.2713 10.7
    endloop
  endfacet
  facet normal -0 0 1
    outer loop
      vertex -35.6125 -22.5176 10.7
      vertex -34.6 -24.2713 10.7
      vertex -35.526 -22.4625 10.7
    endloop
  endfacet
  facet normal 0 0 1
    outer loop
      vertex -34.6 -24.2713 10.7
      vertex -35.6125 -22.5176 10.7
      vertex -34.8476 -24.4002 10.7
    endloop
  endfacet
  facet normal -0 0 1
    outer loop
      vertex -35.7034 -22.5649 10.7
      vertex -34.8476 -24.4002 10.7
      vertex -35.6125 -22.5176 10.7
    endloop
  endfacet
  facet normal 0 0 1
    outer loop
      vertex -34.8476 -24.4002 10.7
      vertex -35.7034 -22.5649 10.7
      vertex -35.1055 -24.507 10.7
    endloop
  endfacet
  facet normal -0 0 1
    outer loop
      vertex -35.7981 -22.6041 10.7
      vertex -35.1055 -24.507 10.7
      vertex -35.7034 -22.5649 10.7
    endloop
  endfacet
  facet normal 0 0 1
    outer loop
      vertex -35.1055 -24.507 10.7
      vertex -35.7981 -22.6041 10.7
      vertex -35.3718 -24.591 10.7
    endloop
  endfacet
  facet normal -0 0 1
    outer loop
      vertex -35.8959 -22.635 10.7
      vertex -35.3718 -24.591 10.7
      vertex -35.7981 -22.6041 10.7
    endloop
  endfacet
  facet normal 0 0 1
    outer loop
      vertex -35.3718 -24.591 10.7
      vertex -35.8959 -22.635 10.7
      vertex -35.6443 -24.6514 10.7
    endloop
  endfacet
  facet normal -0 0 1
    outer loop
      vertex -35.996 -22.6571 10.7
      vertex -35.6443 -24.6514 10.7
      vertex -35.8959 -22.635 10.7
    endloop
  endfacet
  facet normal 0 0 1
    outer loop
      vertex -35.6443 -24.6514 10.7
      vertex -35.996 -22.6571 10.7
      vertex -35.9211 -24.6878 10.7
    endloop
  endfacet
  facet normal -0 0 1
    outer loop
      vertex -36.0976 -22.6705 10.7
      vertex -35.9211 -24.6878 10.7
      vertex -35.996 -22.6571 10.7
    endloop
  endfacet
  facet normal -0 0 1
    outer loop
      vertex -36.2 -22.675 10.7
      vertex -35.9211 -24.6878 10.7
      vertex -36.0976 -22.6705 10.7
    endloop
  endfacet
  facet normal 0 0 1
    outer loop
      vertex -36.2 -22.675 10.7
      vertex -36.2 -24.7 10.7
      vertex -35.9211 -24.6878 10.7
    endloop
  endfacet
  facet normal 0 0 1
    outer loop
      vertex -36.3024 -22.6705 10.7
      vertex -36.2 -24.7 10.7
      vertex -36.2 -22.675 10.7
    endloop
  endfacet
  facet normal 0 0 1
    outer loop
      vertex -36.4789 -24.6878 10.7
      vertex -36.3024 -22.6705 10.7
      vertex -36.404 -22.6571 10.7
    endloop
  endfacet
  facet normal 0 0 1
    outer loop
      vertex -36.3024 -22.6705 10.7
      vertex -36.4789 -24.6878 10.7
      vertex -36.2 -24.7 10.7
    endloop
  endfacet
  facet normal 0 0 1
    outer loop
      vertex -36.7557 -24.6514 10.7
      vertex -36.404 -22.6571 10.7
      vertex -36.5041 -22.635 10.7
    endloop
  endfacet
  facet normal 0 0 1
    outer loop
      vertex -37.0282 -24.591 10.7
      vertex -36.5041 -22.635 10.7
      vertex -36.6019 -22.6041 10.7
    endloop
  endfacet
  facet normal 0 0 1
    outer loop
      vertex -37.2945 -24.507 10.7
      vertex -36.6019 -22.6041 10.7
      vertex -36.6966 -22.5649 10.7
    endloop
  endfacet
  facet normal 0 0 1
    outer loop
      vertex -36.404 -22.6571 10.7
      vertex -36.7557 -24.6514 10.7
      vertex -36.4789 -24.6878 10.7
    endloop
  endfacet
  facet normal 0 0 1
    outer loop
      vertex -37.5524 -24.4002 10.7
      vertex -36.6966 -22.5649 10.7
      vertex -36.7875 -22.5176 10.7
    endloop
  endfacet
  facet normal 0 0 1
    outer loop
      vertex -37.8 -24.2713 10.7
      vertex -36.7875 -22.5176 10.7
      vertex -36.874 -22.4625 10.7
    endloop
  endfacet
  facet normal 0 0 1
    outer loop
      vertex -38.0354 -24.1213 10.7
      vertex -36.874 -22.4625 10.7
      vertex -36.9553 -22.4001 10.7
    endloop
  endfacet
  facet normal 0 0 1
    outer loop
      vertex -36.5041 -22.635 10.7
      vertex -37.0282 -24.591 10.7
      vertex -36.7557 -24.6514 10.7
    endloop
  endfacet
  facet normal 0 0 1
    outer loop
      vertex -38.2569 -23.9513 10.7
      vertex -36.9553 -22.4001 10.7
      vertex -37.0308 -22.3308 10.7
    endloop
  endfacet
  facet normal 0 0 1
    outer loop
      vertex -38.4627 -23.7627 10.7
      vertex -37.0308 -22.3308 10.7
      vertex -37.1001 -22.2553 10.7
    endloop
  endfacet
  facet normal 0 0 1
    outer loop
      vertex -38.6513 -23.5569 10.7
      vertex -37.1001 -22.2553 10.7
      vertex -37.1625 -22.174 10.7
    endloop
  endfacet
  facet normal 0 0 1
    outer loop
      vertex -38.8213 -23.3354 10.7
      vertex -37.1625 -22.174 10.7
      vertex -37.2176 -22.0875 10.7
    endloop
  endfacet
  facet normal 0 0 1
    outer loop
      vertex -38.9713 -23.1 10.7
      vertex -37.2176 -22.0875 10.7
      vertex -37.2649 -21.9966 10.7
    endloop
  endfacet
  facet normal 0 0 1
    outer loop
      vertex -36.6019 -22.6041 10.7
      vertex -37.2945 -24.507 10.7
      vertex -37.0282 -24.591 10.7
    endloop
  endfacet
  facet normal 0 0 1
    outer loop
      vertex -39.1002 -22.8524 10.7
      vertex -37.2649 -21.9966 10.7
      vertex -37.3041 -21.9019 10.7
    endloop
  endfacet
  facet normal 0 0 1
    outer loop
      vertex -39.207 -22.5945 10.7
      vertex -37.3041 -21.9019 10.7
      vertex -37.335 -21.8041 10.7
    endloop
  endfacet
  facet normal 0 0 1
    outer loop
      vertex -39.291 -22.3282 10.7
      vertex -37.335 -21.8041 10.7
      vertex -37.3571 -21.704 10.7
    endloop
  endfacet
  facet normal 0 0 1
    outer loop
      vertex -39.3514 -22.0557 10.7
      vertex -37.3571 -21.704 10.7
      vertex -37.3705 -21.6024 10.7
    endloop
  endfacet
  facet normal 0 0 1
    outer loop
      vertex -39.3878 -21.7789 10.7
      vertex -37.3705 -21.6024 10.7
      vertex -37.375 -21.5 10.7
    endloop
  endfacet
  facet normal -0 0 1
    outer loop
      vertex -38.9713 -19.9 10.7
      vertex -37.2176 -20.9125 10.7
      vertex -38.8213 -19.6646 10.7
    endloop
  endfacet
  facet normal 0 0 1
    outer loop
      vertex -36.6966 -22.5649 10.7
      vertex -37.5524 -24.4002 10.7
      vertex -37.2945 -24.507 10.7
    endloop
  endfacet
  facet normal 0 0 1
    outer loop
      vertex -37.2176 -20.9125 10.7
      vertex -38.9713 -19.9 10.7
      vertex -37.2649 -21.0034 10.7
    endloop
  endfacet
  facet normal 0 0 1
    outer loop
      vertex -36.7875 -22.5176 10.7
      vertex -37.8 -24.2713 10.7
      vertex -37.5524 -24.4002 10.7
    endloop
  endfacet
  facet normal -0 0 1
    outer loop
      vertex -39.1002 -20.1476 10.7
      vertex -37.2649 -21.0034 10.7
      vertex -38.9713 -19.9 10.7
    endloop
  endfacet
  facet normal 0 0 1
    outer loop
      vertex -36.874 -22.4625 10.7
      vertex -38.0354 -24.1213 10.7
      vertex -37.8 -24.2713 10.7
    endloop
  endfacet
  facet normal 0 0 1
    outer loop
      vertex -37.2649 -21.0034 10.7
      vertex -39.1002 -20.1476 10.7
      vertex -37.3041 -21.0981 10.7
    endloop
  endfacet
  facet normal 0 0 1
    outer loop
      vertex -36.9553 -22.4001 10.7
      vertex -38.2569 -23.9513 10.7
      vertex -38.0354 -24.1213 10.7
    endloop
  endfacet
  facet normal -0 0 1
    outer loop
      vertex -39.207 -20.4055 10.7
      vertex -37.3041 -21.0981 10.7
      vertex -39.1002 -20.1476 10.7
    endloop
  endfacet
  facet normal 0 0 1
    outer loop
      vertex -37.0308 -22.3308 10.7
      vertex -38.4627 -23.7627 10.7
      vertex -38.2569 -23.9513 10.7
    endloop
  endfacet
  facet normal 0 0 1
    outer loop
      vertex -37.3041 -21.0981 10.7
      vertex -39.207 -20.4055 10.7
      vertex -37.335 -21.1959 10.7
    endloop
  endfacet
  facet normal 0 0 1
    outer loop
      vertex -37.1001 -22.2553 10.7
      vertex -38.6513 -23.5569 10.7
      vertex -38.4627 -23.7627 10.7
    endloop
  endfacet
  facet normal -0 0 1
    outer loop
      vertex -39.291 -20.6718 10.7
      vertex -37.335 -21.1959 10.7
      vertex -39.207 -20.4055 10.7
    endloop
  endfacet
  facet normal 0 0 1
    outer loop
      vertex -37.1625 -22.174 10.7
      vertex -38.8213 -23.3354 10.7
      vertex -38.6513 -23.5569 10.7
    endloop
  endfacet
  facet normal 0 0 1
    outer loop
      vertex -37.335 -21.1959 10.7
      vertex -39.291 -20.6718 10.7
      vertex -37.3571 -21.296 10.7
    endloop
  endfacet
  facet normal 0 0 1
    outer loop
      vertex -37.2176 -22.0875 10.7
      vertex -38.9713 -23.1 10.7
      vertex -38.8213 -23.3354 10.7
    endloop
  endfacet
  facet normal -0 0 1
    outer loop
      vertex -39.3514 -20.9443 10.7
      vertex -37.3571 -21.296 10.7
      vertex -39.291 -20.6718 10.7
    endloop
  endfacet
  facet normal 0 0 1
    outer loop
      vertex -37.2649 -21.9966 10.7
      vertex -39.1002 -22.8524 10.7
      vertex -38.9713 -23.1 10.7
    endloop
  endfacet
  facet normal 0 0 1
    outer loop
      vertex -37.3571 -21.296 10.7
      vertex -39.3514 -20.9443 10.7
      vertex -37.3705 -21.3976 10.7
    endloop
  endfacet
  facet normal 0 0 1
    outer loop
      vertex -37.3041 -21.9019 10.7
      vertex -39.207 -22.5945 10.7
      vertex -39.1002 -22.8524 10.7
    endloop
  endfacet
  facet normal -0 0 1
    outer loop
      vertex -39.3878 -21.2211 10.7
      vertex -37.3705 -21.3976 10.7
      vertex -39.3514 -20.9443 10.7
    endloop
  endfacet
  facet normal 0 0 1
    outer loop
      vertex -37.335 -21.8041 10.7
      vertex -39.291 -22.3282 10.7
      vertex -39.207 -22.5945 10.7
    endloop
  endfacet
  facet normal 0 0 1
    outer loop
      vertex -37.3705 -21.3976 10.7
      vertex -39.3878 -21.2211 10.7
      vertex -37.375 -21.5 10.7
    endloop
  endfacet
  facet normal 0 0 1
    outer loop
      vertex -37.3571 -21.704 10.7
      vertex -39.3514 -22.0557 10.7
      vertex -39.291 -22.3282 10.7
    endloop
  endfacet
  facet normal 0 0 1
    outer loop
      vertex -39.4 -21.5 10.7
      vertex -37.375 -21.5 10.7
      vertex -39.3878 -21.2211 10.7
    endloop
  endfacet
  facet normal 0 0 1
    outer loop
      vertex -37.3705 -21.6024 10.7
      vertex -39.3878 -21.7789 10.7
      vertex -39.3514 -22.0557 10.7
    endloop
  endfacet
  facet normal 0 0 1
    outer loop
      vertex -37.375 -21.5 10.7
      vertex -39.4 -21.5 10.7
      vertex -39.3878 -21.7789 10.7
    endloop
  endfacet
  facet normal 0.300823 -0.95368 0
    outer loop
      vertex -35.3718 -24.591 2.2
      vertex -35.1055 -24.507 10.7
      vertex -35.3718 -24.591 10.7
    endloop
  endfacet
  facet normal 0.300823 -0.95368 0
    outer loop
      vertex -35.1055 -24.507 10.7
      vertex -35.3718 -24.591 2.2
      vertex -35.1055 -24.507 2.2
    endloop
  endfacet
  facet normal -0.537385 -0.843337 0
    outer loop
      vertex -38.0354 -24.1213 2.2
      vertex -37.8 -24.2713 10.7
      vertex -38.0354 -24.1213 10.7
    endloop
  endfacet
  facet normal -0.537385 -0.843337 -0
    outer loop
      vertex -37.8 -24.2713 10.7
      vertex -38.0354 -24.1213 2.2
      vertex -37.8 -24.2713 2.2
    endloop
  endfacet
  facet normal 0.0437015 -0.999045 0
    outer loop
      vertex -36.2 -24.7 2.2
      vertex -35.9211 -24.6878 10.7
      vertex -36.2 -24.7 10.7
    endloop
  endfacet
  facet normal 0.0437015 -0.999045 0
    outer loop
      vertex -35.9211 -24.6878 10.7
      vertex -36.2 -24.7 2.2
      vertex -35.9211 -24.6878 2.2
    endloop
  endfacet
  facet normal 0.887 0.46177 0
    outer loop
      vertex -33.2998 -20.1476 10.7
      vertex -33.4287 -19.9 2.2
      vertex -33.4287 -19.9 10.7
    endloop
  endfacet
  facet normal 0.887 0.46177 0
    outer loop
      vertex -33.4287 -19.9 2.2
      vertex -33.2998 -20.1476 10.7
      vertex -33.2998 -20.1476 2.2
    endloop
  endfacet
  facet normal -0.382605 0.923912 0
    outer loop
      vertex -37.2945 -18.493 2.2
      vertex -37.5524 -18.5998 10.7
      vertex -37.2945 -18.493 10.7
    endloop
  endfacet
  facet normal -0.382605 0.923912 0
    outer loop
      vertex -37.5524 -18.5998 10.7
      vertex -37.2945 -18.493 2.2
      vertex -37.5524 -18.5998 2.2
    endloop
  endfacet
  facet normal 0.382605 0.923912 -0
    outer loop
      vertex -34.8476 -18.5998 2.2
      vertex -35.1055 -18.493 10.7
      vertex -34.8476 -18.5998 10.7
    endloop
  endfacet
  facet normal 0.382605 0.923912 0
    outer loop
      vertex -35.1055 -18.493 10.7
      vertex -34.8476 -18.5998 2.2
      vertex -35.1055 -18.493 2.2
    endloop
  endfacet
  facet normal 0.843337 0.537385 0
    outer loop
      vertex -33.4287 -19.9 10.7
      vertex -33.5787 -19.6646 2.2
      vertex -33.5787 -19.6646 10.7
    endloop
  endfacet
  facet normal 0.843337 0.537385 0
    outer loop
      vertex -33.5787 -19.6646 2.2
      vertex -33.4287 -19.9 10.7
      vertex -33.4287 -19.9 2.2
    endloop
  endfacet
  facet normal 0.300823 0.95368 -0
    outer loop
      vertex -35.1055 -18.493 2.2
      vertex -35.3718 -18.409 10.7
      vertex -35.1055 -18.493 10.7
    endloop
  endfacet
  facet normal 0.300823 0.95368 0
    outer loop
      vertex -35.3718 -18.409 10.7
      vertex -35.1055 -18.493 2.2
      vertex -35.3718 -18.409 2.2
    endloop
  endfacet
  facet normal 0.793289 -0.608845 0
    outer loop
      vertex -33.7487 -23.5569 10.7
      vertex -33.5787 -23.3354 2.2
      vertex -33.5787 -23.3354 10.7
    endloop
  endfacet
  facet normal 0.793289 -0.608845 0
    outer loop
      vertex -33.5787 -23.3354 2.2
      vertex -33.7487 -23.5569 10.7
      vertex -33.7487 -23.5569 2.2
    endloop
  endfacet
  facet normal 0.887 -0.46177 0
    outer loop
      vertex -33.4287 -23.1 10.7
      vertex -33.2998 -22.8524 2.2
      vertex -33.2998 -22.8524 10.7
    endloop
  endfacet
  facet normal 0.887 -0.46177 0
    outer loop
      vertex -33.2998 -22.8524 2.2
      vertex -33.4287 -23.1 10.7
      vertex -33.4287 -23.1 2.2
    endloop
  endfacet
  facet normal -0.95368 0.300823 0
    outer loop
      vertex -39.291 -20.6718 2.2
      vertex -39.207 -20.4055 10.7
      vertex -39.207 -20.4055 2.2
    endloop
  endfacet
  facet normal -0.95368 0.300823 0
    outer loop
      vertex -39.207 -20.4055 10.7
      vertex -39.291 -20.6718 2.2
      vertex -39.291 -20.6718 10.7
    endloop
  endfacet
  facet normal 0.991464 0.13038 0
    outer loop
      vertex -33.0122 -21.2211 10.7
      vertex -33.0486 -20.9443 2.2
      vertex -33.0486 -20.9443 10.7
    endloop
  endfacet
  facet normal 0.991464 0.13038 0
    outer loop
      vertex -33.0486 -20.9443 2.2
      vertex -33.0122 -21.2211 10.7
      vertex -33.0122 -21.2211 2.2
    endloop
  endfacet
  facet normal -0.675627 -0.737243 0
    outer loop
      vertex -38.4627 -23.7627 2.2
      vertex -38.2569 -23.9513 10.7
      vertex -38.4627 -23.7627 10.7
    endloop
  endfacet
  facet normal -0.675627 -0.737243 -0
    outer loop
      vertex -38.2569 -23.9513 10.7
      vertex -38.4627 -23.7627 2.2
      vertex -38.2569 -23.9513 2.2
    endloop
  endfacet
  facet normal -0.999045 -0.0437015 0
    outer loop
      vertex -39.3878 -21.7789 2.2
      vertex -39.4 -21.5 10.7
      vertex -39.4 -21.5 2.2
    endloop
  endfacet
  facet normal -0.999045 -0.0437015 0
    outer loop
      vertex -39.4 -21.5 10.7
      vertex -39.3878 -21.7789 2.2
      vertex -39.3878 -21.7789 10.7
    endloop
  endfacet
  facet normal 0.976305 -0.216399 0
    outer loop
      vertex -33.109 -22.3282 10.7
      vertex -33.0486 -22.0557 2.2
      vertex -33.0486 -22.0557 10.7
    endloop
  endfacet
  facet normal 0.976305 -0.216399 0
    outer loop
      vertex -33.0486 -22.0557 2.2
      vertex -33.109 -22.3282 10.7
      vertex -33.109 -22.3282 2.2
    endloop
  endfacet
  facet normal -0.608845 0.793289 0
    outer loop
      vertex -38.0354 -18.8787 2.2
      vertex -38.2569 -19.0487 10.7
      vertex -38.0354 -18.8787 10.7
    endloop
  endfacet
  facet normal -0.608845 0.793289 0
    outer loop
      vertex -38.2569 -19.0487 10.7
      vertex -38.0354 -18.8787 2.2
      vertex -38.2569 -19.0487 2.2
    endloop
  endfacet
  facet normal 0.843337 -0.537385 0
    outer loop
      vertex -33.5787 -23.3354 10.7
      vertex -33.4287 -23.1 2.2
      vertex -33.4287 -23.1 10.7
    endloop
  endfacet
  facet normal 0.843337 -0.537385 0
    outer loop
      vertex -33.4287 -23.1 2.2
      vertex -33.5787 -23.3354 10.7
      vertex -33.5787 -23.3354 2.2
    endloop
  endfacet
  facet normal -0.976305 -0.216399 0
    outer loop
      vertex -39.291 -22.3282 2.2
      vertex -39.3514 -22.0557 10.7
      vertex -39.3514 -22.0557 2.2
    endloop
  endfacet
  facet normal -0.976305 -0.216399 0
    outer loop
      vertex -39.3514 -22.0557 10.7
      vertex -39.291 -22.3282 2.2
      vertex -39.291 -22.3282 10.7
    endloop
  endfacet
  facet normal -0.887 0.46177 0
    outer loop
      vertex -39.1002 -20.1476 2.2
      vertex -38.9713 -19.9 10.7
      vertex -38.9713 -19.9 2.2
    endloop
  endfacet
  facet normal -0.887 0.46177 0
    outer loop
      vertex -38.9713 -19.9 10.7
      vertex -39.1002 -20.1476 2.2
      vertex -39.1002 -20.1476 10.7
    endloop
  endfacet
  facet normal -0.13038 0.991464 0
    outer loop
      vertex -36.4789 -18.3122 2.2
      vertex -36.7557 -18.3486 10.7
      vertex -36.4789 -18.3122 10.7
    endloop
  endfacet
  facet normal -0.13038 0.991464 0
    outer loop
      vertex -36.7557 -18.3486 10.7
      vertex -36.4789 -18.3122 2.2
      vertex -36.7557 -18.3486 2.2
    endloop
  endfacet
  facet normal 0.999045 -0.0437015 0
    outer loop
      vertex -33.0122 -21.7789 10.7
      vertex -33 -21.5 2.2
      vertex -33 -21.5 10.7
    endloop
  endfacet
  facet normal 0.999045 -0.0437015 0
    outer loop
      vertex -33 -21.5 2.2
      vertex -33.0122 -21.7789 10.7
      vertex -33.0122 -21.7789 2.2
    endloop
  endfacet
  facet normal -0.991464 0.13038 0
    outer loop
      vertex -39.3878 -21.2211 2.2
      vertex -39.3514 -20.9443 10.7
      vertex -39.3514 -20.9443 2.2
    endloop
  endfacet
  facet normal -0.991464 0.13038 0
    outer loop
      vertex -39.3514 -20.9443 10.7
      vertex -39.3878 -21.2211 2.2
      vertex -39.3878 -21.2211 10.7
    endloop
  endfacet
  facet normal 0.976305 0.216399 0
    outer loop
      vertex -33.0486 -20.9443 10.7
      vertex -33.109 -20.6718 2.2
      vertex -33.109 -20.6718 10.7
    endloop
  endfacet
  facet normal 0.976305 0.216399 0
    outer loop
      vertex -33.109 -20.6718 2.2
      vertex -33.0486 -20.9443 10.7
      vertex -33.0486 -20.9443 2.2
    endloop
  endfacet
  facet normal 0.216399 0.976305 -0
    outer loop
      vertex -35.3718 -18.409 2.2
      vertex -35.6443 -18.3486 10.7
      vertex -35.3718 -18.409 10.7
    endloop
  endfacet
  facet normal 0.216399 0.976305 0
    outer loop
      vertex -35.6443 -18.3486 10.7
      vertex -35.3718 -18.409 2.2
      vertex -35.6443 -18.3486 2.2
    endloop
  endfacet
  facet normal -0.991464 -0.13038 0
    outer loop
      vertex -39.3514 -22.0557 2.2
      vertex -39.3878 -21.7789 10.7
      vertex -39.3878 -21.7789 2.2
    endloop
  endfacet
  facet normal -0.991464 -0.13038 0
    outer loop
      vertex -39.3878 -21.7789 10.7
      vertex -39.3514 -22.0557 2.2
      vertex -39.3514 -22.0557 10.7
    endloop
  endfacet
  facet normal 0.999045 0.0437015 0
    outer loop
      vertex -33 -21.5 10.7
      vertex -33.0122 -21.2211 2.2
      vertex -33.0122 -21.2211 10.7
    endloop
  endfacet
  facet normal 0.999045 0.0437015 0
    outer loop
      vertex -33.0122 -21.2211 2.2
      vertex -33 -21.5 10.7
      vertex -33 -21.5 2.2
    endloop
  endfacet
  facet normal 0.675627 0.737243 -0
    outer loop
      vertex -33.9373 -19.2373 2.2
      vertex -34.1431 -19.0487 10.7
      vertex -33.9373 -19.2373 10.7
    endloop
  endfacet
  facet normal 0.675627 0.737243 0
    outer loop
      vertex -34.1431 -19.0487 10.7
      vertex -33.9373 -19.2373 2.2
      vertex -34.1431 -19.0487 2.2
    endloop
  endfacet
  facet normal 0.923912 0.382605 0
    outer loop
      vertex -33.193 -20.4055 10.7
      vertex -33.2998 -20.1476 2.2
      vertex -33.2998 -20.1476 10.7
    endloop
  endfacet
  facet normal 0.923912 0.382605 0
    outer loop
      vertex -33.2998 -20.1476 2.2
      vertex -33.193 -20.4055 10.7
      vertex -33.193 -20.4055 2.2
    endloop
  endfacet
  facet normal 0.537385 0.843337 -0
    outer loop
      vertex -34.3646 -18.8787 2.2
      vertex -34.6 -18.7287 10.7
      vertex -34.3646 -18.8787 10.7
    endloop
  endfacet
  facet normal 0.537385 0.843337 0
    outer loop
      vertex -34.6 -18.7287 10.7
      vertex -34.3646 -18.8787 2.2
      vertex -34.6 -18.7287 2.2
    endloop
  endfacet
  facet normal 0.216399 -0.976305 0
    outer loop
      vertex -35.6443 -24.6514 2.2
      vertex -35.3718 -24.591 10.7
      vertex -35.6443 -24.6514 10.7
    endloop
  endfacet
  facet normal 0.216399 -0.976305 0
    outer loop
      vertex -35.3718 -24.591 10.7
      vertex -35.6443 -24.6514 2.2
      vertex -35.3718 -24.591 2.2
    endloop
  endfacet
  facet normal 0.991464 -0.13038 0
    outer loop
      vertex -33.0486 -22.0557 10.7
      vertex -33.0122 -21.7789 2.2
      vertex -33.0122 -21.7789 10.7
    endloop
  endfacet
  facet normal 0.991464 -0.13038 0
    outer loop
      vertex -33.0122 -21.7789 2.2
      vertex -33.0486 -22.0557 10.7
      vertex -33.0486 -22.0557 2.2
    endloop
  endfacet
  facet normal -0.793289 -0.608845 0
    outer loop
      vertex -38.6513 -23.5569 2.2
      vertex -38.8213 -23.3354 10.7
      vertex -38.8213 -23.3354 2.2
    endloop
  endfacet
  facet normal -0.793289 -0.608845 0
    outer loop
      vertex -38.8213 -23.3354 10.7
      vertex -38.6513 -23.5569 2.2
      vertex -38.6513 -23.5569 10.7
    endloop
  endfacet
  facet normal -0.675627 0.737243 0
    outer loop
      vertex -38.2569 -19.0487 2.2
      vertex -38.4627 -19.2373 10.7
      vertex -38.2569 -19.0487 10.7
    endloop
  endfacet
  facet normal -0.675627 0.737243 0
    outer loop
      vertex -38.4627 -19.2373 10.7
      vertex -38.2569 -19.0487 2.2
      vertex -38.4627 -19.2373 2.2
    endloop
  endfacet
  facet normal 0.95368 0.300823 0
    outer loop
      vertex -33.109 -20.6718 10.7
      vertex -33.193 -20.4055 2.2
      vertex -33.193 -20.4055 10.7
    endloop
  endfacet
  facet normal 0.95368 0.300823 0
    outer loop
      vertex -33.193 -20.4055 2.2
      vertex -33.109 -20.6718 10.7
      vertex -33.109 -20.6718 2.2
    endloop
  endfacet
  facet normal -0.843337 0.537385 0
    outer loop
      vertex -38.9713 -19.9 2.2
      vertex -38.8213 -19.6646 10.7
      vertex -38.8213 -19.6646 2.2
    endloop
  endfacet
  facet normal -0.843337 0.537385 0
    outer loop
      vertex -38.8213 -19.6646 10.7
      vertex -38.9713 -19.9 2.2
      vertex -38.9713 -19.9 10.7
    endloop
  endfacet
  facet normal 0.608845 -0.793289 0
    outer loop
      vertex -34.3646 -24.1213 2.2
      vertex -34.1431 -23.9513 10.7
      vertex -34.3646 -24.1213 10.7
    endloop
  endfacet
  facet normal 0.608845 -0.793289 0
    outer loop
      vertex -34.1431 -23.9513 10.7
      vertex -34.3646 -24.1213 2.2
      vertex -34.1431 -23.9513 2.2
    endloop
  endfacet
  facet normal 0.737243 -0.675627 0
    outer loop
      vertex -33.9373 -23.7627 10.7
      vertex -33.7487 -23.5569 2.2
      vertex -33.7487 -23.5569 10.7
    endloop
  endfacet
  facet normal 0.737243 -0.675627 0
    outer loop
      vertex -33.7487 -23.5569 2.2
      vertex -33.9373 -23.7627 10.7
      vertex -33.9373 -23.7627 2.2
    endloop
  endfacet
  facet normal 0.46177 0.887 -0
    outer loop
      vertex -34.6 -18.7287 2.2
      vertex -34.8476 -18.5998 10.7
      vertex -34.6 -18.7287 10.7
    endloop
  endfacet
  facet normal 0.46177 0.887 0
    outer loop
      vertex -34.8476 -18.5998 10.7
      vertex -34.6 -18.7287 2.2
      vertex -34.8476 -18.5998 2.2
    endloop
  endfacet
  facet normal -0.999045 0.0437015 0
    outer loop
      vertex -39.4 -21.5 2.2
      vertex -39.3878 -21.2211 10.7
      vertex -39.3878 -21.2211 2.2
    endloop
  endfacet
  facet normal -0.999045 0.0437015 0
    outer loop
      vertex -39.3878 -21.2211 10.7
      vertex -39.4 -21.5 2.2
      vertex -39.4 -21.5 10.7
    endloop
  endfacet
  facet normal 0.608845 0.793289 -0
    outer loop
      vertex -34.1431 -19.0487 2.2
      vertex -34.3646 -18.8787 10.7
      vertex -34.1431 -19.0487 10.7
    endloop
  endfacet
  facet normal 0.608845 0.793289 0
    outer loop
      vertex -34.3646 -18.8787 10.7
      vertex -34.1431 -19.0487 2.2
      vertex -34.3646 -18.8787 2.2
    endloop
  endfacet
  facet normal 0.95368 -0.300823 0
    outer loop
      vertex -33.193 -22.5945 10.7
      vertex -33.109 -22.3282 2.2
      vertex -33.109 -22.3282 10.7
    endloop
  endfacet
  facet normal 0.95368 -0.300823 0
    outer loop
      vertex -33.109 -22.3282 2.2
      vertex -33.193 -22.5945 10.7
      vertex -33.193 -22.5945 2.2
    endloop
  endfacet
  facet normal 0.923912 -0.382605 0
    outer loop
      vertex -33.2998 -22.8524 10.7
      vertex -33.193 -22.5945 2.2
      vertex -33.193 -22.5945 10.7
    endloop
  endfacet
  facet normal 0.923912 -0.382605 0
    outer loop
      vertex -33.193 -22.5945 2.2
      vertex -33.2998 -22.8524 10.7
      vertex -33.2998 -22.8524 2.2
    endloop
  endfacet
  facet normal -0.13038 -0.991464 0
    outer loop
      vertex -36.7557 -24.6514 2.2
      vertex -36.4789 -24.6878 10.7
      vertex -36.7557 -24.6514 10.7
    endloop
  endfacet
  facet normal -0.13038 -0.991464 -0
    outer loop
      vertex -36.4789 -24.6878 10.7
      vertex -36.7557 -24.6514 2.2
      vertex -36.4789 -24.6878 2.2
    endloop
  endfacet
  facet normal 0.13038 0.991464 -0
    outer loop
      vertex -35.6443 -18.3486 2.2
      vertex -35.9211 -18.3122 10.7
      vertex -35.6443 -18.3486 10.7
    endloop
  endfacet
  facet normal 0.13038 0.991464 0
    outer loop
      vertex -35.9211 -18.3122 10.7
      vertex -35.6443 -18.3486 2.2
      vertex -35.9211 -18.3122 2.2
    endloop
  endfacet
  facet normal 0.0437015 0.999045 -0
    outer loop
      vertex -35.9211 -18.3122 2.2
      vertex -36.2 -18.3 10.7
      vertex -35.9211 -18.3122 10.7
    endloop
  endfacet
  facet normal 0.0437015 0.999045 0
    outer loop
      vertex -36.2 -18.3 10.7
      vertex -35.9211 -18.3122 2.2
      vertex -36.2 -18.3 2.2
    endloop
  endfacet
  facet normal 0.793289 0.608845 0
    outer loop
      vertex -33.5787 -19.6646 10.7
      vertex -33.7487 -19.4431 2.2
      vertex -33.7487 -19.4431 10.7
    endloop
  endfacet
  facet normal 0.793289 0.608845 0
    outer loop
      vertex -33.7487 -19.4431 2.2
      vertex -33.5787 -19.6646 10.7
      vertex -33.5787 -19.6646 2.2
    endloop
  endfacet
  facet normal 0.13038 -0.991464 0
    outer loop
      vertex -35.9211 -24.6878 2.2
      vertex -35.6443 -24.6514 10.7
      vertex -35.9211 -24.6878 10.7
    endloop
  endfacet
  facet normal 0.13038 -0.991464 0
    outer loop
      vertex -35.6443 -24.6514 10.7
      vertex -35.9211 -24.6878 2.2
      vertex -35.6443 -24.6514 2.2
    endloop
  endfacet
  facet normal -0.216399 0.976305 0
    outer loop
      vertex -36.7557 -18.3486 2.2
      vertex -37.0282 -18.409 10.7
      vertex -36.7557 -18.3486 10.7
    endloop
  endfacet
  facet normal -0.216399 0.976305 0
    outer loop
      vertex -37.0282 -18.409 10.7
      vertex -36.7557 -18.3486 2.2
      vertex -37.0282 -18.409 2.2
    endloop
  endfacet
  facet normal -0.0437015 0.999045 0
    outer loop
      vertex -36.2 -18.3 2.2
      vertex -36.4789 -18.3122 10.7
      vertex -36.2 -18.3 10.7
    endloop
  endfacet
  facet normal -0.0437015 0.999045 0
    outer loop
      vertex -36.4789 -18.3122 10.7
      vertex -36.2 -18.3 2.2
      vertex -36.4789 -18.3122 2.2
    endloop
  endfacet
  facet normal -0.46177 0.887 0
    outer loop
      vertex -37.5524 -18.5998 2.2
      vertex -37.8 -18.7287 10.7
      vertex -37.5524 -18.5998 10.7
    endloop
  endfacet
  facet normal -0.46177 0.887 0
    outer loop
      vertex -37.8 -18.7287 10.7
      vertex -37.5524 -18.5998 2.2
      vertex -37.8 -18.7287 2.2
    endloop
  endfacet
  facet normal -0.300823 -0.95368 0
    outer loop
      vertex -37.2945 -24.507 2.2
      vertex -37.0282 -24.591 10.7
      vertex -37.2945 -24.507 10.7
    endloop
  endfacet
  facet normal -0.300823 -0.95368 -0
    outer loop
      vertex -37.0282 -24.591 10.7
      vertex -37.2945 -24.507 2.2
      vertex -37.0282 -24.591 2.2
    endloop
  endfacet
  facet normal 0.537385 -0.843337 0
    outer loop
      vertex -34.6 -24.2713 2.2
      vertex -34.3646 -24.1213 10.7
      vertex -34.6 -24.2713 10.7
    endloop
  endfacet
  facet normal 0.537385 -0.843337 0
    outer loop
      vertex -34.3646 -24.1213 10.7
      vertex -34.6 -24.2713 2.2
      vertex -34.3646 -24.1213 2.2
    endloop
  endfacet
  facet normal -0.216399 -0.976305 0
    outer loop
      vertex -37.0282 -24.591 2.2
      vertex -36.7557 -24.6514 10.7
      vertex -37.0282 -24.591 10.7
    endloop
  endfacet
  facet normal -0.216399 -0.976305 -0
    outer loop
      vertex -36.7557 -24.6514 10.7
      vertex -37.0282 -24.591 2.2
      vertex -36.7557 -24.6514 2.2
    endloop
  endfacet
  facet normal -0.300823 0.95368 0
    outer loop
      vertex -37.0282 -18.409 2.2
      vertex -37.2945 -18.493 10.7
      vertex -37.0282 -18.409 10.7
    endloop
  endfacet
  facet normal -0.300823 0.95368 0
    outer loop
      vertex -37.2945 -18.493 10.7
      vertex -37.0282 -18.409 2.2
      vertex -37.2945 -18.493 2.2
    endloop
  endfacet
  facet normal -0.843337 -0.537385 0
    outer loop
      vertex -38.8213 -23.3354 2.2
      vertex -38.9713 -23.1 10.7
      vertex -38.9713 -23.1 2.2
    endloop
  endfacet
  facet normal -0.843337 -0.537385 0
    outer loop
      vertex -38.9713 -23.1 10.7
      vertex -38.8213 -23.3354 2.2
      vertex -38.8213 -23.3354 10.7
    endloop
  endfacet
  facet normal -0.976305 0.216399 0
    outer loop
      vertex -39.3514 -20.9443 2.2
      vertex -39.291 -20.6718 10.7
      vertex -39.291 -20.6718 2.2
    endloop
  endfacet
  facet normal -0.976305 0.216399 0
    outer loop
      vertex -39.291 -20.6718 10.7
      vertex -39.3514 -20.9443 2.2
      vertex -39.3514 -20.9443 10.7
    endloop
  endfacet
  facet normal 0.737243 0.675627 0
    outer loop
      vertex -33.7487 -19.4431 10.7
      vertex -33.9373 -19.2373 2.2
      vertex -33.9373 -19.2373 10.7
    endloop
  endfacet
  facet normal 0.737243 0.675627 0
    outer loop
      vertex -33.9373 -19.2373 2.2
      vertex -33.7487 -19.4431 10.7
      vertex -33.7487 -19.4431 2.2
    endloop
  endfacet
  facet normal -0.923912 -0.382605 0
    outer loop
      vertex -39.1002 -22.8524 2.2
      vertex -39.207 -22.5945 10.7
      vertex -39.207 -22.5945 2.2
    endloop
  endfacet
  facet normal -0.923912 -0.382605 0
    outer loop
      vertex -39.207 -22.5945 10.7
      vertex -39.1002 -22.8524 2.2
      vertex -39.1002 -22.8524 10.7
    endloop
  endfacet
  facet normal -0.793289 0.608845 0
    outer loop
      vertex -38.8213 -19.6646 2.2
      vertex -38.6513 -19.4431 10.7
      vertex -38.6513 -19.4431 2.2
    endloop
  endfacet
  facet normal -0.793289 0.608845 0
    outer loop
      vertex -38.6513 -19.4431 10.7
      vertex -38.8213 -19.6646 2.2
      vertex -38.8213 -19.6646 10.7
    endloop
  endfacet
  facet normal 0.382605 -0.923912 0
    outer loop
      vertex -35.1055 -24.507 2.2
      vertex -34.8476 -24.4002 10.7
      vertex -35.1055 -24.507 10.7
    endloop
  endfacet
  facet normal 0.382605 -0.923912 0
    outer loop
      vertex -34.8476 -24.4002 10.7
      vertex -35.1055 -24.507 2.2
      vertex -34.8476 -24.4002 2.2
    endloop
  endfacet
  facet normal 0.46177 -0.887 0
    outer loop
      vertex -34.8476 -24.4002 2.2
      vertex -34.6 -24.2713 10.7
      vertex -34.8476 -24.4002 10.7
    endloop
  endfacet
  facet normal 0.46177 -0.887 0
    outer loop
      vertex -34.6 -24.2713 10.7
      vertex -34.8476 -24.4002 2.2
      vertex -34.6 -24.2713 2.2
    endloop
  endfacet
  facet normal -0.537385 0.843337 0
    outer loop
      vertex -37.8 -18.7287 2.2
      vertex -38.0354 -18.8787 10.7
      vertex -37.8 -18.7287 10.7
    endloop
  endfacet
  facet normal -0.537385 0.843337 0
    outer loop
      vertex -38.0354 -18.8787 10.7
      vertex -37.8 -18.7287 2.2
      vertex -38.0354 -18.8787 2.2
    endloop
  endfacet
  facet normal -0.737243 0.675627 0
    outer loop
      vertex -38.6513 -19.4431 2.2
      vertex -38.4627 -19.2373 10.7
      vertex -38.4627 -19.2373 2.2
    endloop
  endfacet
  facet normal -0.737243 0.675627 0
    outer loop
      vertex -38.4627 -19.2373 10.7
      vertex -38.6513 -19.4431 2.2
      vertex -38.6513 -19.4431 10.7
    endloop
  endfacet
  facet normal -0.608845 -0.793289 0
    outer loop
      vertex -38.2569 -23.9513 2.2
      vertex -38.0354 -24.1213 10.7
      vertex -38.2569 -23.9513 10.7
    endloop
  endfacet
  facet normal -0.608845 -0.793289 -0
    outer loop
      vertex -38.0354 -24.1213 10.7
      vertex -38.2569 -23.9513 2.2
      vertex -38.0354 -24.1213 2.2
    endloop
  endfacet
  facet normal -0.0437015 -0.999045 0
    outer loop
      vertex -36.4789 -24.6878 2.2
      vertex -36.2 -24.7 10.7
      vertex -36.4789 -24.6878 10.7
    endloop
  endfacet
  facet normal -0.0437015 -0.999045 -0
    outer loop
      vertex -36.2 -24.7 10.7
      vertex -36.4789 -24.6878 2.2
      vertex -36.2 -24.7 2.2
    endloop
  endfacet
  facet normal -0.382605 -0.923912 0
    outer loop
      vertex -37.5524 -24.4002 2.2
      vertex -37.2945 -24.507 10.7
      vertex -37.5524 -24.4002 10.7
    endloop
  endfacet
  facet normal -0.382605 -0.923912 -0
    outer loop
      vertex -37.2945 -24.507 10.7
      vertex -37.5524 -24.4002 2.2
      vertex -37.2945 -24.507 2.2
    endloop
  endfacet
  facet normal 0.675627 -0.737243 0
    outer loop
      vertex -34.1431 -23.9513 2.2
      vertex -33.9373 -23.7627 10.7
      vertex -34.1431 -23.9513 10.7
    endloop
  endfacet
  facet normal 0.675627 -0.737243 0
    outer loop
      vertex -33.9373 -23.7627 10.7
      vertex -34.1431 -23.9513 2.2
      vertex -33.9373 -23.7627 2.2
    endloop
  endfacet
  facet normal -0.887 -0.46177 0
    outer loop
      vertex -38.9713 -23.1 2.2
      vertex -39.1002 -22.8524 10.7
      vertex -39.1002 -22.8524 2.2
    endloop
  endfacet
  facet normal -0.887 -0.46177 0
    outer loop
      vertex -39.1002 -22.8524 10.7
      vertex -38.9713 -23.1 2.2
      vertex -38.9713 -23.1 10.7
    endloop
  endfacet
  facet normal -0.46177 -0.887 0
    outer loop
      vertex -37.8 -24.2713 2.2
      vertex -37.5524 -24.4002 10.7
      vertex -37.8 -24.2713 10.7
    endloop
  endfacet
  facet normal -0.46177 -0.887 -0
    outer loop
      vertex -37.5524 -24.4002 10.7
      vertex -37.8 -24.2713 2.2
      vertex -37.5524 -24.4002 2.2
    endloop
  endfacet
  facet normal -0.923912 0.382605 0
    outer loop
      vertex -39.207 -20.4055 2.2
      vertex -39.1002 -20.1476 10.7
      vertex -39.1002 -20.1476 2.2
    endloop
  endfacet
  facet normal -0.923912 0.382605 0
    outer loop
      vertex -39.1002 -20.1476 10.7
      vertex -39.207 -20.4055 2.2
      vertex -39.207 -20.4055 10.7
    endloop
  endfacet
  facet normal -0.793289 -0.608845 0
    outer loop
      vertex 33.7487 -23.5569 2.6
      vertex 33.5787 -23.3354 10.7
      vertex 33.5787 -23.3354 2.6
    endloop
  endfacet
  facet normal -0.793289 -0.608845 0
    outer loop
      vertex 33.5787 -23.3354 10.7
      vertex 33.7487 -23.5569 2.6
      vertex 33.7487 -23.5569 10.7
    endloop
  endfacet
  facet normal 0.991464 0.13038 0
    outer loop
      vertex 39.3878 -21.2211 10.7
      vertex 39.3514 -20.9443 2.6
      vertex 39.3514 -20.9443 10.7
    endloop
  endfacet
  facet normal 0.991464 0.13038 0
    outer loop
      vertex 39.3514 -20.9443 2.6
      vertex 39.3878 -21.2211 10.7
      vertex 39.3878 -21.2211 2.6
    endloop
  endfacet
  facet normal 0.999045 0.0437015 0
    outer loop
      vertex 39.4 -21.5 10.7
      vertex 39.3878 -21.2211 2.6
      vertex 39.3878 -21.2211 10.7
    endloop
  endfacet
  facet normal 0.999045 0.0437015 0
    outer loop
      vertex 39.3878 -21.2211 2.6
      vertex 39.4 -21.5 10.7
      vertex 39.4 -21.5 2.6
    endloop
  endfacet
  facet normal 0.976305 0.216399 0
    outer loop
      vertex 39.3514 -20.9443 10.7
      vertex 39.291 -20.6718 2.6
      vertex 39.291 -20.6718 10.7
    endloop
  endfacet
  facet normal 0.976305 0.216399 0
    outer loop
      vertex 39.291 -20.6718 2.6
      vertex 39.3514 -20.9443 10.7
      vertex 39.3514 -20.9443 2.6
    endloop
  endfacet
  facet normal -0.382605 0.923912 0
    outer loop
      vertex 35.1055 -18.493 2.6
      vertex 34.8476 -18.5998 10.7
      vertex 35.1055 -18.493 10.7
    endloop
  endfacet
  facet normal -0.382605 0.923912 0
    outer loop
      vertex 34.8476 -18.5998 10.7
      vertex 35.1055 -18.493 2.6
      vertex 34.8476 -18.5998 2.6
    endloop
  endfacet
  facet normal 0 0 1
    outer loop
      vertex 37.375 -21.5 10.7
      vertex 39.4 -21.5 10.7
      vertex 39.3878 -21.2211 10.7
    endloop
  endfacet
  facet normal 0 0 1
    outer loop
      vertex 37.3705 -21.3976 10.7
      vertex 39.3878 -21.2211 10.7
      vertex 39.3514 -20.9443 10.7
    endloop
  endfacet
  facet normal 0 0 1
    outer loop
      vertex 39.4 -21.5 10.7
      vertex 37.375 -21.5 10.7
      vertex 39.3878 -21.7789 10.7
    endloop
  endfacet
  facet normal 0 0 1
    outer loop
      vertex 37.3571 -21.296 10.7
      vertex 39.3514 -20.9443 10.7
      vertex 39.291 -20.6718 10.7
    endloop
  endfacet
  facet normal -0 0 1
    outer loop
      vertex 37.3705 -21.6024 10.7
      vertex 39.3878 -21.7789 10.7
      vertex 37.375 -21.5 10.7
    endloop
  endfacet
  facet normal 0 0 1
    outer loop
      vertex 37.335 -21.1959 10.7
      vertex 39.291 -20.6718 10.7
      vertex 39.207 -20.4055 10.7
    endloop
  endfacet
  facet normal 0 0 1
    outer loop
      vertex 39.3878 -21.7789 10.7
      vertex 37.3705 -21.6024 10.7
      vertex 39.3514 -22.0557 10.7
    endloop
  endfacet
  facet normal 0 0 1
    outer loop
      vertex 37.3041 -21.0981 10.7
      vertex 39.207 -20.4055 10.7
      vertex 39.1002 -20.1476 10.7
    endloop
  endfacet
  facet normal -0 0 1
    outer loop
      vertex 37.3571 -21.704 10.7
      vertex 39.3514 -22.0557 10.7
      vertex 37.3705 -21.6024 10.7
    endloop
  endfacet
  facet normal 0 0 1
    outer loop
      vertex 37.2649 -21.0034 10.7
      vertex 39.1002 -20.1476 10.7
      vertex 38.9713 -19.9 10.7
    endloop
  endfacet
  facet normal 0 0 1
    outer loop
      vertex 39.3514 -22.0557 10.7
      vertex 37.3571 -21.704 10.7
      vertex 39.291 -22.3282 10.7
    endloop
  endfacet
  facet normal 0 0 1
    outer loop
      vertex 37.2176 -20.9125 10.7
      vertex 38.9713 -19.9 10.7
      vertex 38.8213 -19.6646 10.7
    endloop
  endfacet
  facet normal -0 0 1
    outer loop
      vertex 37.335 -21.8041 10.7
      vertex 39.291 -22.3282 10.7
      vertex 37.3571 -21.704 10.7
    endloop
  endfacet
  facet normal 0 0 1
    outer loop
      vertex 37.1625 -20.826 10.7
      vertex 38.8213 -19.6646 10.7
      vertex 38.6513 -19.4431 10.7
    endloop
  endfacet
  facet normal 0 0 1
    outer loop
      vertex 39.291 -22.3282 10.7
      vertex 37.335 -21.8041 10.7
      vertex 39.207 -22.5945 10.7
    endloop
  endfacet
  facet normal 0 0 1
    outer loop
      vertex 37.1001 -20.7447 10.7
      vertex 38.6513 -19.4431 10.7
      vertex 38.4627 -19.2373 10.7
    endloop
  endfacet
  facet normal -0 0 1
    outer loop
      vertex 37.3041 -21.9019 10.7
      vertex 39.207 -22.5945 10.7
      vertex 37.335 -21.8041 10.7
    endloop
  endfacet
  facet normal 0 0 1
    outer loop
      vertex 37.0308 -20.6691 10.7
      vertex 38.4627 -19.2373 10.7
      vertex 38.2569 -19.0487 10.7
    endloop
  endfacet
  facet normal 0 0 1
    outer loop
      vertex 39.207 -22.5945 10.7
      vertex 37.3041 -21.9019 10.7
      vertex 39.1002 -22.8524 10.7
    endloop
  endfacet
  facet normal 0 0 1
    outer loop
      vertex 36.9553 -20.5999 10.7
      vertex 38.2569 -19.0487 10.7
      vertex 38.0354 -18.8787 10.7
    endloop
  endfacet
  facet normal -0 0 1
    outer loop
      vertex 37.2649 -21.9966 10.7
      vertex 39.1002 -22.8524 10.7
      vertex 37.3041 -21.9019 10.7
    endloop
  endfacet
  facet normal 0 0 1
    outer loop
      vertex 36.874 -20.5375 10.7
      vertex 38.0354 -18.8787 10.7
      vertex 37.8 -18.7287 10.7
    endloop
  endfacet
  facet normal 0 0 1
    outer loop
      vertex 39.1002 -22.8524 10.7
      vertex 37.2649 -21.9966 10.7
      vertex 38.9713 -23.1 10.7
    endloop
  endfacet
  facet normal 0 0 1
    outer loop
      vertex 36.7875 -20.4824 10.7
      vertex 37.8 -18.7287 10.7
      vertex 37.5524 -18.5998 10.7
    endloop
  endfacet
  facet normal -0 0 1
    outer loop
      vertex 37.2176 -22.0875 10.7
      vertex 38.9713 -23.1 10.7
      vertex 37.2649 -21.9966 10.7
    endloop
  endfacet
  facet normal 0 0 1
    outer loop
      vertex 38.9713 -23.1 10.7
      vertex 37.2176 -22.0875 10.7
      vertex 38.8213 -23.3354 10.7
    endloop
  endfacet
  facet normal 0 0 1
    outer loop
      vertex 39.3878 -21.2211 10.7
      vertex 37.3705 -21.3976 10.7
      vertex 37.375 -21.5 10.7
    endloop
  endfacet
  facet normal 0 0 1
    outer loop
      vertex 39.3514 -20.9443 10.7
      vertex 37.3571 -21.296 10.7
      vertex 37.3705 -21.3976 10.7
    endloop
  endfacet
  facet normal 0 0 1
    outer loop
      vertex 39.291 -20.6718 10.7
      vertex 37.335 -21.1959 10.7
      vertex 37.3571 -21.296 10.7
    endloop
  endfacet
  facet normal 0 0 1
    outer loop
      vertex 39.207 -20.4055 10.7
      vertex 37.3041 -21.0981 10.7
      vertex 37.335 -21.1959 10.7
    endloop
  endfacet
  facet normal 0 0 1
    outer loop
      vertex 36.6966 -20.4351 10.7
      vertex 37.5524 -18.5998 10.7
      vertex 37.2945 -18.493 10.7
    endloop
  endfacet
  facet normal 0 0 1
    outer loop
      vertex 39.1002 -20.1476 10.7
      vertex 37.2649 -21.0034 10.7
      vertex 37.3041 -21.0981 10.7
    endloop
  endfacet
  facet normal 0 0 1
    outer loop
      vertex 38.9713 -19.9 10.7
      vertex 37.2176 -20.9125 10.7
      vertex 37.2649 -21.0034 10.7
    endloop
  endfacet
  facet normal 0 0 1
    outer loop
      vertex 38.8213 -19.6646 10.7
      vertex 37.1625 -20.826 10.7
      vertex 37.2176 -20.9125 10.7
    endloop
  endfacet
  facet normal 0 0 1
    outer loop
      vertex 38.6513 -19.4431 10.7
      vertex 37.1001 -20.7447 10.7
      vertex 37.1625 -20.826 10.7
    endloop
  endfacet
  facet normal 0 0 1
    outer loop
      vertex 38.4627 -19.2373 10.7
      vertex 37.0308 -20.6691 10.7
      vertex 37.1001 -20.7447 10.7
    endloop
  endfacet
  facet normal 0 0 1
    outer loop
      vertex 36.6019 -20.3959 10.7
      vertex 37.2945 -18.493 10.7
      vertex 37.0282 -18.409 10.7
    endloop
  endfacet
  facet normal 0 0 1
    outer loop
      vertex 38.2569 -19.0487 10.7
      vertex 36.9553 -20.5999 10.7
      vertex 37.0308 -20.6691 10.7
    endloop
  endfacet
  facet normal 0 0 1
    outer loop
      vertex 38.0354 -18.8787 10.7
      vertex 36.874 -20.5375 10.7
      vertex 36.9553 -20.5999 10.7
    endloop
  endfacet
  facet normal 0 0 1
    outer loop
      vertex 37.8 -18.7287 10.7
      vertex 36.7875 -20.4824 10.7
      vertex 36.874 -20.5375 10.7
    endloop
  endfacet
  facet normal 0 0 1
    outer loop
      vertex 36.5041 -20.365 10.7
      vertex 37.0282 -18.409 10.7
      vertex 36.7557 -18.3486 10.7
    endloop
  endfacet
  facet normal 0 0 1
    outer loop
      vertex 37.5524 -18.5998 10.7
      vertex 36.6966 -20.4351 10.7
      vertex 36.7875 -20.4824 10.7
    endloop
  endfacet
  facet normal 0 0 1
    outer loop
      vertex 37.2945 -18.493 10.7
      vertex 36.6019 -20.3959 10.7
      vertex 36.6966 -20.4351 10.7
    endloop
  endfacet
  facet normal 0 0 1
    outer loop
      vertex 37.0282 -18.409 10.7
      vertex 36.5041 -20.365 10.7
      vertex 36.6019 -20.3959 10.7
    endloop
  endfacet
  facet normal 0 0 1
    outer loop
      vertex 36.404 -20.3428 10.7
      vertex 36.7557 -18.3486 10.7
      vertex 36.4789 -18.3122 10.7
    endloop
  endfacet
  facet normal 0 0 1
    outer loop
      vertex 36.7557 -18.3486 10.7
      vertex 36.404 -20.3428 10.7
      vertex 36.5041 -20.365 10.7
    endloop
  endfacet
  facet normal 0 0 1
    outer loop
      vertex 36.4789 -18.3122 10.7
      vertex 36.3024 -20.3295 10.7
      vertex 36.404 -20.3428 10.7
    endloop
  endfacet
  facet normal 0 0 1
    outer loop
      vertex 36.2 -18.3 10.7
      vertex 36.3024 -20.3295 10.7
      vertex 36.4789 -18.3122 10.7
    endloop
  endfacet
  facet normal 0 0 1
    outer loop
      vertex 36.2 -18.3 10.7
      vertex 36.2 -20.325 10.7
      vertex 36.3024 -20.3295 10.7
    endloop
  endfacet
  facet normal 0 0 1
    outer loop
      vertex 36.2 -18.3 10.7
      vertex 36.0976 -20.3295 10.7
      vertex 36.2 -20.325 10.7
    endloop
  endfacet
  facet normal -0 0 1
    outer loop
      vertex 35.9211 -18.3122 10.7
      vertex 36.0976 -20.3295 10.7
      vertex 36.2 -18.3 10.7
    endloop
  endfacet
  facet normal 0 0 1
    outer loop
      vertex 36.0976 -20.3295 10.7
      vertex 35.9211 -18.3122 10.7
      vertex 35.996 -20.3428 10.7
    endloop
  endfacet
  facet normal -0 0 1
    outer loop
      vertex 35.6443 -18.3486 10.7
      vertex 35.996 -20.3428 10.7
      vertex 35.9211 -18.3122 10.7
    endloop
  endfacet
  facet normal 0 0 1
    outer loop
      vertex 35.996 -20.3428 10.7
      vertex 35.6443 -18.3486 10.7
      vertex 35.8959 -20.365 10.7
    endloop
  endfacet
  facet normal -0 0 1
    outer loop
      vertex 35.3718 -18.409 10.7
      vertex 35.8959 -20.365 10.7
      vertex 35.6443 -18.3486 10.7
    endloop
  endfacet
  facet normal 0 0 1
    outer loop
      vertex 35.8959 -20.365 10.7
      vertex 35.3718 -18.409 10.7
      vertex 35.7981 -20.3959 10.7
    endloop
  endfacet
  facet normal -0 0 1
    outer loop
      vertex 35.1055 -18.493 10.7
      vertex 35.7981 -20.3959 10.7
      vertex 35.3718 -18.409 10.7
    endloop
  endfacet
  facet normal 0 0 1
    outer loop
      vertex 35.7981 -20.3959 10.7
      vertex 35.1055 -18.493 10.7
      vertex 35.7034 -20.4351 10.7
    endloop
  endfacet
  facet normal -0 0 1
    outer loop
      vertex 34.8476 -18.5998 10.7
      vertex 35.7034 -20.4351 10.7
      vertex 35.1055 -18.493 10.7
    endloop
  endfacet
  facet normal 0 0 1
    outer loop
      vertex 35.7034 -20.4351 10.7
      vertex 34.8476 -18.5998 10.7
      vertex 35.6125 -20.4824 10.7
    endloop
  endfacet
  facet normal -0 0 1
    outer loop
      vertex 34.6 -18.7287 10.7
      vertex 35.6125 -20.4824 10.7
      vertex 34.8476 -18.5998 10.7
    endloop
  endfacet
  facet normal 0 0 1
    outer loop
      vertex 35.6125 -20.4824 10.7
      vertex 34.6 -18.7287 10.7
      vertex 35.526 -20.5375 10.7
    endloop
  endfacet
  facet normal -0 0 1
    outer loop
      vertex 34.3646 -18.8787 10.7
      vertex 35.526 -20.5375 10.7
      vertex 34.6 -18.7287 10.7
    endloop
  endfacet
  facet normal 0 0 1
    outer loop
      vertex 35.526 -20.5375 10.7
      vertex 34.3646 -18.8787 10.7
      vertex 35.4447 -20.5999 10.7
    endloop
  endfacet
  facet normal -0 0 1
    outer loop
      vertex 34.1431 -19.0487 10.7
      vertex 35.4447 -20.5999 10.7
      vertex 34.3646 -18.8787 10.7
    endloop
  endfacet
  facet normal 0 0 1
    outer loop
      vertex 35.4447 -20.5999 10.7
      vertex 34.1431 -19.0487 10.7
      vertex 35.3691 -20.6691 10.7
    endloop
  endfacet
  facet normal -0 0 1
    outer loop
      vertex 33.9373 -19.2373 10.7
      vertex 35.3691 -20.6691 10.7
      vertex 34.1431 -19.0487 10.7
    endloop
  endfacet
  facet normal 0 0 1
    outer loop
      vertex 35.3691 -20.6691 10.7
      vertex 33.9373 -19.2373 10.7
      vertex 35.2999 -20.7447 10.7
    endloop
  endfacet
  facet normal -0 0 1
    outer loop
      vertex 33.7487 -19.4431 10.7
      vertex 35.2999 -20.7447 10.7
      vertex 33.9373 -19.2373 10.7
    endloop
  endfacet
  facet normal 0 0 1
    outer loop
      vertex 35.2999 -20.7447 10.7
      vertex 33.7487 -19.4431 10.7
      vertex 35.2375 -20.826 10.7
    endloop
  endfacet
  facet normal -0 0 1
    outer loop
      vertex 33.5787 -19.6646 10.7
      vertex 35.2375 -20.826 10.7
      vertex 33.7487 -19.4431 10.7
    endloop
  endfacet
  facet normal 0 0 1
    outer loop
      vertex 35.2375 -20.826 10.7
      vertex 33.5787 -19.6646 10.7
      vertex 35.1824 -20.9125 10.7
    endloop
  endfacet
  facet normal -0 0 1
    outer loop
      vertex 37.1625 -22.174 10.7
      vertex 38.8213 -23.3354 10.7
      vertex 37.2176 -22.0875 10.7
    endloop
  endfacet
  facet normal 0 0 1
    outer loop
      vertex 38.8213 -23.3354 10.7
      vertex 37.1625 -22.174 10.7
      vertex 38.6513 -23.5569 10.7
    endloop
  endfacet
  facet normal -0 0 1
    outer loop
      vertex 37.1001 -22.2553 10.7
      vertex 38.6513 -23.5569 10.7
      vertex 37.1625 -22.174 10.7
    endloop
  endfacet
  facet normal 0 0 1
    outer loop
      vertex 38.6513 -23.5569 10.7
      vertex 37.1001 -22.2553 10.7
      vertex 38.4627 -23.7627 10.7
    endloop
  endfacet
  facet normal -0 0 1
    outer loop
      vertex 37.0308 -22.3308 10.7
      vertex 38.4627 -23.7627 10.7
      vertex 37.1001 -22.2553 10.7
    endloop
  endfacet
  facet normal 0 0 1
    outer loop
      vertex 38.4627 -23.7627 10.7
      vertex 37.0308 -22.3308 10.7
      vertex 38.2569 -23.9513 10.7
    endloop
  endfacet
  facet normal -0 0 1
    outer loop
      vertex 36.9553 -22.4001 10.7
      vertex 38.2569 -23.9513 10.7
      vertex 37.0308 -22.3308 10.7
    endloop
  endfacet
  facet normal 0 0 1
    outer loop
      vertex 38.2569 -23.9513 10.7
      vertex 36.9553 -22.4001 10.7
      vertex 38.0354 -24.1213 10.7
    endloop
  endfacet
  facet normal -0 0 1
    outer loop
      vertex 36.874 -22.4625 10.7
      vertex 38.0354 -24.1213 10.7
      vertex 36.9553 -22.4001 10.7
    endloop
  endfacet
  facet normal 0 0 1
    outer loop
      vertex 38.0354 -24.1213 10.7
      vertex 36.874 -22.4625 10.7
      vertex 37.8 -24.2713 10.7
    endloop
  endfacet
  facet normal -0 0 1
    outer loop
      vertex 36.7875 -22.5176 10.7
      vertex 37.8 -24.2713 10.7
      vertex 36.874 -22.4625 10.7
    endloop
  endfacet
  facet normal 0 0 1
    outer loop
      vertex 37.8 -24.2713 10.7
      vertex 36.7875 -22.5176 10.7
      vertex 37.5524 -24.4002 10.7
    endloop
  endfacet
  facet normal -0 0 1
    outer loop
      vertex 36.6966 -22.5649 10.7
      vertex 37.5524 -24.4002 10.7
      vertex 36.7875 -22.5176 10.7
    endloop
  endfacet
  facet normal 0 0 1
    outer loop
      vertex 37.5524 -24.4002 10.7
      vertex 36.6966 -22.5649 10.7
      vertex 37.2945 -24.507 10.7
    endloop
  endfacet
  facet normal -0 0 1
    outer loop
      vertex 36.6019 -22.6041 10.7
      vertex 37.2945 -24.507 10.7
      vertex 36.6966 -22.5649 10.7
    endloop
  endfacet
  facet normal 0 0 1
    outer loop
      vertex 37.2945 -24.507 10.7
      vertex 36.6019 -22.6041 10.7
      vertex 37.0282 -24.591 10.7
    endloop
  endfacet
  facet normal -0 0 1
    outer loop
      vertex 36.5041 -22.635 10.7
      vertex 37.0282 -24.591 10.7
      vertex 36.6019 -22.6041 10.7
    endloop
  endfacet
  facet normal 0 0 1
    outer loop
      vertex 37.0282 -24.591 10.7
      vertex 36.5041 -22.635 10.7
      vertex 36.7557 -24.6514 10.7
    endloop
  endfacet
  facet normal -0 0 1
    outer loop
      vertex 36.404 -22.6571 10.7
      vertex 36.7557 -24.6514 10.7
      vertex 36.5041 -22.635 10.7
    endloop
  endfacet
  facet normal 0 0 1
    outer loop
      vertex 36.7557 -24.6514 10.7
      vertex 36.404 -22.6571 10.7
      vertex 36.4789 -24.6878 10.7
    endloop
  endfacet
  facet normal -0 0 1
    outer loop
      vertex 36.3024 -22.6705 10.7
      vertex 36.4789 -24.6878 10.7
      vertex 36.404 -22.6571 10.7
    endloop
  endfacet
  facet normal -0 0 1
    outer loop
      vertex 36.2 -22.675 10.7
      vertex 36.4789 -24.6878 10.7
      vertex 36.3024 -22.6705 10.7
    endloop
  endfacet
  facet normal 0 0 1
    outer loop
      vertex 36.2 -22.675 10.7
      vertex 36.2 -24.7 10.7
      vertex 36.4789 -24.6878 10.7
    endloop
  endfacet
  facet normal 0 0 1
    outer loop
      vertex 36.0976 -22.6705 10.7
      vertex 36.2 -24.7 10.7
      vertex 36.2 -22.675 10.7
    endloop
  endfacet
  facet normal 0 0 1
    outer loop
      vertex 35.9211 -24.6878 10.7
      vertex 36.0976 -22.6705 10.7
      vertex 35.996 -22.6571 10.7
    endloop
  endfacet
  facet normal 0 0 1
    outer loop
      vertex 36.0976 -22.6705 10.7
      vertex 35.9211 -24.6878 10.7
      vertex 36.2 -24.7 10.7
    endloop
  endfacet
  facet normal 0 0 1
    outer loop
      vertex 35.6443 -24.6514 10.7
      vertex 35.996 -22.6571 10.7
      vertex 35.8959 -22.635 10.7
    endloop
  endfacet
  facet normal 0 0 1
    outer loop
      vertex 35.3718 -24.591 10.7
      vertex 35.8959 -22.635 10.7
      vertex 35.7981 -22.6041 10.7
    endloop
  endfacet
  facet normal 0 0 1
    outer loop
      vertex 35.1055 -24.507 10.7
      vertex 35.7981 -22.6041 10.7
      vertex 35.7034 -22.5649 10.7
    endloop
  endfacet
  facet normal 0 0 1
    outer loop
      vertex 35.996 -22.6571 10.7
      vertex 35.6443 -24.6514 10.7
      vertex 35.9211 -24.6878 10.7
    endloop
  endfacet
  facet normal 0 0 1
    outer loop
      vertex 34.8476 -24.4002 10.7
      vertex 35.7034 -22.5649 10.7
      vertex 35.6125 -22.5176 10.7
    endloop
  endfacet
  facet normal 0 0 1
    outer loop
      vertex 34.6 -24.2713 10.7
      vertex 35.6125 -22.5176 10.7
      vertex 35.526 -22.4625 10.7
    endloop
  endfacet
  facet normal 0 0 1
    outer loop
      vertex 34.3646 -24.1213 10.7
      vertex 35.526 -22.4625 10.7
      vertex 35.4447 -22.4001 10.7
    endloop
  endfacet
  facet normal 0 0 1
    outer loop
      vertex 35.8959 -22.635 10.7
      vertex 35.3718 -24.591 10.7
      vertex 35.6443 -24.6514 10.7
    endloop
  endfacet
  facet normal 0 0 1
    outer loop
      vertex 34.1431 -23.9513 10.7
      vertex 35.4447 -22.4001 10.7
      vertex 35.3691 -22.3308 10.7
    endloop
  endfacet
  facet normal 0 0 1
    outer loop
      vertex 33.9373 -23.7627 10.7
      vertex 35.3691 -22.3308 10.7
      vertex 35.2999 -22.2553 10.7
    endloop
  endfacet
  facet normal 0 0 1
    outer loop
      vertex 33.7487 -23.5569 10.7
      vertex 35.2999 -22.2553 10.7
      vertex 35.2375 -22.174 10.7
    endloop
  endfacet
  facet normal 0 0 1
    outer loop
      vertex 33.5787 -23.3354 10.7
      vertex 35.2375 -22.174 10.7
      vertex 35.1824 -22.0875 10.7
    endloop
  endfacet
  facet normal 0 0 1
    outer loop
      vertex 33.4287 -23.1 10.7
      vertex 35.1824 -22.0875 10.7
      vertex 35.1351 -21.9966 10.7
    endloop
  endfacet
  facet normal 0 0 1
    outer loop
      vertex 35.7981 -22.6041 10.7
      vertex 35.1055 -24.507 10.7
      vertex 35.3718 -24.591 10.7
    endloop
  endfacet
  facet normal 0 0 1
    outer loop
      vertex 33.2998 -22.8524 10.7
      vertex 35.1351 -21.9966 10.7
      vertex 35.0959 -21.9019 10.7
    endloop
  endfacet
  facet normal 0 0 1
    outer loop
      vertex 33.193 -22.5945 10.7
      vertex 35.0959 -21.9019 10.7
      vertex 35.065 -21.8041 10.7
    endloop
  endfacet
  facet normal 0 0 1
    outer loop
      vertex 33.109 -22.3282 10.7
      vertex 35.065 -21.8041 10.7
      vertex 35.0429 -21.704 10.7
    endloop
  endfacet
  facet normal 0 0 1
    outer loop
      vertex 33.0486 -22.0557 10.7
      vertex 35.0429 -21.704 10.7
      vertex 35.0295 -21.6024 10.7
    endloop
  endfacet
  facet normal 0 0 1
    outer loop
      vertex 33.0122 -21.7789 10.7
      vertex 35.0295 -21.6024 10.7
      vertex 35.025 -21.5 10.7
    endloop
  endfacet
  facet normal -0 0 1
    outer loop
      vertex 33.4287 -19.9 10.7
      vertex 35.1824 -20.9125 10.7
      vertex 33.5787 -19.6646 10.7
    endloop
  endfacet
  facet normal 0 0 1
    outer loop
      vertex 35.7034 -22.5649 10.7
      vertex 34.8476 -24.4002 10.7
      vertex 35.1055 -24.507 10.7
    endloop
  endfacet
  facet normal 0 0 1
    outer loop
      vertex 35.1824 -20.9125 10.7
      vertex 33.4287 -19.9 10.7
      vertex 35.1351 -21.0034 10.7
    endloop
  endfacet
  facet normal 0 0 1
    outer loop
      vertex 35.6125 -22.5176 10.7
      vertex 34.6 -24.2713 10.7
      vertex 34.8476 -24.4002 10.7
    endloop
  endfacet
  facet normal -0 0 1
    outer loop
      vertex 33.2998 -20.1476 10.7
      vertex 35.1351 -21.0034 10.7
      vertex 33.4287 -19.9 10.7
    endloop
  endfacet
  facet normal 0 0 1
    outer loop
      vertex 35.526 -22.4625 10.7
      vertex 34.3646 -24.1213 10.7
      vertex 34.6 -24.2713 10.7
    endloop
  endfacet
  facet normal 0 0 1
    outer loop
      vertex 35.1351 -21.0034 10.7
      vertex 33.2998 -20.1476 10.7
      vertex 35.0959 -21.0981 10.7
    endloop
  endfacet
  facet normal 0 0 1
    outer loop
      vertex 35.4447 -22.4001 10.7
      vertex 34.1431 -23.9513 10.7
      vertex 34.3646 -24.1213 10.7
    endloop
  endfacet
  facet normal -0 0 1
    outer loop
      vertex 33.193 -20.4055 10.7
      vertex 35.0959 -21.0981 10.7
      vertex 33.2998 -20.1476 10.7
    endloop
  endfacet
  facet normal 0 0 1
    outer loop
      vertex 35.3691 -22.3308 10.7
      vertex 33.9373 -23.7627 10.7
      vertex 34.1431 -23.9513 10.7
    endloop
  endfacet
  facet normal 0 0 1
    outer loop
      vertex 35.0959 -21.0981 10.7
      vertex 33.193 -20.4055 10.7
      vertex 35.065 -21.1959 10.7
    endloop
  endfacet
  facet normal 0 0 1
    outer loop
      vertex 35.2999 -22.2553 10.7
      vertex 33.7487 -23.5569 10.7
      vertex 33.9373 -23.7627 10.7
    endloop
  endfacet
  facet normal -0 0 1
    outer loop
      vertex 33.109 -20.6718 10.7
      vertex 35.065 -21.1959 10.7
      vertex 33.193 -20.4055 10.7
    endloop
  endfacet
  facet normal 0 0 1
    outer loop
      vertex 35.2375 -22.174 10.7
      vertex 33.5787 -23.3354 10.7
      vertex 33.7487 -23.5569 10.7
    endloop
  endfacet
  facet normal 0 0 1
    outer loop
      vertex 35.065 -21.1959 10.7
      vertex 33.109 -20.6718 10.7
      vertex 35.0429 -21.296 10.7
    endloop
  endfacet
  facet normal 0 0 1
    outer loop
      vertex 35.1824 -22.0875 10.7
      vertex 33.4287 -23.1 10.7
      vertex 33.5787 -23.3354 10.7
    endloop
  endfacet
  facet normal -0 0 1
    outer loop
      vertex 33.0486 -20.9443 10.7
      vertex 35.0429 -21.296 10.7
      vertex 33.109 -20.6718 10.7
    endloop
  endfacet
  facet normal 0 0 1
    outer loop
      vertex 35.1351 -21.9966 10.7
      vertex 33.2998 -22.8524 10.7
      vertex 33.4287 -23.1 10.7
    endloop
  endfacet
  facet normal 0 0 1
    outer loop
      vertex 35.0429 -21.296 10.7
      vertex 33.0486 -20.9443 10.7
      vertex 35.0295 -21.3976 10.7
    endloop
  endfacet
  facet normal 0 0 1
    outer loop
      vertex 35.0959 -21.9019 10.7
      vertex 33.193 -22.5945 10.7
      vertex 33.2998 -22.8524 10.7
    endloop
  endfacet
  facet normal -0 0 1
    outer loop
      vertex 33.0122 -21.2211 10.7
      vertex 35.0295 -21.3976 10.7
      vertex 33.0486 -20.9443 10.7
    endloop
  endfacet
  facet normal 0 0 1
    outer loop
      vertex 35.065 -21.8041 10.7
      vertex 33.109 -22.3282 10.7
      vertex 33.193 -22.5945 10.7
    endloop
  endfacet
  facet normal 0 0 1
    outer loop
      vertex 35.0295 -21.3976 10.7
      vertex 33.0122 -21.2211 10.7
      vertex 35.025 -21.5 10.7
    endloop
  endfacet
  facet normal 0 0 1
    outer loop
      vertex 35.0429 -21.704 10.7
      vertex 33.0486 -22.0557 10.7
      vertex 33.109 -22.3282 10.7
    endloop
  endfacet
  facet normal 0 0 1
    outer loop
      vertex 33 -21.5 10.7
      vertex 35.025 -21.5 10.7
      vertex 33.0122 -21.2211 10.7
    endloop
  endfacet
  facet normal 0 0 1
    outer loop
      vertex 35.0295 -21.6024 10.7
      vertex 33.0122 -21.7789 10.7
      vertex 33.0486 -22.0557 10.7
    endloop
  endfacet
  facet normal 0 0 1
    outer loop
      vertex 35.025 -21.5 10.7
      vertex 33 -21.5 10.7
      vertex 33.0122 -21.7789 10.7
    endloop
  endfacet
  facet normal -0.0437015 -0.999045 0
    outer loop
      vertex 35.9211 -24.6878 3.2
      vertex 36.2 -24.7 10.7
      vertex 35.9211 -24.6878 10.7
    endloop
  endfacet
  facet normal -0.0437015 -0.999045 -0
    outer loop
      vertex 36.2 -24.7 10.7
      vertex 35.9211 -24.6878 3.2
      vertex 36.2 -24.7 3.2
    endloop
  endfacet
  facet normal 0.300823 0.95368 -0
    outer loop
      vertex 37.2945 -18.493 2.6
      vertex 37.0282 -18.409 10.7
      vertex 37.2945 -18.493 10.7
    endloop
  endfacet
  facet normal 0.300823 0.95368 0
    outer loop
      vertex 37.0282 -18.409 10.7
      vertex 37.2945 -18.493 2.6
      vertex 37.0282 -18.409 2.6
    endloop
  endfacet
  facet normal 0.537385 -0.843337 0
    outer loop
      vertex 37.8 -24.2713 3.2
      vertex 38.0354 -24.1213 10.7
      vertex 37.8 -24.2713 10.7
    endloop
  endfacet
  facet normal 0.537385 -0.843337 0
    outer loop
      vertex 38.0354 -24.1213 10.7
      vertex 37.8 -24.2713 3.2
      vertex 38.0354 -24.1213 3.2
    endloop
  endfacet
  facet normal -0.0437015 0.999045 0
    outer loop
      vertex 36.2 -18.3 2.6
      vertex 35.9211 -18.3122 10.7
      vertex 36.2 -18.3 10.7
    endloop
  endfacet
  facet normal -0.0437015 0.999045 0
    outer loop
      vertex 35.9211 -18.3122 10.7
      vertex 36.2 -18.3 2.6
      vertex 35.9211 -18.3122 2.6
    endloop
  endfacet
  facet normal 0.887 -0.46177 0
    outer loop
      vertex 38.9713 -23.1 10.7
      vertex 39.1002 -22.8524 3.2
      vertex 39.1002 -22.8524 10.7
    endloop
  endfacet
  facet normal 0.887 -0.46177 0
    outer loop
      vertex 39.1002 -22.8524 3.2
      vertex 38.9713 -23.1 10.7
      vertex 38.9713 -23.1 3.2
    endloop
  endfacet
  facet normal 0.793289 -0.608845 0
    outer loop
      vertex 38.6513 -23.5569 10.7
      vertex 38.8213 -23.3354 3.2
      vertex 38.8213 -23.3354 10.7
    endloop
  endfacet
  facet normal 0.793289 -0.608845 0
    outer loop
      vertex 38.8213 -23.3354 3.2
      vertex 38.6513 -23.5569 10.7
      vertex 38.6513 -23.5569 3.2
    endloop
  endfacet
  facet normal -0.537385 -0.843337 0
    outer loop
      vertex 34.3646 -24.1213 2.6
      vertex 34.6 -24.2713 10.7
      vertex 34.3646 -24.1213 10.7
    endloop
  endfacet
  facet normal -0.537385 -0.843337 -0
    outer loop
      vertex 34.6 -24.2713 10.7
      vertex 34.3646 -24.1213 2.6
      vertex 34.6 -24.2713 2.6
    endloop
  endfacet
  facet normal 0.95368 -0.300823 0
    outer loop
      vertex 39.207 -22.5945 10.7
      vertex 39.291 -22.3282 3.2
      vertex 39.291 -22.3282 10.7
    endloop
  endfacet
  facet normal 0.95368 -0.300823 0
    outer loop
      vertex 39.291 -22.3282 3.2
      vertex 39.207 -22.5945 10.7
      vertex 39.207 -22.5945 3.2
    endloop
  endfacet
  facet normal -0.46177 0.887 0
    outer loop
      vertex 34.8476 -18.5998 2.6
      vertex 34.6 -18.7287 10.7
      vertex 34.8476 -18.5998 10.7
    endloop
  endfacet
  facet normal -0.46177 0.887 0
    outer loop
      vertex 34.6 -18.7287 10.7
      vertex 34.8476 -18.5998 2.6
      vertex 34.6 -18.7287 2.6
    endloop
  endfacet
  facet normal 0.95368 0.300823 0
    outer loop
      vertex 39.291 -20.6718 10.7
      vertex 39.207 -20.4055 2.6
      vertex 39.207 -20.4055 10.7
    endloop
  endfacet
  facet normal 0.95368 0.300823 0
    outer loop
      vertex 39.207 -20.4055 2.6
      vertex 39.291 -20.6718 10.7
      vertex 39.291 -20.6718 2.6
    endloop
  endfacet
  facet normal 0.216399 0.976305 -0
    outer loop
      vertex 37.0282 -18.409 2.6
      vertex 36.7557 -18.3486 10.7
      vertex 37.0282 -18.409 10.7
    endloop
  endfacet
  facet normal 0.216399 0.976305 0
    outer loop
      vertex 36.7557 -18.3486 10.7
      vertex 37.0282 -18.409 2.6
      vertex 36.7557 -18.3486 2.6
    endloop
  endfacet
  facet normal 0.843337 0.537385 0
    outer loop
      vertex 38.9713 -19.9 10.7
      vertex 38.8213 -19.6646 2.6
      vertex 38.8213 -19.6646 10.7
    endloop
  endfacet
  facet normal 0.843337 0.537385 0
    outer loop
      vertex 38.8213 -19.6646 2.6
      vertex 38.9713 -19.9 10.7
      vertex 38.9713 -19.9 2.6
    endloop
  endfacet
  facet normal 0.991513 -0.13001 0
    outer loop
      vertex 39.3878 -21.7789 10.7
      vertex 39.3704 -21.9116 2.6
      vertex 39.3878 -21.7789 2.6
    endloop
  endfacet
  facet normal 0.991464 -0.13038 6.17321e-06
    outer loop
      vertex 39.3514 -22.0557 10.7
      vertex 39.3704 -21.9116 2.6
      vertex 39.3878 -21.7789 10.7
    endloop
  endfacet
  facet normal 0.991419 -0.130721 0
    outer loop
      vertex 39.3514 -22.0557 2.2
      vertex 39.3704 -21.9116 2.6
      vertex 39.3514 -22.0557 10.7
    endloop
  endfacet
  facet normal 0.991419 -0.130721 0
    outer loop
      vertex 39.3704 -21.9116 2.6
      vertex 39.3514 -22.0557 2.2
      vertex 39.3704 -21.9116 2.2
    endloop
  endfacet
  facet normal 0.13038 0.991464 -0
    outer loop
      vertex 36.7557 -18.3486 2.6
      vertex 36.4789 -18.3122 10.7
      vertex 36.7557 -18.3486 10.7
    endloop
  endfacet
  facet normal 0.13038 0.991464 0
    outer loop
      vertex 36.4789 -18.3122 10.7
      vertex 36.7557 -18.3486 2.6
      vertex 36.4789 -18.3122 2.6
    endloop
  endfacet
  facet normal 0.0437015 -0.999045 0
    outer loop
      vertex 36.2 -24.7 3.2
      vertex 36.4789 -24.6878 10.7
      vertex 36.2 -24.7 10.7
    endloop
  endfacet
  facet normal 0.0437015 -0.999045 0
    outer loop
      vertex 36.4789 -24.6878 10.7
      vertex 36.2 -24.7 3.2
      vertex 36.4789 -24.6878 3.2
    endloop
  endfacet
  facet normal 0.923912 0.382605 0
    outer loop
      vertex 39.207 -20.4055 10.7
      vertex 39.1002 -20.1476 2.6
      vertex 39.1002 -20.1476 10.7
    endloop
  endfacet
  facet normal 0.923912 0.382605 0
    outer loop
      vertex 39.1002 -20.1476 2.6
      vertex 39.207 -20.4055 10.7
      vertex 39.207 -20.4055 2.6
    endloop
  endfacet
  facet normal -0.675627 0.737243 0
    outer loop
      vertex 34.1431 -19.0487 2.6
      vertex 33.9373 -19.2373 10.7
      vertex 34.1431 -19.0487 10.7
    endloop
  endfacet
  facet normal -0.675627 0.737243 0
    outer loop
      vertex 33.9373 -19.2373 10.7
      vertex 34.1431 -19.0487 2.6
      vertex 33.9373 -19.2373 2.6
    endloop
  endfacet
  facet normal 0.46177 0.887 -0
    outer loop
      vertex 37.8 -18.7287 2.6
      vertex 37.5524 -18.5998 10.7
      vertex 37.8 -18.7287 10.7
    endloop
  endfacet
  facet normal 0.46177 0.887 0
    outer loop
      vertex 37.5524 -18.5998 10.7
      vertex 37.8 -18.7287 2.6
      vertex 37.5524 -18.5998 2.6
    endloop
  endfacet
  facet normal -0.793289 0.608845 0
    outer loop
      vertex 33.5787 -19.6646 2.6
      vertex 33.7487 -19.4431 10.7
      vertex 33.7487 -19.4431 2.6
    endloop
  endfacet
  facet normal -0.793289 0.608845 0
    outer loop
      vertex 33.7487 -19.4431 10.7
      vertex 33.5787 -19.6646 2.6
      vertex 33.5787 -19.6646 10.7
    endloop
  endfacet
  facet normal 0.46177 -0.887 0
    outer loop
      vertex 37.5524 -24.4002 3.2
      vertex 37.8 -24.2713 10.7
      vertex 37.5524 -24.4002 10.7
    endloop
  endfacet
  facet normal 0.46177 -0.887 0
    outer loop
      vertex 37.8 -24.2713 10.7
      vertex 37.5524 -24.4002 3.2
      vertex 37.8 -24.2713 3.2
    endloop
  endfacet
  facet normal 0.999045 -0.0437015 0
    outer loop
      vertex 39.3878 -21.7789 10.7
      vertex 39.4 -21.5 2.6
      vertex 39.4 -21.5 10.7
    endloop
  endfacet
  facet normal 0.999045 -0.0437015 0
    outer loop
      vertex 39.4 -21.5 2.6
      vertex 39.3878 -21.7789 10.7
      vertex 39.3878 -21.7789 2.6
    endloop
  endfacet
  facet normal 0.843337 -0.537385 0
    outer loop
      vertex 38.8213 -23.3354 10.7
      vertex 38.9713 -23.1 3.2
      vertex 38.9713 -23.1 10.7
    endloop
  endfacet
  facet normal 0.843337 -0.537385 0
    outer loop
      vertex 38.9713 -23.1 3.2
      vertex 38.8213 -23.3354 10.7
      vertex 38.8213 -23.3354 3.2
    endloop
  endfacet
  facet normal -0.843337 0.537385 0
    outer loop
      vertex 33.4287 -19.9 2.6
      vertex 33.5787 -19.6646 10.7
      vertex 33.5787 -19.6646 2.6
    endloop
  endfacet
  facet normal -0.843337 0.537385 0
    outer loop
      vertex 33.5787 -19.6646 10.7
      vertex 33.4287 -19.9 2.6
      vertex 33.4287 -19.9 10.7
    endloop
  endfacet
  facet normal 0.793289 0.608845 0
    outer loop
      vertex 38.8213 -19.6646 10.7
      vertex 38.6513 -19.4431 2.6
      vertex 38.6513 -19.4431 10.7
    endloop
  endfacet
  facet normal 0.793289 0.608845 0
    outer loop
      vertex 38.6513 -19.4431 2.6
      vertex 38.8213 -19.6646 10.7
      vertex 38.8213 -19.6646 2.6
    endloop
  endfacet
  facet normal 0.216399 -0.976305 0
    outer loop
      vertex 36.7557 -24.6514 3.2
      vertex 37.0282 -24.591 10.7
      vertex 36.7557 -24.6514 10.7
    endloop
  endfacet
  facet normal 0.216399 -0.976305 0
    outer loop
      vertex 37.0282 -24.591 10.7
      vertex 36.7557 -24.6514 3.2
      vertex 37.0282 -24.591 3.2
    endloop
  endfacet
  facet normal -0.216399 0.976305 0
    outer loop
      vertex 35.6443 -18.3486 2.6
      vertex 35.3718 -18.409 10.7
      vertex 35.6443 -18.3486 10.7
    endloop
  endfacet
  facet normal -0.216399 0.976305 0
    outer loop
      vertex 35.3718 -18.409 10.7
      vertex 35.6443 -18.3486 2.6
      vertex 35.3718 -18.409 2.6
    endloop
  endfacet
  facet normal 0.13038 -0.991464 0
    outer loop
      vertex 36.4789 -24.6878 3.2
      vertex 36.7557 -24.6514 10.7
      vertex 36.4789 -24.6878 10.7
    endloop
  endfacet
  facet normal 0.13038 -0.991464 0
    outer loop
      vertex 36.7557 -24.6514 10.7
      vertex 36.4789 -24.6878 3.2
      vertex 36.7557 -24.6514 3.2
    endloop
  endfacet
  facet normal -0.608845 -0.793289 0
    outer loop
      vertex 34.1431 -23.9513 2.6
      vertex 34.3646 -24.1213 10.7
      vertex 34.1431 -23.9513 10.7
    endloop
  endfacet
  facet normal -0.608845 -0.793289 -0
    outer loop
      vertex 34.3646 -24.1213 10.7
      vertex 34.1431 -23.9513 2.6
      vertex 34.3646 -24.1213 2.6
    endloop
  endfacet
  facet normal -0.923912 0.382605 0
    outer loop
      vertex 33.193 -20.4055 2.6
      vertex 33.2998 -20.1476 10.7
      vertex 33.2998 -20.1476 2.6
    endloop
  endfacet
  facet normal -0.923912 0.382605 0
    outer loop
      vertex 33.2998 -20.1476 10.7
      vertex 33.193 -20.4055 2.6
      vertex 33.193 -20.4055 10.7
    endloop
  endfacet
  facet normal -0.537385 0.843337 0
    outer loop
      vertex 34.6 -18.7287 2.6
      vertex 34.3646 -18.8787 10.7
      vertex 34.6 -18.7287 10.7
    endloop
  endfacet
  facet normal -0.537385 0.843337 0
    outer loop
      vertex 34.3646 -18.8787 10.7
      vertex 34.6 -18.7287 2.6
      vertex 34.3646 -18.8787 2.6
    endloop
  endfacet
  facet normal 0.608845 -0.793289 0
    outer loop
      vertex 38.0354 -24.1213 3.2
      vertex 38.2569 -23.9513 10.7
      vertex 38.0354 -24.1213 10.7
    endloop
  endfacet
  facet normal 0.608845 -0.793289 0
    outer loop
      vertex 38.2569 -23.9513 10.7
      vertex 38.0354 -24.1213 3.2
      vertex 38.2569 -23.9513 3.2
    endloop
  endfacet
  facet normal -0.737243 0.675627 0
    outer loop
      vertex 33.7487 -19.4431 2.6
      vertex 33.9373 -19.2373 10.7
      vertex 33.9373 -19.2373 2.6
    endloop
  endfacet
  facet normal -0.737243 0.675627 0
    outer loop
      vertex 33.9373 -19.2373 10.7
      vertex 33.7487 -19.4431 2.6
      vertex 33.7487 -19.4431 10.7
    endloop
  endfacet
  facet normal 0.537385 0.843337 -0
    outer loop
      vertex 38.0354 -18.8787 2.6
      vertex 37.8 -18.7287 10.7
      vertex 38.0354 -18.8787 10.7
    endloop
  endfacet
  facet normal 0.537385 0.843337 0
    outer loop
      vertex 37.8 -18.7287 10.7
      vertex 38.0354 -18.8787 2.6
      vertex 37.8 -18.7287 2.6
    endloop
  endfacet
  facet normal 0.976243 -0.216676 0
    outer loop
      vertex 39.3514 -22.0557 10.7
      vertex 39.3243 -22.1778 3.2
      vertex 39.3514 -22.0557 2.2
    endloop
  endfacet
  facet normal 0.976305 -0.216399 -4.73403e-06
    outer loop
      vertex 39.291 -22.3282 10.7
      vertex 39.3243 -22.1778 3.2
      vertex 39.3514 -22.0557 10.7
    endloop
  endfacet
  facet normal 0.976355 -0.216174 0
    outer loop
      vertex 39.3243 -22.1778 3.2
      vertex 39.291 -22.3282 10.7
      vertex 39.291 -22.3282 3.2
    endloop
  endfacet
  facet normal 0.976243 -0.216676 0
    outer loop
      vertex 39.3243 -22.1778 2.2
      vertex 39.3514 -22.0557 2.2
      vertex 39.3243 -22.1778 3.2
    endloop
  endfacet
  facet normal -0 0 1
    outer loop
      vertex 39.3243 -22.1778 2.2
      vertex 39.291 -22.3282 2.2
      vertex 39.3514 -22.0557 2.2
    endloop
  endfacet
  facet normal -0.13038 -0.991464 0
    outer loop
      vertex 35.6443 -24.6514 3.2
      vertex 35.9211 -24.6878 10.7
      vertex 35.6443 -24.6514 10.7
    endloop
  endfacet
  facet normal -0.13038 -0.991464 -0
    outer loop
      vertex 35.9211 -24.6878 10.7
      vertex 35.6443 -24.6514 3.2
      vertex 35.9211 -24.6878 3.2
    endloop
  endfacet
  facet normal 0.675627 0.737243 -0
    outer loop
      vertex 38.4627 -19.2373 2.6
      vertex 38.2569 -19.0487 10.7
      vertex 38.4627 -19.2373 10.7
    endloop
  endfacet
  facet normal 0.675627 0.737243 0
    outer loop
      vertex 38.2569 -19.0487 10.7
      vertex 38.4627 -19.2373 2.6
      vertex 38.2569 -19.0487 2.6
    endloop
  endfacet
  facet normal 0.737243 0.675627 0
    outer loop
      vertex 38.6513 -19.4431 10.7
      vertex 38.4627 -19.2373 2.6
      vertex 38.4627 -19.2373 10.7
    endloop
  endfacet
  facet normal 0.737243 0.675627 0
    outer loop
      vertex 38.4627 -19.2373 2.6
      vertex 38.6513 -19.4431 10.7
      vertex 38.6513 -19.4431 2.6
    endloop
  endfacet
  facet normal -0.13038 0.991464 0
    outer loop
      vertex 35.9211 -18.3122 2.6
      vertex 35.6443 -18.3486 10.7
      vertex 35.9211 -18.3122 10.7
    endloop
  endfacet
  facet normal -0.13038 0.991464 0
    outer loop
      vertex 35.6443 -18.3486 10.7
      vertex 35.9211 -18.3122 2.6
      vertex 35.6443 -18.3486 2.6
    endloop
  endfacet
  facet normal 0.675627 -0.737243 0
    outer loop
      vertex 38.2569 -23.9513 3.2
      vertex 38.4627 -23.7627 10.7
      vertex 38.2569 -23.9513 10.7
    endloop
  endfacet
  facet normal 0.675627 -0.737243 0
    outer loop
      vertex 38.4627 -23.7627 10.7
      vertex 38.2569 -23.9513 3.2
      vertex 38.4627 -23.7627 3.2
    endloop
  endfacet
  facet normal 0.608845 0.793289 -0
    outer loop
      vertex 38.2569 -19.0487 2.6
      vertex 38.0354 -18.8787 10.7
      vertex 38.2569 -19.0487 10.7
    endloop
  endfacet
  facet normal 0.608845 0.793289 0
    outer loop
      vertex 38.0354 -18.8787 10.7
      vertex 38.2569 -19.0487 2.6
      vertex 38.0354 -18.8787 2.6
    endloop
  endfacet
  facet normal 0.382605 -0.923912 0
    outer loop
      vertex 37.2945 -24.507 3.2
      vertex 37.5524 -24.4002 10.7
      vertex 37.2945 -24.507 10.7
    endloop
  endfacet
  facet normal 0.382605 -0.923912 0
    outer loop
      vertex 37.5524 -24.4002 10.7
      vertex 37.2945 -24.507 3.2
      vertex 37.5524 -24.4002 3.2
    endloop
  endfacet
  facet normal 0.382605 0.923912 -0
    outer loop
      vertex 37.5524 -18.5998 2.6
      vertex 37.2945 -18.493 10.7
      vertex 37.5524 -18.5998 10.7
    endloop
  endfacet
  facet normal 0.382605 0.923912 0
    outer loop
      vertex 37.2945 -18.493 10.7
      vertex 37.5524 -18.5998 2.6
      vertex 37.2945 -18.493 2.6
    endloop
  endfacet
  facet normal 0.887 0.46177 0
    outer loop
      vertex 39.1002 -20.1476 10.7
      vertex 38.9713 -19.9 2.6
      vertex 38.9713 -19.9 10.7
    endloop
  endfacet
  facet normal 0.887 0.46177 0
    outer loop
      vertex 38.9713 -19.9 2.6
      vertex 39.1002 -20.1476 10.7
      vertex 39.1002 -20.1476 2.6
    endloop
  endfacet
  facet normal -0.976305 0.216399 0
    outer loop
      vertex 33.0486 -20.9443 2.6
      vertex 33.109 -20.6718 10.7
      vertex 33.109 -20.6718 2.6
    endloop
  endfacet
  facet normal -0.976305 0.216399 0
    outer loop
      vertex 33.109 -20.6718 10.7
      vertex 33.0486 -20.9443 2.6
      vertex 33.0486 -20.9443 10.7
    endloop
  endfacet
  facet normal -0.382605 -0.923912 3.53468e-06
    outer loop
      vertex 34.8476 -24.4002 10.7
      vertex 34.9731 -24.4522 3.2
      vertex 35.1055 -24.507 10.7
    endloop
  endfacet
  facet normal -0.382785 -0.923837 0
    outer loop
      vertex 34.8476 -24.4002 2.2
      vertex 34.9731 -24.4522 3.2
      vertex 34.8476 -24.4002 10.7
    endloop
  endfacet
  facet normal -0.382785 -0.923837 -0
    outer loop
      vertex 34.9731 -24.4522 3.2
      vertex 34.8476 -24.4002 2.2
      vertex 34.9731 -24.4522 2.2
    endloop
  endfacet
  facet normal 0 0 -1
    outer loop
      vertex 35.1055 -24.507 2.2
      vertex 34.9731 -24.4522 2.2
      vertex 34.8476 -24.4002 2.2
    endloop
  endfacet
  facet normal -0.382434 -0.923983 -0
    outer loop
      vertex 35.1055 -24.507 10.7
      vertex 34.9731 -24.4522 3.2
      vertex 35.1055 -24.507 3.2
    endloop
  endfacet
  facet normal -0.95368 0.300823 0
    outer loop
      vertex 33.109 -20.6718 2.6
      vertex 33.193 -20.4055 10.7
      vertex 33.193 -20.4055 2.6
    endloop
  endfacet
  facet normal -0.95368 0.300823 0
    outer loop
      vertex 33.193 -20.4055 10.7
      vertex 33.109 -20.6718 2.6
      vertex 33.109 -20.6718 10.7
    endloop
  endfacet
  facet normal -0.95368 -0.300823 0
    outer loop
      vertex 33.193 -22.5945 2.6
      vertex 33.109 -22.3282 10.7
      vertex 33.109 -22.3282 2.6
    endloop
  endfacet
  facet normal -0.95368 -0.300823 0
    outer loop
      vertex 33.109 -22.3282 10.7
      vertex 33.193 -22.5945 2.6
      vertex 33.193 -22.5945 10.7
    endloop
  endfacet
  facet normal -0.300823 -0.95368 0
    outer loop
      vertex 35.1055 -24.507 3.2
      vertex 35.3718 -24.591 10.7
      vertex 35.1055 -24.507 10.7
    endloop
  endfacet
  facet normal -0.300823 -0.95368 -0
    outer loop
      vertex 35.3718 -24.591 10.7
      vertex 35.1055 -24.507 3.2
      vertex 35.3718 -24.591 3.2
    endloop
  endfacet
  facet normal -0.999045 0.0437015 0
    outer loop
      vertex 33 -21.5 2.6
      vertex 33.0122 -21.2211 10.7
      vertex 33.0122 -21.2211 2.6
    endloop
  endfacet
  facet normal -0.999045 0.0437015 0
    outer loop
      vertex 33.0122 -21.2211 10.7
      vertex 33 -21.5 2.6
      vertex 33 -21.5 10.7
    endloop
  endfacet
  facet normal 0.300823 -0.95368 0
    outer loop
      vertex 37.0282 -24.591 3.2
      vertex 37.2945 -24.507 10.7
      vertex 37.0282 -24.591 10.7
    endloop
  endfacet
  facet normal 0.300823 -0.95368 0
    outer loop
      vertex 37.2945 -24.507 10.7
      vertex 37.0282 -24.591 3.2
      vertex 37.2945 -24.507 3.2
    endloop
  endfacet
  facet normal 0.923912 -0.382605 0
    outer loop
      vertex 39.1002 -22.8524 10.7
      vertex 39.207 -22.5945 3.2
      vertex 39.207 -22.5945 10.7
    endloop
  endfacet
  facet normal 0.923912 -0.382605 0
    outer loop
      vertex 39.207 -22.5945 3.2
      vertex 39.1002 -22.8524 10.7
      vertex 39.1002 -22.8524 3.2
    endloop
  endfacet
  facet normal -0.216399 -0.976305 0
    outer loop
      vertex 35.3718 -24.591 3.2
      vertex 35.6443 -24.6514 10.7
      vertex 35.3718 -24.591 10.7
    endloop
  endfacet
  facet normal -0.216399 -0.976305 -0
    outer loop
      vertex 35.6443 -24.6514 10.7
      vertex 35.3718 -24.591 3.2
      vertex 35.6443 -24.6514 3.2
    endloop
  endfacet
  facet normal -0.923912 -0.382605 0
    outer loop
      vertex 33.2998 -22.8524 2.6
      vertex 33.193 -22.5945 10.7
      vertex 33.193 -22.5945 2.6
    endloop
  endfacet
  facet normal -0.923912 -0.382605 0
    outer loop
      vertex 33.193 -22.5945 10.7
      vertex 33.2998 -22.8524 2.6
      vertex 33.2998 -22.8524 10.7
    endloop
  endfacet
  facet normal -0.675627 -0.737243 0
    outer loop
      vertex 33.9373 -23.7627 2.6
      vertex 34.1431 -23.9513 10.7
      vertex 33.9373 -23.7627 10.7
    endloop
  endfacet
  facet normal -0.675627 -0.737243 -0
    outer loop
      vertex 34.1431 -23.9513 10.7
      vertex 33.9373 -23.7627 2.6
      vertex 34.1431 -23.9513 2.6
    endloop
  endfacet
  facet normal -0.737243 -0.675627 0
    outer loop
      vertex 33.9373 -23.7627 2.6
      vertex 33.7487 -23.5569 10.7
      vertex 33.7487 -23.5569 2.6
    endloop
  endfacet
  facet normal -0.737243 -0.675627 0
    outer loop
      vertex 33.7487 -23.5569 10.7
      vertex 33.9373 -23.7627 2.6
      vertex 33.9373 -23.7627 10.7
    endloop
  endfacet
  facet normal -0.976305 -0.216399 0
    outer loop
      vertex 33.109 -22.3282 2.6
      vertex 33.0486 -22.0557 10.7
      vertex 33.0486 -22.0557 2.6
    endloop
  endfacet
  facet normal -0.976305 -0.216399 0
    outer loop
      vertex 33.0486 -22.0557 10.7
      vertex 33.109 -22.3282 2.6
      vertex 33.109 -22.3282 10.7
    endloop
  endfacet
  facet normal -0.991464 -0.13038 0
    outer loop
      vertex 33.0486 -22.0557 2.6
      vertex 33.0122 -21.7789 10.7
      vertex 33.0122 -21.7789 2.6
    endloop
  endfacet
  facet normal -0.991464 -0.13038 0
    outer loop
      vertex 33.0122 -21.7789 10.7
      vertex 33.0486 -22.0557 2.6
      vertex 33.0486 -22.0557 10.7
    endloop
  endfacet
  facet normal -0.608845 0.793289 0
    outer loop
      vertex 34.3646 -18.8787 2.6
      vertex 34.1431 -19.0487 10.7
      vertex 34.3646 -18.8787 10.7
    endloop
  endfacet
  facet normal -0.608845 0.793289 0
    outer loop
      vertex 34.1431 -19.0487 10.7
      vertex 34.3646 -18.8787 2.6
      vertex 34.1431 -19.0487 2.6
    endloop
  endfacet
  facet normal 0.737243 -0.675627 0
    outer loop
      vertex 38.4627 -23.7627 10.7
      vertex 38.6513 -23.5569 3.2
      vertex 38.6513 -23.5569 10.7
    endloop
  endfacet
  facet normal 0.737243 -0.675627 0
    outer loop
      vertex 38.6513 -23.5569 3.2
      vertex 38.4627 -23.7627 10.7
      vertex 38.4627 -23.7627 3.2
    endloop
  endfacet
  facet normal -0.300823 0.95368 0
    outer loop
      vertex 35.3718 -18.409 2.6
      vertex 35.1055 -18.493 10.7
      vertex 35.3718 -18.409 10.7
    endloop
  endfacet
  facet normal -0.300823 0.95368 0
    outer loop
      vertex 35.1055 -18.493 10.7
      vertex 35.3718 -18.409 2.6
      vertex 35.1055 -18.493 2.6
    endloop
  endfacet
  facet normal 0.0437015 0.999045 -0
    outer loop
      vertex 36.4789 -18.3122 2.6
      vertex 36.2 -18.3 10.7
      vertex 36.4789 -18.3122 10.7
    endloop
  endfacet
  facet normal 0.0437015 0.999045 0
    outer loop
      vertex 36.2 -18.3 10.7
      vertex 36.4789 -18.3122 2.6
      vertex 36.2 -18.3 2.6
    endloop
  endfacet
  facet normal -0.991464 0.13038 0
    outer loop
      vertex 33.0122 -21.2211 2.6
      vertex 33.0486 -20.9443 10.7
      vertex 33.0486 -20.9443 2.6
    endloop
  endfacet
  facet normal -0.991464 0.13038 0
    outer loop
      vertex 33.0486 -20.9443 10.7
      vertex 33.0122 -21.2211 2.6
      vertex 33.0122 -21.2211 10.7
    endloop
  endfacet
  facet normal -0.999045 -0.0437015 0
    outer loop
      vertex 33.0122 -21.7789 2.6
      vertex 33 -21.5 10.7
      vertex 33 -21.5 2.6
    endloop
  endfacet
  facet normal -0.999045 -0.0437015 0
    outer loop
      vertex 33 -21.5 10.7
      vertex 33.0122 -21.7789 2.6
      vertex 33.0122 -21.7789 10.7
    endloop
  endfacet
  facet normal -0.887 0.46177 0
    outer loop
      vertex 33.2998 -20.1476 2.6
      vertex 33.4287 -19.9 10.7
      vertex 33.4287 -19.9 2.6
    endloop
  endfacet
  facet normal -0.887 0.46177 0
    outer loop
      vertex 33.4287 -19.9 10.7
      vertex 33.2998 -20.1476 2.6
      vertex 33.2998 -20.1476 10.7
    endloop
  endfacet
  facet normal -0.461353 -0.887217 0
    outer loop
      vertex 34.7275 -24.3376 2.6
      vertex 34.6 -24.2713 10.7
      vertex 34.6 -24.2713 2.6
    endloop
  endfacet
  facet normal -0.46177 -0.887 -8.34564e-06
    outer loop
      vertex 34.6 -24.2713 10.7
      vertex 34.7275 -24.3376 2.6
      vertex 34.8476 -24.4002 10.7
    endloop
  endfacet
  facet normal -0.462213 -0.886769 0
    outer loop
      vertex 34.8476 -24.4002 2.2
      vertex 34.7275 -24.3376 2.6
      vertex 34.7275 -24.3376 2.2
    endloop
  endfacet
  facet normal -0.462213 -0.886769 0
    outer loop
      vertex 34.7275 -24.3376 2.6
      vertex 34.8476 -24.4002 2.2
      vertex 34.8476 -24.4002 10.7
    endloop
  endfacet
  facet normal -0.843337 -0.537385 0
    outer loop
      vertex 33.5787 -23.3354 2.6
      vertex 33.4287 -23.1 10.7
      vertex 33.4287 -23.1 2.6
    endloop
  endfacet
  facet normal -0.843337 -0.537385 0
    outer loop
      vertex 33.4287 -23.1 10.7
      vertex 33.5787 -23.3354 2.6
      vertex 33.5787 -23.3354 10.7
    endloop
  endfacet
  facet normal -0.887 -0.46177 0
    outer loop
      vertex 33.4287 -23.1 2.6
      vertex 33.2998 -22.8524 10.7
      vertex 33.2998 -22.8524 2.6
    endloop
  endfacet
  facet normal -0.887 -0.46177 0
    outer loop
      vertex 33.2998 -22.8524 10.7
      vertex 33.4287 -23.1 2.6
      vertex 33.4287 -23.1 10.7
    endloop
  endfacet
  facet normal -0.30069 0.953722 0
    outer loop
      vertex 19.4001 22.6311 2.2
      vertex 17.2785 21.9622 3.2
      vertex 19.4001 22.6311 3.2
    endloop
  endfacet
  facet normal -0.30069 0.953722 0
    outer loop
      vertex 17.2785 21.9622 3.2
      vertex 19.4001 22.6311 2.2
      vertex 17.2785 21.9622 2.2
    endloop
  endfacet
  facet normal 0.976295 -0.216445 0
    outer loop
      vertex 50.6311 -8.59988 3.2
      vertex 51.1126 -6.42803 2.2
      vertex 51.1126 -6.42803 3.2
    endloop
  endfacet
  facet normal 0.976295 -0.216445 0
    outer loop
      vertex 51.1126 -6.42803 2.2
      vertex 50.6311 -8.59988 3.2
      vertex 50.6311 -8.59988 2.2
    endloop
  endfacet
  facet normal -0.537277 0.843406 0
    outer loop
      vertex 13.25 20.0836 2.2
      vertex 11.3738 18.8884 3.2
      vertex 13.25 20.0836 3.2
    endloop
  endfacet
  facet normal -0.537277 0.843406 0
    outer loop
      vertex 11.3738 18.8884 3.2
      vertex 13.25 20.0836 2.2
      vertex 11.3738 18.8884 2.2
    endloop
  endfacet
  facet normal 0.608774 0.793344 -0
    outer loop
      vertex 42.3911 17.5341 2.2
      vertex 40.6262 18.8884 3.2
      vertex 42.3911 17.5341 3.2
    endloop
  endfacet
  facet normal 0.608774 0.793344 0
    outer loop
      vertex 40.6262 18.8884 3.2
      vertex 42.3911 17.5341 2.2
      vertex 40.6262 18.8884 2.2
    endloop
  endfacet
  facet normal -0.608778 -0.79334 0
    outer loop
      vertex 9.60892 -21.5341 2.2
      vertex 11.3738 -22.8884 3.2
      vertex 9.60892 -21.5341 3.2
    endloop
  endfacet
  facet normal -0.608778 -0.79334 -0
    outer loop
      vertex 11.3738 -22.8884 3.2
      vertex 9.60892 -21.5341 2.2
      vertex 11.3738 -22.8884 2.2
    endloop
  endfacet
  facet normal 0.382709 -0.923869 0
    outer loop
      vertex 34.7215 -25.9622 2.2
      vertex 36.7768 -25.1108 3.2
      vertex 34.7215 -25.9622 3.2
    endloop
  endfacet
  facet normal 0.382709 -0.923869 0
    outer loop
      vertex 36.7768 -25.1108 3.2
      vertex 34.7215 -25.9622 2.2
      vertex 36.7768 -25.1108 2.2
    endloop
  endfacet
  facet normal 0.953723 0.300686 0
    outer loop
      vertex 50.6311 4.59988 3.2
      vertex 49.9622 6.72151 2.2
      vertex 49.9622 6.72151 3.2
    endloop
  endfacet
  facet normal 0.953723 0.300686 0
    outer loop
      vertex 49.9622 6.72151 2.2
      vertex 50.6311 4.59988 3.2
      vertex 50.6311 4.59988 2.2
    endloop
  endfacet
  facet normal 0.991443 0.130541 0
    outer loop
      vertex 51.403 0.222471 3.2
      vertex 51.1126 2.42803 2.2
      vertex 51.1126 2.42803 3.2
    endloop
  endfacet
  facet normal 0.991443 0.130541 0
    outer loop
      vertex 51.1126 2.42803 2.2
      vertex 51.403 0.222471 3.2
      vertex 51.403 0.222471 2.2
    endloop
  endfacet
  facet normal 0.30069 -0.953722 0
    outer loop
      vertex 32.5999 -26.6311 2.2
      vertex 34.7215 -25.9622 3.2
      vertex 32.5999 -26.6311 3.2
    endloop
  endfacet
  facet normal 0.30069 -0.953722 0
    outer loop
      vertex 34.7215 -25.9622 3.2
      vertex 32.5999 -26.6311 2.2
      vertex 34.7215 -25.9622 2.2
    endloop
  endfacet
  facet normal 0.793344 0.608774 0
    outer loop
      vertex 46.8884 12.6262 3.2
      vertex 45.5341 14.3911 2.2
      vertex 45.5341 14.3911 3.2
    endloop
  endfacet
  facet normal 0.793344 0.608774 0
    outer loop
      vertex 45.5341 14.3911 2.2
      vertex 46.8884 12.6262 3.2
      vertex 46.8884 12.6262 2.2
    endloop
  endfacet
  facet normal 0 0 1
    outer loop
      vertex 25 23.4563 3.2
      vertex 23.8908 22.1079 3.2
      vertex 25 22.1563 3.2
    endloop
  endfacet
  facet normal -0 0 1
    outer loop
      vertex 23.7775 23.403 3.2
      vertex 23.8908 22.1079 3.2
      vertex 25 23.4563 3.2
    endloop
  endfacet
  facet normal 0 0 1
    outer loop
      vertex 23.7775 23.403 3.2
      vertex 21.7977 21.8323 3.2
      vertex 23.8908 22.1079 3.2
    endloop
  endfacet
  facet normal -0 0 1
    outer loop
      vertex 21.572 23.1126 3.2
      vertex 21.7977 21.8323 3.2
      vertex 23.7775 23.403 3.2
    endloop
  endfacet
  facet normal 0 0 1
    outer loop
      vertex 21.572 23.1126 3.2
      vertex 19.7366 21.3754 3.2
      vertex 21.7977 21.8323 3.2
    endloop
  endfacet
  facet normal -0 0 1
    outer loop
      vertex 19.4001 22.6311 3.2
      vertex 19.7366 21.3754 3.2
      vertex 21.572 23.1126 3.2
    endloop
  endfacet
  facet normal 0 0 1
    outer loop
      vertex 19.4001 22.6311 3.2
      vertex 17.7231 20.7406 3.2
      vertex 19.7366 21.3754 3.2
    endloop
  endfacet
  facet normal -0 0 1
    outer loop
      vertex 17.2785 21.9622 3.2
      vertex 17.7231 20.7406 3.2
      vertex 19.4001 22.6311 3.2
    endloop
  endfacet
  facet normal 0 0 1
    outer loop
      vertex 17.2785 21.9622 3.2
      vertex 15.7726 19.9326 3.2
      vertex 17.7231 20.7406 3.2
    endloop
  endfacet
  facet normal -0 0 1
    outer loop
      vertex 15.2232 21.1108 3.2
      vertex 15.7726 19.9326 3.2
      vertex 17.2785 21.9622 3.2
    endloop
  endfacet
  facet normal 0 0 1
    outer loop
      vertex 15.2232 21.1108 3.2
      vertex 13.9 18.9578 3.2
      vertex 15.7726 19.9326 3.2
    endloop
  endfacet
  facet normal -0 0 1
    outer loop
      vertex 13.25 20.0836 3.2
      vertex 13.9 18.9578 3.2
      vertex 15.2232 21.1108 3.2
    endloop
  endfacet
  facet normal 0 0 1
    outer loop
      vertex 13.25 20.0836 3.2
      vertex 12.1195 17.8235 3.2
      vertex 13.9 18.9578 3.2
    endloop
  endfacet
  facet normal -0 0 1
    outer loop
      vertex 11.3738 18.8884 3.2
      vertex 12.1195 17.8235 3.2
      vertex 13.25 20.0836 3.2
    endloop
  endfacet
  facet normal 0 0 1
    outer loop
      vertex 11.3738 18.8884 3.2
      vertex 10.4445 16.5383 3.2
      vertex 12.1195 17.8235 3.2
    endloop
  endfacet
  facet normal -0 0 1
    outer loop
      vertex 9.60892 17.5341 3.2
      vertex 10.4445 16.5383 3.2
      vertex 11.3738 18.8884 3.2
    endloop
  endfacet
  facet normal 0 0 1
    outer loop
      vertex 9.60892 17.5341 3.2
      vertex 8.88802 15.112 3.2
      vertex 10.4445 16.5383 3.2
    endloop
  endfacet
  facet normal -0 0 1
    outer loop
      vertex 7.96878 16.0312 3.2
      vertex 8.88802 15.112 3.2
      vertex 9.60892 17.5341 3.2
    endloop
  endfacet
  facet normal 0 0 1
    outer loop
      vertex 7.96878 16.0312 3.2
      vertex 7.46173 13.5555 3.2
      vertex 8.88802 15.112 3.2
    endloop
  endfacet
  facet normal -0 0 1
    outer loop
      vertex 6.46587 14.3911 3.2
      vertex 7.46173 13.5555 3.2
      vertex 7.96878 16.0312 3.2
    endloop
  endfacet
  facet normal 0 0 1
    outer loop
      vertex 6.46587 14.3911 3.2
      vertex 6.17652 11.8805 3.2
      vertex 7.46173 13.5555 3.2
    endloop
  endfacet
  facet normal -0 0 1
    outer loop
      vertex 5.11162 12.6262 3.2
      vertex 6.17652 11.8805 3.2
      vertex 6.46587 14.3911 3.2
    endloop
  endfacet
  facet normal 0 0 1
    outer loop
      vertex 5.11162 12.6262 3.2
      vertex 5.04219 10.1 3.2
      vertex 6.17652 11.8805 3.2
    endloop
  endfacet
  facet normal -0 0 1
    outer loop
      vertex 3.91635 10.75 3.2
      vertex 5.04219 10.1 3.2
      vertex 5.11162 12.6262 3.2
    endloop
  endfacet
  facet normal 0 0 1
    outer loop
      vertex 5.04219 10.1 3.2
      vertex 3.91635 10.75 3.2
      vertex 4.06735 8.22736 3.2
    endloop
  endfacet
  facet normal -0 0 1
    outer loop
      vertex 2.88915 8.77676 3.2
      vertex 4.06735 8.22736 3.2
      vertex 3.91635 10.75 3.2
    endloop
  endfacet
  facet normal 0 0 1
    outer loop
      vertex 4.06735 8.22736 3.2
      vertex 2.88915 8.77676 3.2
      vertex 3.25944 6.27689 3.2
    endloop
  endfacet
  facet normal -0 0 1
    outer loop
      vertex 2.03784 6.72151 3.2
      vertex 3.25944 6.27689 3.2
      vertex 2.88915 8.77676 3.2
    endloop
  endfacet
  facet normal 0 0 1
    outer loop
      vertex 3.25944 6.27689 3.2
      vertex 2.03784 6.72151 3.2
      vertex 2.6246 4.26342 3.2
    endloop
  endfacet
  facet normal -0 0 1
    outer loop
      vertex 1.36889 4.59988 3.2
      vertex 2.6246 4.26342 3.2
      vertex 2.03784 6.72151 3.2
    endloop
  endfacet
  facet normal 0 0 1
    outer loop
      vertex 2.6246 4.26342 3.2
      vertex 1.36889 4.59988 3.2
      vertex 2.16765 2.20229 3.2
    endloop
  endfacet
  facet normal -0 0 1
    outer loop
      vertex 0.887403 2.42803 3.2
      vertex 2.16765 2.20229 3.2
      vertex 1.36889 4.59988 3.2
    endloop
  endfacet
  facet normal 0 0 1
    outer loop
      vertex 2.16765 2.20229 3.2
      vertex 0.887403 2.42803 3.2
      vertex 1.89209 0.109168 3.2
    endloop
  endfacet
  facet normal 0 0 1
    outer loop
      vertex 50.2 -2 3.2
      vertex 51.5 -2 3.2
      vertex 51.403 0.222471 3.2
    endloop
  endfacet
  facet normal 0 0 1
    outer loop
      vertex 50.1079 0.109168 3.2
      vertex 51.403 0.222471 3.2
      vertex 51.1126 2.42803 3.2
    endloop
  endfacet
  facet normal 0 0 1
    outer loop
      vertex 51.5 -2 3.2
      vertex 50.2 -2 3.2
      vertex 51.403 -4.22247 3.2
    endloop
  endfacet
  facet normal 0 0 1
    outer loop
      vertex 49.8323 2.20229 3.2
      vertex 51.1126 2.42803 3.2
      vertex 50.6311 4.59988 3.2
    endloop
  endfacet
  facet normal -0 0 1
    outer loop
      vertex 50.1079 -4.10917 3.2
      vertex 51.403 -4.22247 3.2
      vertex 50.2 -2 3.2
    endloop
  endfacet
  facet normal 0 0 1
    outer loop
      vertex 51.403 -4.22247 3.2
      vertex 50.1079 -4.10917 3.2
      vertex 51.1126 -6.42803 3.2
    endloop
  endfacet
  facet normal 0 0 1
    outer loop
      vertex 51.403 0.222471 3.2
      vertex 50.1079 0.109168 3.2
      vertex 50.2 -2 3.2
    endloop
  endfacet
  facet normal 0 0 1
    outer loop
      vertex 49.3754 4.26342 3.2
      vertex 50.6311 4.59988 3.2
      vertex 49.9622 6.72151 3.2
    endloop
  endfacet
  facet normal 0 0 1
    outer loop
      vertex 51.1126 2.42803 3.2
      vertex 49.8323 2.20229 3.2
      vertex 50.1079 0.109168 3.2
    endloop
  endfacet
  facet normal 0 0 1
    outer loop
      vertex 50.6311 4.59988 3.2
      vertex 49.3754 4.26342 3.2
      vertex 49.8323 2.20229 3.2
    endloop
  endfacet
  facet normal 0 0 1
    outer loop
      vertex 48.7406 6.27689 3.2
      vertex 49.9622 6.72151 3.2
      vertex 49.1108 8.77676 3.2
    endloop
  endfacet
  facet normal 0 0 1
    outer loop
      vertex 49.9622 6.72151 3.2
      vertex 48.7406 6.27689 3.2
      vertex 49.3754 4.26342 3.2
    endloop
  endfacet
  facet normal 0 0 1
    outer loop
      vertex 47.9326 8.22736 3.2
      vertex 49.1108 8.77676 3.2
      vertex 48.0836 10.75 3.2
    endloop
  endfacet
  facet normal 0 0 1
    outer loop
      vertex 49.1108 8.77676 3.2
      vertex 47.9326 8.22736 3.2
      vertex 48.7406 6.27689 3.2
    endloop
  endfacet
  facet normal 0 0 1
    outer loop
      vertex 48.0836 10.75 3.2
      vertex 46.9578 10.1 3.2
      vertex 47.9326 8.22736 3.2
    endloop
  endfacet
  facet normal 0 0 1
    outer loop
      vertex 46.8884 12.6262 3.2
      vertex 46.9578 10.1 3.2
      vertex 48.0836 10.75 3.2
    endloop
  endfacet
  facet normal 0 0 1
    outer loop
      vertex 46.8884 12.6262 3.2
      vertex 45.8235 11.8805 3.2
      vertex 46.9578 10.1 3.2
    endloop
  endfacet
  facet normal 0 0 1
    outer loop
      vertex 45.5341 14.3911 3.2
      vertex 45.8235 11.8805 3.2
      vertex 46.8884 12.6262 3.2
    endloop
  endfacet
  facet normal 0 0 1
    outer loop
      vertex 45.5341 14.3911 3.2
      vertex 44.5383 13.5555 3.2
      vertex 45.8235 11.8805 3.2
    endloop
  endfacet
  facet normal 0 0 1
    outer loop
      vertex 44.0312 16.0312 3.2
      vertex 44.5383 13.5555 3.2
      vertex 45.5341 14.3911 3.2
    endloop
  endfacet
  facet normal 0 0 1
    outer loop
      vertex 44.0312 16.0312 3.2
      vertex 43.112 15.112 3.2
      vertex 44.5383 13.5555 3.2
    endloop
  endfacet
  facet normal 0 0 1
    outer loop
      vertex 42.3911 17.5341 3.2
      vertex 43.112 15.112 3.2
      vertex 44.0312 16.0312 3.2
    endloop
  endfacet
  facet normal 0 0 1
    outer loop
      vertex 42.3911 17.5341 3.2
      vertex 41.5555 16.5383 3.2
      vertex 43.112 15.112 3.2
    endloop
  endfacet
  facet normal 0 0 1
    outer loop
      vertex 40.6262 18.8884 3.2
      vertex 41.5555 16.5383 3.2
      vertex 42.3911 17.5341 3.2
    endloop
  endfacet
  facet normal 0 0 1
    outer loop
      vertex 40.6262 18.8884 3.2
      vertex 39.8806 17.8235 3.2
      vertex 41.5555 16.5383 3.2
    endloop
  endfacet
  facet normal -0 0 1
    outer loop
      vertex 38.9713 19.9 3.2
      vertex 40.6262 18.8884 3.2
      vertex 38.988 19.932 3.2
    endloop
  endfacet
  facet normal -0 0 1
    outer loop
      vertex 38.8213 19.6646 3.2
      vertex 40.6262 18.8884 3.2
      vertex 38.9713 19.9 3.2
    endloop
  endfacet
  facet normal -0 0 1
    outer loop
      vertex 38.6513 19.4431 3.2
      vertex 40.6262 18.8884 3.2
      vertex 38.8213 19.6646 3.2
    endloop
  endfacet
  facet normal 0 0 1
    outer loop
      vertex 40.6262 18.8884 3.2
      vertex 38.6513 19.4431 3.2
      vertex 39.8806 17.8235 3.2
    endloop
  endfacet
  facet normal -0 0 1
    outer loop
      vertex 38.4627 19.2373 3.2
      vertex 39.8806 17.8235 3.2
      vertex 38.6513 19.4431 3.2
    endloop
  endfacet
  facet normal -0 0 1
    outer loop
      vertex 38.2569 19.0487 3.2
      vertex 39.8806 17.8235 3.2
      vertex 38.4627 19.2373 3.2
    endloop
  endfacet
  facet normal 0 0 1
    outer loop
      vertex 39.8806 17.8235 3.2
      vertex 38.2569 19.0487 3.2
      vertex 38.1211 18.9444 3.2
    endloop
  endfacet
  facet normal -0 0 1
    outer loop
      vertex 49.8323 -6.20229 3.2
      vertex 51.1126 -6.42803 3.2
      vertex 50.1079 -4.10917 3.2
    endloop
  endfacet
  facet normal 0 0 1
    outer loop
      vertex 51.1126 -6.42803 3.2
      vertex 49.8323 -6.20229 3.2
      vertex 50.6311 -8.59988 3.2
    endloop
  endfacet
  facet normal -0 0 1
    outer loop
      vertex 49.3754 -8.26342 3.2
      vertex 50.6311 -8.59988 3.2
      vertex 49.8323 -6.20229 3.2
    endloop
  endfacet
  facet normal 0 0 1
    outer loop
      vertex 50.6311 -8.59988 3.2
      vertex 49.3754 -8.26342 3.2
      vertex 49.9622 -10.7215 3.2
    endloop
  endfacet
  facet normal -0 0 1
    outer loop
      vertex 48.7406 -10.2769 3.2
      vertex 49.9622 -10.7215 3.2
      vertex 49.3754 -8.26342 3.2
    endloop
  endfacet
  facet normal 0 0 1
    outer loop
      vertex 49.9622 -10.7215 3.2
      vertex 48.7406 -10.2769 3.2
      vertex 49.1108 -12.7768 3.2
    endloop
  endfacet
  facet normal -0 0 1
    outer loop
      vertex 47.9326 -12.2274 3.2
      vertex 49.1108 -12.7768 3.2
      vertex 48.7406 -10.2769 3.2
    endloop
  endfacet
  facet normal 0 0 1
    outer loop
      vertex 49.1108 -12.7768 3.2
      vertex 47.9326 -12.2274 3.2
      vertex 48.0836 -14.75 3.2
    endloop
  endfacet
  facet normal -0 0 1
    outer loop
      vertex 46.9578 -14.1 3.2
      vertex 48.0836 -14.75 3.2
      vertex 47.9326 -12.2274 3.2
    endloop
  endfacet
  facet normal 0 0 1
    outer loop
      vertex 46.9578 -14.1 3.2
      vertex 46.8884 -16.6262 3.2
      vertex 48.0836 -14.75 3.2
    endloop
  endfacet
  facet normal -0 0 1
    outer loop
      vertex 45.8235 -15.8805 3.2
      vertex 46.8884 -16.6262 3.2
      vertex 46.9578 -14.1 3.2
    endloop
  endfacet
  facet normal 0 0 1
    outer loop
      vertex 45.8235 -15.8805 3.2
      vertex 45.5341 -18.3911 3.2
      vertex 46.8884 -16.6262 3.2
    endloop
  endfacet
  facet normal -0 0 1
    outer loop
      vertex 44.5383 -17.5555 3.2
      vertex 45.5341 -18.3911 3.2
      vertex 45.8235 -15.8805 3.2
    endloop
  endfacet
  facet normal 0 0 1
    outer loop
      vertex 44.5383 -17.5555 3.2
      vertex 44.0312 -20.0312 3.2
      vertex 45.5341 -18.3911 3.2
    endloop
  endfacet
  facet normal -0 0 1
    outer loop
      vertex 43.112 -19.112 3.2
      vertex 44.0312 -20.0312 3.2
      vertex 44.5383 -17.5555 3.2
    endloop
  endfacet
  facet normal 0 0 1
    outer loop
      vertex 43.112 -19.112 3.2
      vertex 42.3911 -21.5341 3.2
      vertex 44.0312 -20.0312 3.2
    endloop
  endfacet
  facet normal -0 0 1
    outer loop
      vertex 41.5555 -20.5383 3.2
      vertex 42.3911 -21.5341 3.2
      vertex 43.112 -19.112 3.2
    endloop
  endfacet
  facet normal 0 0 1
    outer loop
      vertex 41.5555 -20.5383 3.2
      vertex 40.6262 -22.8884 3.2
      vertex 42.3911 -21.5341 3.2
    endloop
  endfacet
  facet normal -0 0 1
    outer loop
      vertex 39.8806 -21.8235 3.2
      vertex 40.6262 -22.8884 3.2
      vertex 41.5555 -20.5383 3.2
    endloop
  endfacet
  facet normal 0 0 1
    outer loop
      vertex 39.291 -22.3282 3.2
      vertex 39.8806 -21.8235 3.2
      vertex 39.3243 -22.1778 3.2
    endloop
  endfacet
  facet normal 0 0 1
    outer loop
      vertex 39.8806 -21.8235 3.2
      vertex 39.291 -22.3282 3.2
      vertex 40.6262 -22.8884 3.2
    endloop
  endfacet
  facet normal -0 0 1
    outer loop
      vertex 39.207 -22.5945 3.2
      vertex 40.6262 -22.8884 3.2
      vertex 39.291 -22.3282 3.2
    endloop
  endfacet
  facet normal -0 0 1
    outer loop
      vertex 39.1002 -22.8524 3.2
      vertex 40.6262 -22.8884 3.2
      vertex 39.207 -22.5945 3.2
    endloop
  endfacet
  facet normal 0 0 1
    outer loop
      vertex 38.9713 -23.1 3.2
      vertex 40.6262 -22.8884 3.2
      vertex 39.1002 -22.8524 3.2
    endloop
  endfacet
  facet normal 0 0 1
    outer loop
      vertex 38.75 -24.0836 3.2
      vertex 38.9713 -23.1 3.2
      vertex 38.8213 -23.3354 3.2
    endloop
  endfacet
  facet normal -0 0 1
    outer loop
      vertex 38.9713 -23.1 3.2
      vertex 38.75 -24.0836 3.2
      vertex 40.6262 -22.8884 3.2
    endloop
  endfacet
  facet normal -0 0 1
    outer loop
      vertex 38.6513 -23.5569 3.2
      vertex 38.75 -24.0836 3.2
      vertex 38.8213 -23.3354 3.2
    endloop
  endfacet
  facet normal -0 0 1
    outer loop
      vertex 38.4627 -23.7627 3.2
      vertex 38.75 -24.0836 3.2
      vertex 38.6513 -23.5569 3.2
    endloop
  endfacet
  facet normal -0 0 1
    outer loop
      vertex 38.2569 -23.9513 3.2
      vertex 38.75 -24.0836 3.2
      vertex 38.4627 -23.7627 3.2
    endloop
  endfacet
  facet normal 0 0 1
    outer loop
      vertex 38.0354 -24.1213 3.2
      vertex 38.75 -24.0836 3.2
      vertex 38.2569 -23.9513 3.2
    endloop
  endfacet
  facet normal 0 0 1
    outer loop
      vertex 37.8 -24.2713 3.2
      vertex 38.75 -24.0836 3.2
      vertex 38.0354 -24.1213 3.2
    endloop
  endfacet
  facet normal 0 0 1
    outer loop
      vertex 37.5524 -24.4002 3.2
      vertex 38.75 -24.0836 3.2
      vertex 37.8 -24.2713 3.2
    endloop
  endfacet
  facet normal 0 0 1
    outer loop
      vertex 36.7768 -25.1108 3.2
      vertex 37.5524 -24.4002 3.2
      vertex 37.2945 -24.507 3.2
    endloop
  endfacet
  facet normal 0 0 1
    outer loop
      vertex 36.7768 -25.1108 3.2
      vertex 37.2945 -24.507 3.2
      vertex 37.0282 -24.591 3.2
    endloop
  endfacet
  facet normal -0 0 1
    outer loop
      vertex 37.5524 -24.4002 3.2
      vertex 36.7768 -25.1108 3.2
      vertex 38.75 -24.0836 3.2
    endloop
  endfacet
  facet normal -0 0 1
    outer loop
      vertex 36.7557 -24.6514 3.2
      vertex 36.7768 -25.1108 3.2
      vertex 37.0282 -24.591 3.2
    endloop
  endfacet
  facet normal -0 0 1
    outer loop
      vertex 36.4789 -24.6878 3.2
      vertex 36.7768 -25.1108 3.2
      vertex 36.7557 -24.6514 3.2
    endloop
  endfacet
  facet normal -0 0 1
    outer loop
      vertex 36.2 -24.7 3.2
      vertex 36.7768 -25.1108 3.2
      vertex 36.4789 -24.6878 3.2
    endloop
  endfacet
  facet normal 0 0 1
    outer loop
      vertex 35.9211 -24.6878 3.2
      vertex 36.7768 -25.1108 3.2
      vertex 36.2 -24.7 3.2
    endloop
  endfacet
  facet normal 0 0 1
    outer loop
      vertex 34.7215 -25.9622 3.2
      vertex 35.9211 -24.6878 3.2
      vertex 35.6443 -24.6514 3.2
    endloop
  endfacet
  facet normal 0 0 1
    outer loop
      vertex 34.7215 -25.9622 3.2
      vertex 35.6443 -24.6514 3.2
      vertex 35.3718 -24.591 3.2
    endloop
  endfacet
  facet normal 0 0 1
    outer loop
      vertex 34.7215 -25.9622 3.2
      vertex 35.3718 -24.591 3.2
      vertex 35.1055 -24.507 3.2
    endloop
  endfacet
  facet normal 0 0 1
    outer loop
      vertex 35.9211 -24.6878 3.2
      vertex 34.7215 -25.9622 3.2
      vertex 36.7768 -25.1108 3.2
    endloop
  endfacet
  facet normal 0 0 1
    outer loop
      vertex 34.2769 -24.7406 3.2
      vertex 35.1055 -24.507 3.2
      vertex 34.9731 -24.4522 3.2
    endloop
  endfacet
  facet normal 0 0 1
    outer loop
      vertex 35.1055 -24.507 3.2
      vertex 34.2769 -24.7406 3.2
      vertex 34.7215 -25.9622 3.2
    endloop
  endfacet
  facet normal 0 0 1
    outer loop
      vertex 34.2769 -24.7406 3.2
      vertex 32.5999 -26.6311 3.2
      vertex 34.7215 -25.9622 3.2
    endloop
  endfacet
  facet normal -0 0 1
    outer loop
      vertex 32.2634 -25.3754 3.2
      vertex 32.5999 -26.6311 3.2
      vertex 34.2769 -24.7406 3.2
    endloop
  endfacet
  facet normal 0 0 1
    outer loop
      vertex 32.2634 -25.3754 3.2
      vertex 30.428 -27.1126 3.2
      vertex 32.5999 -26.6311 3.2
    endloop
  endfacet
  facet normal -0 0 1
    outer loop
      vertex 30.2023 -25.8323 3.2
      vertex 30.428 -27.1126 3.2
      vertex 32.2634 -25.3754 3.2
    endloop
  endfacet
  facet normal 0 0 1
    outer loop
      vertex 30.2023 -25.8323 3.2
      vertex 28.2225 -27.403 3.2
      vertex 30.428 -27.1126 3.2
    endloop
  endfacet
  facet normal -0 0 1
    outer loop
      vertex 28.1092 -26.1079 3.2
      vertex 28.2225 -27.403 3.2
      vertex 30.2023 -25.8323 3.2
    endloop
  endfacet
  facet normal -0 0 1
    outer loop
      vertex 26 -26.2 3.2
      vertex 28.2225 -27.403 3.2
      vertex 28.1092 -26.1079 3.2
    endloop
  endfacet
  facet normal 0 0 1
    outer loop
      vertex 26 -26.2 3.2
      vertex 26 -27.5 3.2
      vertex 28.2225 -27.403 3.2
    endloop
  endfacet
  facet normal 0 0 1
    outer loop
      vertex 23.8908 -26.1079 3.2
      vertex 26 -27.5 3.2
      vertex 26 -26.2 3.2
    endloop
  endfacet
  facet normal 0 0 1
    outer loop
      vertex 23.8908 -26.1079 3.2
      vertex 23.7775 -27.403 3.2
      vertex 26 -27.5 3.2
    endloop
  endfacet
  facet normal 0 0 1
    outer loop
      vertex 21.7977 -25.8323 3.2
      vertex 23.7775 -27.403 3.2
      vertex 23.8908 -26.1079 3.2
    endloop
  endfacet
  facet normal 0 0 1
    outer loop
      vertex 21.7977 -25.8323 3.2
      vertex 21.572 -27.1126 3.2
      vertex 23.7775 -27.403 3.2
    endloop
  endfacet
  facet normal 0 0 1
    outer loop
      vertex 19.7366 -25.3754 3.2
      vertex 21.572 -27.1126 3.2
      vertex 21.7977 -25.8323 3.2
    endloop
  endfacet
  facet normal 0 0 1
    outer loop
      vertex 19.7366 -25.3754 3.2
      vertex 19.4001 -26.6311 3.2
      vertex 21.572 -27.1126 3.2
    endloop
  endfacet
  facet normal 0 0 1
    outer loop
      vertex 17.7231 -24.7406 3.2
      vertex 19.4001 -26.6311 3.2
      vertex 19.7366 -25.3754 3.2
    endloop
  endfacet
  facet normal 0 0 1
    outer loop
      vertex 17.7231 -24.7406 3.2
      vertex 17.2785 -25.9622 3.2
      vertex 19.4001 -26.6311 3.2
    endloop
  endfacet
  facet normal 0 0 1
    outer loop
      vertex 15.7726 -23.9326 3.2
      vertex 17.2785 -25.9622 3.2
      vertex 17.7231 -24.7406 3.2
    endloop
  endfacet
  facet normal 0 0 1
    outer loop
      vertex 15.7726 -23.9326 3.2
      vertex 15.2232 -25.1108 3.2
      vertex 17.2785 -25.9622 3.2
    endloop
  endfacet
  facet normal 0 0 1
    outer loop
      vertex 13.9 -22.9578 3.2
      vertex 15.2232 -25.1108 3.2
      vertex 15.7726 -23.9326 3.2
    endloop
  endfacet
  facet normal 0 0 1
    outer loop
      vertex 13.9 -22.9578 3.2
      vertex 13.25 -24.0836 3.2
      vertex 15.2232 -25.1108 3.2
    endloop
  endfacet
  facet normal 0 0 1
    outer loop
      vertex 12.1195 -21.8235 3.2
      vertex 13.25 -24.0836 3.2
      vertex 13.9 -22.9578 3.2
    endloop
  endfacet
  facet normal 0 0 1
    outer loop
      vertex 12.1195 -21.8235 3.2
      vertex 11.3738 -22.8884 3.2
      vertex 13.25 -24.0836 3.2
    endloop
  endfacet
  facet normal 0 0 1
    outer loop
      vertex 10.4445 -20.5383 3.2
      vertex 11.3738 -22.8884 3.2
      vertex 12.1195 -21.8235 3.2
    endloop
  endfacet
  facet normal 0 0 1
    outer loop
      vertex 10.4445 -20.5383 3.2
      vertex 9.60892 -21.5341 3.2
      vertex 11.3738 -22.8884 3.2
    endloop
  endfacet
  facet normal 0 0 1
    outer loop
      vertex 8.88802 -19.112 3.2
      vertex 9.60892 -21.5341 3.2
      vertex 10.4445 -20.5383 3.2
    endloop
  endfacet
  facet normal 0 0 1
    outer loop
      vertex 8.88802 -19.112 3.2
      vertex 7.96878 -20.0312 3.2
      vertex 9.60892 -21.5341 3.2
    endloop
  endfacet
  facet normal 0 0 1
    outer loop
      vertex 7.46173 -17.5555 3.2
      vertex 7.96878 -20.0312 3.2
      vertex 8.88802 -19.112 3.2
    endloop
  endfacet
  facet normal 0 0 1
    outer loop
      vertex 7.46173 -17.5555 3.2
      vertex 6.46587 -18.3911 3.2
      vertex 7.96878 -20.0312 3.2
    endloop
  endfacet
  facet normal 0 0 1
    outer loop
      vertex 6.17652 -15.8805 3.2
      vertex 6.46587 -18.3911 3.2
      vertex 7.46173 -17.5555 3.2
    endloop
  endfacet
  facet normal 0 0 1
    outer loop
      vertex 6.17652 -15.8805 3.2
      vertex 5.11162 -16.6262 3.2
      vertex 6.46587 -18.3911 3.2
    endloop
  endfacet
  facet normal 0 0 1
    outer loop
      vertex 5.04219 -14.1 3.2
      vertex 5.11162 -16.6262 3.2
      vertex 6.17652 -15.8805 3.2
    endloop
  endfacet
  facet normal 0 0 1
    outer loop
      vertex 3.91635 -14.75 3.2
      vertex 5.04219 -14.1 3.2
      vertex 4.06735 -12.2274 3.2
    endloop
  endfacet
  facet normal 0 0 1
    outer loop
      vertex 5.04219 -14.1 3.2
      vertex 3.91635 -14.75 3.2
      vertex 5.11162 -16.6262 3.2
    endloop
  endfacet
  facet normal 0 0 1
    outer loop
      vertex 2.88915 -12.7768 3.2
      vertex 4.06735 -12.2274 3.2
      vertex 3.25944 -10.2769 3.2
    endloop
  endfacet
  facet normal 0 0 1
    outer loop
      vertex 4.06735 -12.2274 3.2
      vertex 2.88915 -12.7768 3.2
      vertex 3.91635 -14.75 3.2
    endloop
  endfacet
  facet normal 0 0 1
    outer loop
      vertex 2.03784 -10.7215 3.2
      vertex 3.25944 -10.2769 3.2
      vertex 2.6246 -8.26342 3.2
    endloop
  endfacet
  facet normal 0 0 1
    outer loop
      vertex 1.36889 -8.59988 3.2
      vertex 2.6246 -8.26342 3.2
      vertex 2.16765 -6.20229 3.2
    endloop
  endfacet
  facet normal 0 0 1
    outer loop
      vertex 3.25944 -10.2769 3.2
      vertex 2.03784 -10.7215 3.2
      vertex 2.88915 -12.7768 3.2
    endloop
  endfacet
  facet normal 0 0 1
    outer loop
      vertex 0.887403 -6.42803 3.2
      vertex 2.16765 -6.20229 3.2
      vertex 1.89209 -4.10917 3.2
    endloop
  endfacet
  facet normal 0 0 1
    outer loop
      vertex 0.597035 -4.22247 3.2
      vertex 1.89209 -4.10917 3.2
      vertex 1.8 -2 3.2
    endloop
  endfacet
  facet normal -0 0 1
    outer loop
      vertex 0.597035 0.222471 3.2
      vertex 1.89209 0.109168 3.2
      vertex 0.887403 2.42803 3.2
    endloop
  endfacet
  facet normal 0 0 1
    outer loop
      vertex 2.6246 -8.26342 3.2
      vertex 1.36889 -8.59988 3.2
      vertex 2.03784 -10.7215 3.2
    endloop
  endfacet
  facet normal 0 0 1
    outer loop
      vertex 1.89209 0.109168 3.2
      vertex 0.597035 0.222471 3.2
      vertex 1.8 -2 3.2
    endloop
  endfacet
  facet normal 0 0 1
    outer loop
      vertex 2.16765 -6.20229 3.2
      vertex 0.887403 -6.42803 3.2
      vertex 1.36889 -8.59988 3.2
    endloop
  endfacet
  facet normal 0 0 1
    outer loop
      vertex 0.5 -2 3.2
      vertex 1.8 -2 3.2
      vertex 0.597035 0.222471 3.2
    endloop
  endfacet
  facet normal 0 0 1
    outer loop
      vertex 1.89209 -4.10917 3.2
      vertex 0.597035 -4.22247 3.2
      vertex 0.887403 -6.42803 3.2
    endloop
  endfacet
  facet normal 0 0 1
    outer loop
      vertex 1.8 -2 3.2
      vertex 0.5 -2 3.2
      vertex 0.597035 -4.22247 3.2
    endloop
  endfacet
  facet normal 0.953723 -0.300688 0
    outer loop
      vertex 49.9622 -10.7215 3.2
      vertex 50.6311 -8.59988 2.2
      vertex 50.6311 -8.59988 3.2
    endloop
  endfacet
  facet normal 0.953723 -0.300688 0
    outer loop
      vertex 50.6311 -8.59988 2.2
      vertex 49.9622 -10.7215 3.2
      vertex 49.9622 -10.7215 2.2
    endloop
  endfacet
  facet normal 0.976295 0.216445 0
    outer loop
      vertex 51.1126 2.42803 3.2
      vertex 50.6311 4.59988 2.2
      vertex 50.6311 4.59988 3.2
    endloop
  endfacet
  facet normal 0.976295 0.216445 0
    outer loop
      vertex 50.6311 4.59988 2.2
      vertex 51.1126 2.42803 3.2
      vertex 51.1126 2.42803 2.2
    endloop
  endfacet
  facet normal 0.999049 0.0436036 0
    outer loop
      vertex 51.5 -2 3.2
      vertex 51.403 0.222471 2.2
      vertex 51.403 0.222471 3.2
    endloop
  endfacet
  facet normal 0.999049 0.0436036 0
    outer loop
      vertex 51.403 0.222471 2.2
      vertex 51.5 -2 3.2
      vertex 51.5 -2 2.2
    endloop
  endfacet
  facet normal 0.923869 -0.382709 0
    outer loop
      vertex 49.1108 -12.7768 3.2
      vertex 49.9622 -10.7215 2.2
      vertex 49.9622 -10.7215 3.2
    endloop
  endfacet
  facet normal 0.923869 -0.382709 0
    outer loop
      vertex 49.9622 -10.7215 2.2
      vertex 49.1108 -12.7768 3.2
      vertex 49.1108 -12.7768 2.2
    endloop
  endfacet
  facet normal 0.887008 -0.461755 0
    outer loop
      vertex 48.0836 -14.75 3.2
      vertex 49.1108 -12.7768 2.2
      vertex 49.1108 -12.7768 3.2
    endloop
  endfacet
  facet normal 0.887008 -0.461755 0
    outer loop
      vertex 49.1108 -12.7768 2.2
      vertex 48.0836 -14.75 3.2
      vertex 48.0836 -14.75 2.2
    endloop
  endfacet
  facet normal -0.999048 0.0436193 0
    outer loop
      vertex 0.5 -2 2.2
      vertex 0.597035 0.222471 3.2
      vertex 0.597035 0.222471 2.2
    endloop
  endfacet
  facet normal -0.999048 0.0436193 0
    outer loop
      vertex 0.597035 0.222471 3.2
      vertex 0.5 -2 2.2
      vertex 0.5 -2 3.2
    endloop
  endfacet
  facet normal 0.999049 -0.0436036 0
    outer loop
      vertex 51.403 -4.22247 3.2
      vertex 51.5 -2 2.2
      vertex 51.5 -2 3.2
    endloop
  endfacet
  facet normal 0.999049 -0.0436036 0
    outer loop
      vertex 51.5 -2 2.2
      vertex 51.403 -4.22247 3.2
      vertex 51.403 -4.22247 2.2
    endloop
  endfacet
  facet normal -0.976296 -0.216439 0
    outer loop
      vertex 1.36889 -8.59988 2.2
      vertex 0.887403 -6.42803 3.2
      vertex 0.887403 -6.42803 2.2
    endloop
  endfacet
  facet normal -0.976296 -0.216439 0
    outer loop
      vertex 0.887403 -6.42803 3.2
      vertex 1.36889 -8.59988 2.2
      vertex 1.36889 -8.59988 3.2
    endloop
  endfacet
  facet normal 0.130544 -0.991443 0
    outer loop
      vertex 28.2225 -27.403 2.2
      vertex 30.428 -27.1126 3.2
      vertex 28.2225 -27.403 3.2
    endloop
  endfacet
  facet normal 0.130544 -0.991443 0
    outer loop
      vertex 30.428 -27.1126 3.2
      vertex 28.2225 -27.403 2.2
      vertex 30.428 -27.1126 2.2
    endloop
  endfacet
  facet normal -0.608778 0.79334 0
    outer loop
      vertex 11.3738 18.8884 2.2
      vertex 9.60892 17.5341 3.2
      vertex 11.3738 18.8884 3.2
    endloop
  endfacet
  facet normal -0.608778 0.79334 0
    outer loop
      vertex 9.60892 17.5341 3.2
      vertex 11.3738 18.8884 2.2
      vertex 9.60892 17.5341 2.2
    endloop
  endfacet
  facet normal -0.21644 -0.976296 0
    outer loop
      vertex 19.4001 -26.6311 2.2
      vertex 21.572 -27.1126 3.2
      vertex 19.4001 -26.6311 3.2
    endloop
  endfacet
  facet normal -0.21644 -0.976296 -0
    outer loop
      vertex 21.572 -27.1126 3.2
      vertex 19.4001 -26.6311 2.2
      vertex 21.572 -27.1126 2.2
    endloop
  endfacet
  facet normal -0.461755 0.887008 0
    outer loop
      vertex 15.2232 21.1108 2.2
      vertex 13.25 20.0836 3.2
      vertex 15.2232 21.1108 3.2
    endloop
  endfacet
  facet normal -0.461755 0.887008 0
    outer loop
      vertex 13.25 20.0836 3.2
      vertex 15.2232 21.1108 2.2
      vertex 13.25 20.0836 2.2
    endloop
  endfacet
  facet normal 0.843406 0.537277 0
    outer loop
      vertex 48.0836 10.75 3.2
      vertex 46.8884 12.6262 2.2
      vertex 46.8884 12.6262 3.2
    endloop
  endfacet
  facet normal 0.843406 0.537277 0
    outer loop
      vertex 46.8884 12.6262 2.2
      vertex 48.0836 10.75 3.2
      vertex 48.0836 10.75 2.2
    endloop
  endfacet
  facet normal -0.382709 0.923869 0
    outer loop
      vertex 17.2785 21.9622 2.2
      vertex 15.2232 21.1108 3.2
      vertex 17.2785 21.9622 3.2
    endloop
  endfacet
  facet normal -0.382709 0.923869 0
    outer loop
      vertex 15.2232 21.1108 3.2
      vertex 17.2785 21.9622 2.2
      vertex 15.2232 21.1108 2.2
    endloop
  endfacet
  facet normal -0.737269 -0.675599 0
    outer loop
      vertex 7.96878 -20.0312 2.2
      vertex 6.46587 -18.3911 3.2
      vertex 6.46587 -18.3911 2.2
    endloop
  endfacet
  facet normal -0.737269 -0.675599 0
    outer loop
      vertex 6.46587 -18.3911 3.2
      vertex 7.96878 -20.0312 2.2
      vertex 7.96878 -20.0312 3.2
    endloop
  endfacet
  facet normal -0.976296 0.216439 0
    outer loop
      vertex 0.887403 2.42803 2.2
      vertex 1.36889 4.59988 3.2
      vertex 1.36889 4.59988 2.2
    endloop
  endfacet
  facet normal -0.976296 0.216439 0
    outer loop
      vertex 1.36889 4.59988 3.2
      vertex 0.887403 2.42803 2.2
      vertex 0.887403 2.42803 3.2
    endloop
  endfacet
  facet normal -0.887008 -0.461755 0
    outer loop
      vertex 3.91635 -14.75 2.2
      vertex 2.88915 -12.7768 3.2
      vertex 2.88915 -12.7768 2.2
    endloop
  endfacet
  facet normal -0.887008 -0.461755 0
    outer loop
      vertex 2.88915 -12.7768 3.2
      vertex 3.91635 -14.75 2.2
      vertex 3.91635 -14.75 3.2
    endloop
  endfacet
  facet normal -0.793355 0.60876 0
    outer loop
      vertex 5.11162 12.6262 2.2
      vertex 6.46587 14.3911 3.2
      vertex 6.46587 14.3911 2.2
    endloop
  endfacet
  facet normal -0.793355 0.60876 0
    outer loop
      vertex 6.46587 14.3911 3.2
      vertex 5.11162 12.6262 2.2
      vertex 5.11162 12.6262 3.2
    endloop
  endfacet
  facet normal 0.923866 0.382717 0
    outer loop
      vertex 49.9622 6.72151 3.2
      vertex 49.1108 8.77676 2.2
      vertex 49.1108 8.77676 3.2
    endloop
  endfacet
  facet normal 0.923866 0.382717 0
    outer loop
      vertex 49.1108 8.77676 2.2
      vertex 49.9622 6.72151 3.2
      vertex 49.9622 6.72151 2.2
    endloop
  endfacet
  facet normal -0.043603 -0.999049 0
    outer loop
      vertex 23.7775 -27.403 2.2
      vertex 26 -27.5 3.2
      vertex 23.7775 -27.403 3.2
    endloop
  endfacet
  facet normal -0.043603 -0.999049 -0
    outer loop
      vertex 26 -27.5 3.2
      vertex 23.7775 -27.403 2.2
      vertex 26 -27.5 2.2
    endloop
  endfacet
  facet normal -0.843392 -0.537299 0
    outer loop
      vertex 5.11162 -16.6262 2.2
      vertex 3.91635 -14.75 3.2
      vertex 3.91635 -14.75 2.2
    endloop
  endfacet
  facet normal -0.843392 -0.537299 0
    outer loop
      vertex 3.91635 -14.75 3.2
      vertex 5.11162 -16.6262 2.2
      vertex 5.11162 -16.6262 3.2
    endloop
  endfacet
  facet normal 0.887012 0.461747 0
    outer loop
      vertex 49.1108 8.77676 3.2
      vertex 48.0836 10.75 2.2
      vertex 48.0836 10.75 3.2
    endloop
  endfacet
  facet normal 0.887012 0.461747 0
    outer loop
      vertex 48.0836 10.75 2.2
      vertex 49.1108 8.77676 3.2
      vertex 49.1108 8.77676 2.2
    endloop
  endfacet
  facet normal 0.043603 -0.999049 0
    outer loop
      vertex 26 -27.5 2.2
      vertex 28.2225 -27.403 3.2
      vertex 26 -27.5 3.2
    endloop
  endfacet
  facet normal 0.043603 -0.999049 0
    outer loop
      vertex 28.2225 -27.403 3.2
      vertex 26 -27.5 2.2
      vertex 28.2225 -27.403 2.2
    endloop
  endfacet
  facet normal -0.953717 0.300707 0
    outer loop
      vertex 1.36889 4.59988 2.2
      vertex 2.03784 6.72151 3.2
      vertex 2.03784 6.72151 2.2
    endloop
  endfacet
  facet normal -0.953717 0.300707 0
    outer loop
      vertex 2.03784 6.72151 3.2
      vertex 1.36889 4.59988 2.2
      vertex 1.36889 4.59988 3.2
    endloop
  endfacet
  facet normal -0.991445 0.130526 0
    outer loop
      vertex 0.597035 0.222471 2.2
      vertex 0.887403 2.42803 3.2
      vertex 0.887403 2.42803 2.2
    endloop
  endfacet
  facet normal -0.991445 0.130526 0
    outer loop
      vertex 0.887403 2.42803 3.2
      vertex 0.597035 0.222471 2.2
      vertex 0.597035 0.222471 3.2
    endloop
  endfacet
  facet normal -0.675587 -0.73728 0
    outer loop
      vertex 7.96878 -20.0312 2.2
      vertex 9.60892 -21.5341 3.2
      vertex 7.96878 -20.0312 3.2
    endloop
  endfacet
  facet normal -0.675587 -0.73728 -0
    outer loop
      vertex 9.60892 -21.5341 3.2
      vertex 7.96878 -20.0312 2.2
      vertex 9.60892 -21.5341 2.2
    endloop
  endfacet
  facet normal 0.843406 -0.537277 0
    outer loop
      vertex 46.8884 -16.6262 3.2
      vertex 48.0836 -14.75 2.2
      vertex 48.0836 -14.75 3.2
    endloop
  endfacet
  facet normal 0.843406 -0.537277 0
    outer loop
      vertex 48.0836 -14.75 2.2
      vertex 46.8884 -16.6262 3.2
      vertex 46.8884 -16.6262 2.2
    endloop
  endfacet
  facet normal -0.991445 -0.130526 0
    outer loop
      vertex 0.887403 -6.42803 2.2
      vertex 0.597035 -4.22247 3.2
      vertex 0.597035 -4.22247 2.2
    endloop
  endfacet
  facet normal -0.991445 -0.130526 0
    outer loop
      vertex 0.597035 -4.22247 3.2
      vertex 0.887403 -6.42803 2.2
      vertex 0.887403 -6.42803 3.2
    endloop
  endfacet
  facet normal -0.0435578 0.999051 0
    outer loop
      vertex 25 23.4563 2.2
      vertex 23.7775 23.403 3.2
      vertex 25 23.4563 3.2
    endloop
  endfacet
  facet normal -0.0435578 0.999051 0
    outer loop
      vertex 23.7775 23.403 3.2
      vertex 25 23.4563 2.2
      vertex 23.7775 23.403 2.2
    endloop
  endfacet
  facet normal -0.675587 0.73728 0
    outer loop
      vertex 9.60892 17.5341 2.2
      vertex 7.96878 16.0312 3.2
      vertex 9.60892 17.5341 3.2
    endloop
  endfacet
  facet normal -0.675587 0.73728 0
    outer loop
      vertex 7.96878 16.0312 3.2
      vertex 9.60892 17.5341 2.2
      vertex 7.96878 16.0312 2.2
    endloop
  endfacet
  facet normal 0.793344 -0.608774 0
    outer loop
      vertex 45.5341 -18.3911 3.2
      vertex 46.8884 -16.6262 2.2
      vertex 46.8884 -16.6262 3.2
    endloop
  endfacet
  facet normal 0.793344 -0.608774 0
    outer loop
      vertex 46.8884 -16.6262 2.2
      vertex 45.5341 -18.3911 3.2
      vertex 45.5341 -18.3911 2.2
    endloop
  endfacet
  facet normal 0.537282 0.843403 -0
    outer loop
      vertex 40.6262 18.8884 2.2
      vertex 38.988 19.932 3.2
      vertex 40.6262 18.8884 3.2
    endloop
  endfacet
  facet normal 0.537282 0.843403 0
    outer loop
      vertex 38.988 19.932 3.2
      vertex 40.6262 18.8884 2.2
      vertex 38.988 19.932 2.2
    endloop
  endfacet
  facet normal -0.21644 0.976296 0
    outer loop
      vertex 21.572 23.1126 2.2
      vertex 19.4001 22.6311 3.2
      vertex 21.572 23.1126 3.2
    endloop
  endfacet
  facet normal -0.21644 0.976296 0
    outer loop
      vertex 19.4001 22.6311 3.2
      vertex 21.572 23.1126 2.2
      vertex 19.4001 22.6311 2.2
    endloop
  endfacet
  facet normal -0.130544 0.991443 0
    outer loop
      vertex 23.7775 23.403 2.2
      vertex 21.572 23.1126 3.2
      vertex 23.7775 23.403 3.2
    endloop
  endfacet
  facet normal -0.130544 0.991443 0
    outer loop
      vertex 21.572 23.1126 3.2
      vertex 23.7775 23.403 2.2
      vertex 21.572 23.1126 2.2
    endloop
  endfacet
  facet normal -0.537277 -0.843406 0
    outer loop
      vertex 11.3738 -22.8884 2.2
      vertex 13.25 -24.0836 3.2
      vertex 11.3738 -22.8884 3.2
    endloop
  endfacet
  facet normal -0.537277 -0.843406 -0
    outer loop
      vertex 13.25 -24.0836 3.2
      vertex 11.3738 -22.8884 2.2
      vertex 13.25 -24.0836 2.2
    endloop
  endfacet
  facet normal 0.991443 -0.130541 0
    outer loop
      vertex 51.1126 -6.42803 3.2
      vertex 51.403 -4.22247 2.2
      vertex 51.403 -4.22247 3.2
    endloop
  endfacet
  facet normal 0.991443 -0.130541 0
    outer loop
      vertex 51.403 -4.22247 2.2
      vertex 51.1126 -6.42803 3.2
      vertex 51.1126 -6.42803 2.2
    endloop
  endfacet
  facet normal -0.793355 -0.60876 0
    outer loop
      vertex 6.46587 -18.3911 2.2
      vertex 5.11162 -16.6262 3.2
      vertex 5.11162 -16.6262 2.2
    endloop
  endfacet
  facet normal -0.793355 -0.60876 0
    outer loop
      vertex 5.11162 -16.6262 3.2
      vertex 6.46587 -18.3911 2.2
      vertex 6.46587 -18.3911 3.2
    endloop
  endfacet
  facet normal 0.537277 -0.843406 0
    outer loop
      vertex 38.75 -24.0836 2.2
      vertex 40.6262 -22.8884 3.2
      vertex 38.75 -24.0836 3.2
    endloop
  endfacet
  facet normal 0.537277 -0.843406 0
    outer loop
      vertex 40.6262 -22.8884 3.2
      vertex 38.75 -24.0836 2.2
      vertex 40.6262 -22.8884 2.2
    endloop
  endfacet
  facet normal -0.999048 -0.0436193 0
    outer loop
      vertex 0.597035 -4.22247 2.2
      vertex 0.5 -2 3.2
      vertex 0.5 -2 2.2
    endloop
  endfacet
  facet normal -0.999048 -0.0436193 0
    outer loop
      vertex 0.5 -2 3.2
      vertex 0.597035 -4.22247 2.2
      vertex 0.597035 -4.22247 3.2
    endloop
  endfacet
  facet normal 0.675596 0.737272 -0
    outer loop
      vertex 44.0312 16.0312 2.2
      vertex 42.3911 17.5341 3.2
      vertex 44.0312 16.0312 3.2
    endloop
  endfacet
  facet normal 0.675596 0.737272 0
    outer loop
      vertex 42.3911 17.5341 3.2
      vertex 44.0312 16.0312 2.2
      vertex 42.3911 17.5341 2.2
    endloop
  endfacet
  facet normal 0.737272 0.675596 0
    outer loop
      vertex 45.5341 14.3911 3.2
      vertex 44.0312 16.0312 2.2
      vertex 44.0312 16.0312 3.2
    endloop
  endfacet
  facet normal 0.737272 0.675596 0
    outer loop
      vertex 44.0312 16.0312 2.2
      vertex 45.5341 14.3911 3.2
      vertex 45.5341 14.3911 2.2
    endloop
  endfacet
  facet normal -0.887012 0.461747 0
    outer loop
      vertex 2.88915 8.77676 2.2
      vertex 3.91635 10.75 3.2
      vertex 3.91635 10.75 2.2
    endloop
  endfacet
  facet normal -0.887012 0.461747 0
    outer loop
      vertex 3.91635 10.75 3.2
      vertex 2.88915 8.77676 2.2
      vertex 2.88915 8.77676 3.2
    endloop
  endfacet
  facet normal 0.461755 -0.887008 0
    outer loop
      vertex 36.7768 -25.1108 2.2
      vertex 38.75 -24.0836 3.2
      vertex 36.7768 -25.1108 3.2
    endloop
  endfacet
  facet normal 0.461755 -0.887008 0
    outer loop
      vertex 38.75 -24.0836 3.2
      vertex 36.7768 -25.1108 2.2
      vertex 38.75 -24.0836 2.2
    endloop
  endfacet
  facet normal 0.21644 -0.976296 0
    outer loop
      vertex 30.428 -27.1126 2.2
      vertex 32.5999 -26.6311 3.2
      vertex 30.428 -27.1126 3.2
    endloop
  endfacet
  facet normal 0.21644 -0.976296 0
    outer loop
      vertex 32.5999 -26.6311 3.2
      vertex 30.428 -27.1126 2.2
      vertex 32.5999 -26.6311 2.2
    endloop
  endfacet
  facet normal -0.737269 0.675599 0
    outer loop
      vertex 6.46587 14.3911 2.2
      vertex 7.96878 16.0312 3.2
      vertex 7.96878 16.0312 2.2
    endloop
  endfacet
  facet normal -0.737269 0.675599 0
    outer loop
      vertex 7.96878 16.0312 3.2
      vertex 6.46587 14.3911 2.2
      vertex 6.46587 14.3911 3.2
    endloop
  endfacet
  facet normal -0.382709 -0.923869 0
    outer loop
      vertex 15.2232 -25.1108 2.2
      vertex 17.2785 -25.9622 3.2
      vertex 15.2232 -25.1108 3.2
    endloop
  endfacet
  facet normal -0.382709 -0.923869 -0
    outer loop
      vertex 17.2785 -25.9622 3.2
      vertex 15.2232 -25.1108 2.2
      vertex 17.2785 -25.9622 2.2
    endloop
  endfacet
  facet normal -0.30069 -0.953722 0
    outer loop
      vertex 17.2785 -25.9622 2.2
      vertex 19.4001 -26.6311 3.2
      vertex 17.2785 -25.9622 3.2
    endloop
  endfacet
  facet normal -0.30069 -0.953722 -0
    outer loop
      vertex 19.4001 -26.6311 3.2
      vertex 17.2785 -25.9622 2.2
      vertex 19.4001 -26.6311 2.2
    endloop
  endfacet
  facet normal -0.843392 0.537299 0
    outer loop
      vertex 3.91635 10.75 2.2
      vertex 5.11162 12.6262 3.2
      vertex 5.11162 12.6262 2.2
    endloop
  endfacet
  facet normal -0.843392 0.537299 0
    outer loop
      vertex 5.11162 12.6262 3.2
      vertex 3.91635 10.75 2.2
      vertex 3.91635 10.75 3.2
    endloop
  endfacet
  facet normal -0.130544 -0.991443 0
    outer loop
      vertex 21.572 -27.1126 2.2
      vertex 23.7775 -27.403 3.2
      vertex 21.572 -27.1126 3.2
    endloop
  endfacet
  facet normal -0.130544 -0.991443 -0
    outer loop
      vertex 23.7775 -27.403 3.2
      vertex 21.572 -27.1126 2.2
      vertex 23.7775 -27.403 2.2
    endloop
  endfacet
  facet normal -0.923883 -0.382675 0
    outer loop
      vertex 2.88915 -12.7768 2.2
      vertex 2.03784 -10.7215 3.2
      vertex 2.03784 -10.7215 2.2
    endloop
  endfacet
  facet normal -0.923883 -0.382675 0
    outer loop
      vertex 2.03784 -10.7215 3.2
      vertex 2.88915 -12.7768 2.2
      vertex 2.88915 -12.7768 3.2
    endloop
  endfacet
  facet normal -0.953716 -0.300708 0
    outer loop
      vertex 2.03784 -10.7215 2.2
      vertex 1.36889 -8.59988 3.2
      vertex 1.36889 -8.59988 2.2
    endloop
  endfacet
  facet normal -0.953716 -0.300708 0
    outer loop
      vertex 1.36889 -8.59988 3.2
      vertex 2.03784 -10.7215 2.2
      vertex 2.03784 -10.7215 3.2
    endloop
  endfacet
  facet normal 0.737272 -0.675596 0
    outer loop
      vertex 44.0312 -20.0312 3.2
      vertex 45.5341 -18.3911 2.2
      vertex 45.5341 -18.3911 3.2
    endloop
  endfacet
  facet normal 0.737272 -0.675596 0
    outer loop
      vertex 45.5341 -18.3911 2.2
      vertex 44.0312 -20.0312 3.2
      vertex 44.0312 -20.0312 2.2
    endloop
  endfacet
  facet normal 0.675596 -0.737272 0
    outer loop
      vertex 42.3911 -21.5341 2.2
      vertex 44.0312 -20.0312 3.2
      vertex 42.3911 -21.5341 3.2
    endloop
  endfacet
  facet normal 0.675596 -0.737272 0
    outer loop
      vertex 44.0312 -20.0312 3.2
      vertex 42.3911 -21.5341 2.2
      vertex 44.0312 -20.0312 2.2
    endloop
  endfacet
  facet normal -0.92388 0.382683 0
    outer loop
      vertex 2.03784 6.72151 2.2
      vertex 2.88915 8.77676 3.2
      vertex 2.88915 8.77676 2.2
    endloop
  endfacet
  facet normal -0.92388 0.382683 0
    outer loop
      vertex 2.88915 8.77676 3.2
      vertex 2.03784 6.72151 2.2
      vertex 2.03784 6.72151 3.2
    endloop
  endfacet
  facet normal 0 0 -1
    outer loop
      vertex 50.2 -2 2.2
      vertex 51.5 -2 2.2
      vertex 51.403 -4.22247 2.2
    endloop
  endfacet
  facet normal 0 0 -1
    outer loop
      vertex 50.1079 -4.10917 2.2
      vertex 51.403 -4.22247 2.2
      vertex 51.1126 -6.42803 2.2
    endloop
  endfacet
  facet normal 0 0 -1
    outer loop
      vertex 51.5 -2 2.2
      vertex 50.2 -2 2.2
      vertex 51.403 0.222471 2.2
    endloop
  endfacet
  facet normal 0 0 -1
    outer loop
      vertex 49.8323 -6.20229 2.2
      vertex 51.1126 -6.42803 2.2
      vertex 50.6311 -8.59988 2.2
    endloop
  endfacet
  facet normal 0 0 -1
    outer loop
      vertex 50.1079 0.109168 2.2
      vertex 51.403 0.222471 2.2
      vertex 50.2 -2 2.2
    endloop
  endfacet
  facet normal -0 0 -1
    outer loop
      vertex 51.403 0.222471 2.2
      vertex 50.1079 0.109168 2.2
      vertex 51.1126 2.42803 2.2
    endloop
  endfacet
  facet normal 0 0 -1
    outer loop
      vertex 51.403 -4.22247 2.2
      vertex 50.1079 -4.10917 2.2
      vertex 50.2 -2 2.2
    endloop
  endfacet
  facet normal 0 0 -1
    outer loop
      vertex 49.3754 -8.26342 2.2
      vertex 50.6311 -8.59988 2.2
      vertex 49.9622 -10.7215 2.2
    endloop
  endfacet
  facet normal 0 0 -1
    outer loop
      vertex 51.1126 -6.42803 2.2
      vertex 49.8323 -6.20229 2.2
      vertex 50.1079 -4.10917 2.2
    endloop
  endfacet
  facet normal 0 0 -1
    outer loop
      vertex 50.6311 -8.59988 2.2
      vertex 49.3754 -8.26342 2.2
      vertex 49.8323 -6.20229 2.2
    endloop
  endfacet
  facet normal 0 0 -1
    outer loop
      vertex 48.7406 -10.2769 2.2
      vertex 49.9622 -10.7215 2.2
      vertex 49.1108 -12.7768 2.2
    endloop
  endfacet
  facet normal 0 0 -1
    outer loop
      vertex 49.9622 -10.7215 2.2
      vertex 48.7406 -10.2769 2.2
      vertex 49.3754 -8.26342 2.2
    endloop
  endfacet
  facet normal 0 0 -1
    outer loop
      vertex 47.9326 -12.2274 2.2
      vertex 49.1108 -12.7768 2.2
      vertex 48.0836 -14.75 2.2
    endloop
  endfacet
  facet normal 0 0 -1
    outer loop
      vertex 49.1108 -12.7768 2.2
      vertex 47.9326 -12.2274 2.2
      vertex 48.7406 -10.2769 2.2
    endloop
  endfacet
  facet normal 0 0 -1
    outer loop
      vertex 48.0836 -14.75 2.2
      vertex 46.9578 -14.1 2.2
      vertex 47.9326 -12.2274 2.2
    endloop
  endfacet
  facet normal 0 0 -1
    outer loop
      vertex 46.8884 -16.6262 2.2
      vertex 46.9578 -14.1 2.2
      vertex 48.0836 -14.75 2.2
    endloop
  endfacet
  facet normal 0 0 -1
    outer loop
      vertex 46.8884 -16.6262 2.2
      vertex 45.8235 -15.8805 2.2
      vertex 46.9578 -14.1 2.2
    endloop
  endfacet
  facet normal 0 0 -1
    outer loop
      vertex 45.5341 -18.3911 2.2
      vertex 45.8235 -15.8805 2.2
      vertex 46.8884 -16.6262 2.2
    endloop
  endfacet
  facet normal 0 0 -1
    outer loop
      vertex 45.5341 -18.3911 2.2
      vertex 44.5383 -17.5555 2.2
      vertex 45.8235 -15.8805 2.2
    endloop
  endfacet
  facet normal 0 0 -1
    outer loop
      vertex 44.0312 -20.0312 2.2
      vertex 44.5383 -17.5555 2.2
      vertex 45.5341 -18.3911 2.2
    endloop
  endfacet
  facet normal 0 0 -1
    outer loop
      vertex 44.0312 -20.0312 2.2
      vertex 43.112 -19.112 2.2
      vertex 44.5383 -17.5555 2.2
    endloop
  endfacet
  facet normal 0 0 -1
    outer loop
      vertex 42.3911 -21.5341 2.2
      vertex 43.112 -19.112 2.2
      vertex 44.0312 -20.0312 2.2
    endloop
  endfacet
  facet normal 0 0 -1
    outer loop
      vertex 42.3911 -21.5341 2.2
      vertex 41.5555 -20.5383 2.2
      vertex 43.112 -19.112 2.2
    endloop
  endfacet
  facet normal 0 0 -1
    outer loop
      vertex 40.6262 -22.8884 2.2
      vertex 41.5555 -20.5383 2.2
      vertex 42.3911 -21.5341 2.2
    endloop
  endfacet
  facet normal 0 0 -1
    outer loop
      vertex 40.6262 -22.8884 2.2
      vertex 39.8806 -21.8235 2.2
      vertex 41.5555 -20.5383 2.2
    endloop
  endfacet
  facet normal 0 0 -1
    outer loop
      vertex 39.291 -22.3282 2.2
      vertex 39.8806 -21.8235 2.2
      vertex 40.6262 -22.8884 2.2
    endloop
  endfacet
  facet normal 0 0 -1
    outer loop
      vertex 39.8806 -21.8235 2.2
      vertex 39.291 -22.3282 2.2
      vertex 39.3243 -22.1778 2.2
    endloop
  endfacet
  facet normal 0 0 -1
    outer loop
      vertex 40.6262 -22.8884 2.2
      vertex 39.207 -22.5945 2.2
      vertex 39.291 -22.3282 2.2
    endloop
  endfacet
  facet normal 0 0 -1
    outer loop
      vertex 40.6262 -22.8884 2.2
      vertex 39.1002 -22.8524 2.2
      vertex 39.207 -22.5945 2.2
    endloop
  endfacet
  facet normal -0 0 -1
    outer loop
      vertex 40.6262 -22.8884 2.2
      vertex 38.9713 -23.1 2.2
      vertex 39.1002 -22.8524 2.2
    endloop
  endfacet
  facet normal 0 0 -1
    outer loop
      vertex 38.75 -24.0836 2.2
      vertex 38.9713 -23.1 2.2
      vertex 40.6262 -22.8884 2.2
    endloop
  endfacet
  facet normal 0 0 -1
    outer loop
      vertex 38.9713 -23.1 2.2
      vertex 38.75 -24.0836 2.2
      vertex 38.8213 -23.3354 2.2
    endloop
  endfacet
  facet normal 0 0 -1
    outer loop
      vertex 38.75 -24.0836 2.2
      vertex 38.6513 -23.5569 2.2
      vertex 38.8213 -23.3354 2.2
    endloop
  endfacet
  facet normal 0 0 -1
    outer loop
      vertex 38.75 -24.0836 2.2
      vertex 38.4627 -23.7627 2.2
      vertex 38.6513 -23.5569 2.2
    endloop
  endfacet
  facet normal 0 0 -1
    outer loop
      vertex 38.75 -24.0836 2.2
      vertex 38.2569 -23.9513 2.2
      vertex 38.4627 -23.7627 2.2
    endloop
  endfacet
  facet normal -0 0 -1
    outer loop
      vertex 38.75 -24.0836 2.2
      vertex 38.0354 -24.1213 2.2
      vertex 38.2569 -23.9513 2.2
    endloop
  endfacet
  facet normal 0 0 -1
    outer loop
      vertex 38.75 -24.0836 2.2
      vertex 37.8 -24.2713 2.2
      vertex 38.0354 -24.1213 2.2
    endloop
  endfacet
  facet normal 0 0 -1
    outer loop
      vertex 38.75 -24.0836 2.2
      vertex 37.5524 -24.4002 2.2
      vertex 37.8 -24.2713 2.2
    endloop
  endfacet
  facet normal 0 0 -1
    outer loop
      vertex 36.7768 -25.1108 2.2
      vertex 37.5524 -24.4002 2.2
      vertex 38.75 -24.0836 2.2
    endloop
  endfacet
  facet normal 0 0 -1
    outer loop
      vertex 37.5524 -24.4002 2.2
      vertex 36.7768 -25.1108 2.2
      vertex 37.2945 -24.507 2.2
    endloop
  endfacet
  facet normal 0 0 -1
    outer loop
      vertex 37.2945 -24.507 2.2
      vertex 36.7768 -25.1108 2.2
      vertex 37.0282 -24.591 2.2
    endloop
  endfacet
  facet normal 0 0 -1
    outer loop
      vertex 36.7768 -25.1108 2.2
      vertex 36.7557 -24.6514 2.2
      vertex 37.0282 -24.591 2.2
    endloop
  endfacet
  facet normal 0 0 -1
    outer loop
      vertex 36.7768 -25.1108 2.2
      vertex 36.4789 -24.6878 2.2
      vertex 36.7557 -24.6514 2.2
    endloop
  endfacet
  facet normal 0 0 -1
    outer loop
      vertex 36.7768 -25.1108 2.2
      vertex 36.2 -24.7 2.2
      vertex 36.4789 -24.6878 2.2
    endloop
  endfacet
  facet normal 0 0 -1
    outer loop
      vertex 36.7768 -25.1108 2.2
      vertex 35.9211 -24.6878 2.2
      vertex 36.2 -24.7 2.2
    endloop
  endfacet
  facet normal 0 0 -1
    outer loop
      vertex 34.7215 -25.9622 2.2
      vertex 35.9211 -24.6878 2.2
      vertex 36.7768 -25.1108 2.2
    endloop
  endfacet
  facet normal -0 0 -1
    outer loop
      vertex 35.9211 -24.6878 2.2
      vertex 34.7215 -25.9622 2.2
      vertex 35.6443 -24.6514 2.2
    endloop
  endfacet
  facet normal -0 0 -1
    outer loop
      vertex 35.6443 -24.6514 2.2
      vertex 34.7215 -25.9622 2.2
      vertex 35.3718 -24.591 2.2
    endloop
  endfacet
  facet normal -0 0 -1
    outer loop
      vertex 35.3718 -24.591 2.2
      vertex 34.7215 -25.9622 2.2
      vertex 35.1055 -24.507 2.2
    endloop
  endfacet
  facet normal 0 0 -1
    outer loop
      vertex 34.2769 -24.7406 2.2
      vertex 35.1055 -24.507 2.2
      vertex 34.7215 -25.9622 2.2
    endloop
  endfacet
  facet normal -0 0 -1
    outer loop
      vertex 35.1055 -24.507 2.2
      vertex 34.2769 -24.7406 2.2
      vertex 34.9731 -24.4522 2.2
    endloop
  endfacet
  facet normal 0 0 -1
    outer loop
      vertex 32.5999 -26.6311 2.2
      vertex 34.2769 -24.7406 2.2
      vertex 34.7215 -25.9622 2.2
    endloop
  endfacet
  facet normal 0 0 -1
    outer loop
      vertex 32.5999 -26.6311 2.2
      vertex 32.2634 -25.3754 2.2
      vertex 34.2769 -24.7406 2.2
    endloop
  endfacet
  facet normal 0 0 -1
    outer loop
      vertex 30.428 -27.1126 2.2
      vertex 32.2634 -25.3754 2.2
      vertex 32.5999 -26.6311 2.2
    endloop
  endfacet
  facet normal 0 0 -1
    outer loop
      vertex 30.428 -27.1126 2.2
      vertex 30.2023 -25.8323 2.2
      vertex 32.2634 -25.3754 2.2
    endloop
  endfacet
  facet normal 0 0 -1
    outer loop
      vertex 28.2225 -27.403 2.2
      vertex 30.2023 -25.8323 2.2
      vertex 30.428 -27.1126 2.2
    endloop
  endfacet
  facet normal 0 0 -1
    outer loop
      vertex 28.2225 -27.403 2.2
      vertex 28.1092 -26.1079 2.2
      vertex 30.2023 -25.8323 2.2
    endloop
  endfacet
  facet normal 0 0 -1
    outer loop
      vertex 26 -27.5 2.2
      vertex 28.1092 -26.1079 2.2
      vertex 28.2225 -27.403 2.2
    endloop
  endfacet
  facet normal 0 0 -1
    outer loop
      vertex 26 -27.5 2.2
      vertex 26 -26.2 2.2
      vertex 28.1092 -26.1079 2.2
    endloop
  endfacet
  facet normal 0 0 -1
    outer loop
      vertex 26 -27.5 2.2
      vertex 23.8908 -26.1079 2.2
      vertex 26 -26.2 2.2
    endloop
  endfacet
  facet normal 0 0 -1
    outer loop
      vertex 23.7775 -27.403 2.2
      vertex 23.8908 -26.1079 2.2
      vertex 26 -27.5 2.2
    endloop
  endfacet
  facet normal 0 0 -1
    outer loop
      vertex 23.7775 -27.403 2.2
      vertex 21.7977 -25.8323 2.2
      vertex 23.8908 -26.1079 2.2
    endloop
  endfacet
  facet normal 0 0 -1
    outer loop
      vertex 21.572 -27.1126 2.2
      vertex 21.7977 -25.8323 2.2
      vertex 23.7775 -27.403 2.2
    endloop
  endfacet
  facet normal 0 0 -1
    outer loop
      vertex 21.572 -27.1126 2.2
      vertex 19.7366 -25.3754 2.2
      vertex 21.7977 -25.8323 2.2
    endloop
  endfacet
  facet normal 0 0 -1
    outer loop
      vertex 19.4001 -26.6311 2.2
      vertex 19.7366 -25.3754 2.2
      vertex 21.572 -27.1126 2.2
    endloop
  endfacet
  facet normal 0 0 -1
    outer loop
      vertex 19.4001 -26.6311 2.2
      vertex 17.7231 -24.7406 2.2
      vertex 19.7366 -25.3754 2.2
    endloop
  endfacet
  facet normal 0 0 -1
    outer loop
      vertex 17.2785 -25.9622 2.2
      vertex 17.7231 -24.7406 2.2
      vertex 19.4001 -26.6311 2.2
    endloop
  endfacet
  facet normal 0 0 -1
    outer loop
      vertex 17.2785 -25.9622 2.2
      vertex 15.7726 -23.9326 2.2
      vertex 17.7231 -24.7406 2.2
    endloop
  endfacet
  facet normal 0 0 -1
    outer loop
      vertex 15.2232 -25.1108 2.2
      vertex 15.7726 -23.9326 2.2
      vertex 17.2785 -25.9622 2.2
    endloop
  endfacet
  facet normal 0 0 -1
    outer loop
      vertex 15.2232 -25.1108 2.2
      vertex 13.9 -22.9578 2.2
      vertex 15.7726 -23.9326 2.2
    endloop
  endfacet
  facet normal 0 0 -1
    outer loop
      vertex 13.25 -24.0836 2.2
      vertex 13.9 -22.9578 2.2
      vertex 15.2232 -25.1108 2.2
    endloop
  endfacet
  facet normal 0 0 -1
    outer loop
      vertex 13.25 -24.0836 2.2
      vertex 12.1195 -21.8235 2.2
      vertex 13.9 -22.9578 2.2
    endloop
  endfacet
  facet normal 0 0 -1
    outer loop
      vertex 11.3738 -22.8884 2.2
      vertex 12.1195 -21.8235 2.2
      vertex 13.25 -24.0836 2.2
    endloop
  endfacet
  facet normal 0 0 -1
    outer loop
      vertex 11.3738 -22.8884 2.2
      vertex 10.4445 -20.5383 2.2
      vertex 12.1195 -21.8235 2.2
    endloop
  endfacet
  facet normal 0 0 -1
    outer loop
      vertex 9.60892 -21.5341 2.2
      vertex 10.4445 -20.5383 2.2
      vertex 11.3738 -22.8884 2.2
    endloop
  endfacet
  facet normal 0 0 -1
    outer loop
      vertex 9.60892 -21.5341 2.2
      vertex 8.88802 -19.112 2.2
      vertex 10.4445 -20.5383 2.2
    endloop
  endfacet
  facet normal 0 0 -1
    outer loop
      vertex 7.96878 -20.0312 2.2
      vertex 8.88802 -19.112 2.2
      vertex 9.60892 -21.5341 2.2
    endloop
  endfacet
  facet normal 0 0 -1
    outer loop
      vertex 7.96878 -20.0312 2.2
      vertex 7.46173 -17.5555 2.2
      vertex 8.88802 -19.112 2.2
    endloop
  endfacet
  facet normal 0 0 -1
    outer loop
      vertex 6.46587 -18.3911 2.2
      vertex 7.46173 -17.5555 2.2
      vertex 7.96878 -20.0312 2.2
    endloop
  endfacet
  facet normal 0 0 -1
    outer loop
      vertex 6.46587 -18.3911 2.2
      vertex 6.17652 -15.8805 2.2
      vertex 7.46173 -17.5555 2.2
    endloop
  endfacet
  facet normal 0 0 -1
    outer loop
      vertex 5.11162 -16.6262 2.2
      vertex 6.17652 -15.8805 2.2
      vertex 6.46587 -18.3911 2.2
    endloop
  endfacet
  facet normal 0 0 -1
    outer loop
      vertex 5.11162 -16.6262 2.2
      vertex 5.04219 -14.1 2.2
      vertex 6.17652 -15.8805 2.2
    endloop
  endfacet
  facet normal 0 0 -1
    outer loop
      vertex 3.91635 -14.75 2.2
      vertex 5.04219 -14.1 2.2
      vertex 5.11162 -16.6262 2.2
    endloop
  endfacet
  facet normal -0 0 -1
    outer loop
      vertex 5.04219 -14.1 2.2
      vertex 3.91635 -14.75 2.2
      vertex 4.06735 -12.2274 2.2
    endloop
  endfacet
  facet normal 0 0 -1
    outer loop
      vertex 2.88915 -12.7768 2.2
      vertex 4.06735 -12.2274 2.2
      vertex 3.91635 -14.75 2.2
    endloop
  endfacet
  facet normal -0 0 -1
    outer loop
      vertex 4.06735 -12.2274 2.2
      vertex 2.88915 -12.7768 2.2
      vertex 3.25944 -10.2769 2.2
    endloop
  endfacet
  facet normal 0 0 -1
    outer loop
      vertex 2.03784 -10.7215 2.2
      vertex 3.25944 -10.2769 2.2
      vertex 2.88915 -12.7768 2.2
    endloop
  endfacet
  facet normal -0 0 -1
    outer loop
      vertex 3.25944 -10.2769 2.2
      vertex 2.03784 -10.7215 2.2
      vertex 2.6246 -8.26342 2.2
    endloop
  endfacet
  facet normal 0 0 -1
    outer loop
      vertex 1.36889 -8.59988 2.2
      vertex 2.6246 -8.26342 2.2
      vertex 2.03784 -10.7215 2.2
    endloop
  endfacet
  facet normal -0 0 -1
    outer loop
      vertex 2.6246 -8.26342 2.2
      vertex 1.36889 -8.59988 2.2
      vertex 2.16765 -6.20229 2.2
    endloop
  endfacet
  facet normal 0 0 -1
    outer loop
      vertex 0.887403 -6.42803 2.2
      vertex 2.16765 -6.20229 2.2
      vertex 1.36889 -8.59988 2.2
    endloop
  endfacet
  facet normal -0 0 -1
    outer loop
      vertex 2.16765 -6.20229 2.2
      vertex 0.887403 -6.42803 2.2
      vertex 1.89209 -4.10917 2.2
    endloop
  endfacet
  facet normal 0 0 -1
    outer loop
      vertex 49.8323 2.20229 2.2
      vertex 51.1126 2.42803 2.2
      vertex 50.1079 0.109168 2.2
    endloop
  endfacet
  facet normal -0 0 -1
    outer loop
      vertex 51.1126 2.42803 2.2
      vertex 49.8323 2.20229 2.2
      vertex 50.6311 4.59988 2.2
    endloop
  endfacet
  facet normal 0 0 -1
    outer loop
      vertex 49.3754 4.26342 2.2
      vertex 50.6311 4.59988 2.2
      vertex 49.8323 2.20229 2.2
    endloop
  endfacet
  facet normal -0 0 -1
    outer loop
      vertex 50.6311 4.59988 2.2
      vertex 49.3754 4.26342 2.2
      vertex 49.9622 6.72151 2.2
    endloop
  endfacet
  facet normal 0 0 -1
    outer loop
      vertex 48.7406 6.27689 2.2
      vertex 49.9622 6.72151 2.2
      vertex 49.3754 4.26342 2.2
    endloop
  endfacet
  facet normal -0 0 -1
    outer loop
      vertex 49.9622 6.72151 2.2
      vertex 48.7406 6.27689 2.2
      vertex 49.1108 8.77676 2.2
    endloop
  endfacet
  facet normal 0 0 -1
    outer loop
      vertex 47.9326 8.22736 2.2
      vertex 49.1108 8.77676 2.2
      vertex 48.7406 6.27689 2.2
    endloop
  endfacet
  facet normal -0 0 -1
    outer loop
      vertex 49.1108 8.77676 2.2
      vertex 47.9326 8.22736 2.2
      vertex 48.0836 10.75 2.2
    endloop
  endfacet
  facet normal 0 0 -1
    outer loop
      vertex 46.9578 10.1 2.2
      vertex 48.0836 10.75 2.2
      vertex 47.9326 8.22736 2.2
    endloop
  endfacet
  facet normal 0 0 -1
    outer loop
      vertex 46.9578 10.1 2.2
      vertex 46.8884 12.6262 2.2
      vertex 48.0836 10.75 2.2
    endloop
  endfacet
  facet normal 0 0 -1
    outer loop
      vertex 45.8235 11.8805 2.2
      vertex 46.8884 12.6262 2.2
      vertex 46.9578 10.1 2.2
    endloop
  endfacet
  facet normal 0 0 -1
    outer loop
      vertex 45.8235 11.8805 2.2
      vertex 45.5341 14.3911 2.2
      vertex 46.8884 12.6262 2.2
    endloop
  endfacet
  facet normal 0 0 -1
    outer loop
      vertex 44.5383 13.5555 2.2
      vertex 45.5341 14.3911 2.2
      vertex 45.8235 11.8805 2.2
    endloop
  endfacet
  facet normal 0 0 -1
    outer loop
      vertex 44.5383 13.5555 2.2
      vertex 44.0312 16.0312 2.2
      vertex 45.5341 14.3911 2.2
    endloop
  endfacet
  facet normal 0 0 -1
    outer loop
      vertex 43.112 15.112 2.2
      vertex 44.0312 16.0312 2.2
      vertex 44.5383 13.5555 2.2
    endloop
  endfacet
  facet normal 0 0 -1
    outer loop
      vertex 43.112 15.112 2.2
      vertex 42.3911 17.5341 2.2
      vertex 44.0312 16.0312 2.2
    endloop
  endfacet
  facet normal 0 0 -1
    outer loop
      vertex 41.5555 16.5383 2.2
      vertex 42.3911 17.5341 2.2
      vertex 43.112 15.112 2.2
    endloop
  endfacet
  facet normal 0 0 -1
    outer loop
      vertex 41.5555 16.5383 2.2
      vertex 40.6262 18.8884 2.2
      vertex 42.3911 17.5341 2.2
    endloop
  endfacet
  facet normal 0 0 -1
    outer loop
      vertex 39.8806 17.8235 2.2
      vertex 40.6262 18.8884 2.2
      vertex 41.5555 16.5383 2.2
    endloop
  endfacet
  facet normal 0 0 -1
    outer loop
      vertex 38.6513 19.4431 2.2
      vertex 40.6262 18.8884 2.2
      vertex 39.8806 17.8235 2.2
    endloop
  endfacet
  facet normal 0 0 -1
    outer loop
      vertex 40.6262 18.8884 2.2
      vertex 38.9713 19.9 2.2
      vertex 38.988 19.932 2.2
    endloop
  endfacet
  facet normal 0 0 -1
    outer loop
      vertex 40.6262 18.8884 2.2
      vertex 38.8213 19.6646 2.2
      vertex 38.9713 19.9 2.2
    endloop
  endfacet
  facet normal 0 0 -1
    outer loop
      vertex 40.6262 18.8884 2.2
      vertex 38.6513 19.4431 2.2
      vertex 38.8213 19.6646 2.2
    endloop
  endfacet
  facet normal 0 0 -1
    outer loop
      vertex 39.8806 17.8235 2.2
      vertex 38.4627 19.2373 2.2
      vertex 38.6513 19.4431 2.2
    endloop
  endfacet
  facet normal 0 0 -1
    outer loop
      vertex 39.8806 17.8235 2.2
      vertex 38.2569 19.0487 2.2
      vertex 38.4627 19.2373 2.2
    endloop
  endfacet
  facet normal 0 -0 -1
    outer loop
      vertex 38.2569 19.0487 2.2
      vertex 39.8806 17.8235 2.2
      vertex 38.1211 18.9444 2.2
    endloop
  endfacet
  facet normal 0 0 -1
    outer loop
      vertex 23.8908 22.1079 2.2
      vertex 25 23.4563 2.2
      vertex 25 22.1563 2.2
    endloop
  endfacet
  facet normal 0 0 -1
    outer loop
      vertex 23.8908 22.1079 2.2
      vertex 23.7775 23.403 2.2
      vertex 25 23.4563 2.2
    endloop
  endfacet
  facet normal 0 0 -1
    outer loop
      vertex 21.7977 21.8323 2.2
      vertex 23.7775 23.403 2.2
      vertex 23.8908 22.1079 2.2
    endloop
  endfacet
  facet normal 0 0 -1
    outer loop
      vertex 21.7977 21.8323 2.2
      vertex 21.572 23.1126 2.2
      vertex 23.7775 23.403 2.2
    endloop
  endfacet
  facet normal 0 0 -1
    outer loop
      vertex 19.7366 21.3754 2.2
      vertex 21.572 23.1126 2.2
      vertex 21.7977 21.8323 2.2
    endloop
  endfacet
  facet normal 0 0 -1
    outer loop
      vertex 19.7366 21.3754 2.2
      vertex 19.4001 22.6311 2.2
      vertex 21.572 23.1126 2.2
    endloop
  endfacet
  facet normal 0 0 -1
    outer loop
      vertex 17.7231 20.7406 2.2
      vertex 19.4001 22.6311 2.2
      vertex 19.7366 21.3754 2.2
    endloop
  endfacet
  facet normal 0 0 -1
    outer loop
      vertex 17.7231 20.7406 2.2
      vertex 17.2785 21.9622 2.2
      vertex 19.4001 22.6311 2.2
    endloop
  endfacet
  facet normal 0 0 -1
    outer loop
      vertex 15.7726 19.9326 2.2
      vertex 17.2785 21.9622 2.2
      vertex 17.7231 20.7406 2.2
    endloop
  endfacet
  facet normal 0 0 -1
    outer loop
      vertex 15.7726 19.9326 2.2
      vertex 15.2232 21.1108 2.2
      vertex 17.2785 21.9622 2.2
    endloop
  endfacet
  facet normal 0 0 -1
    outer loop
      vertex 13.9 18.9578 2.2
      vertex 15.2232 21.1108 2.2
      vertex 15.7726 19.9326 2.2
    endloop
  endfacet
  facet normal 0 0 -1
    outer loop
      vertex 13.9 18.9578 2.2
      vertex 13.25 20.0836 2.2
      vertex 15.2232 21.1108 2.2
    endloop
  endfacet
  facet normal 0 0 -1
    outer loop
      vertex 12.1195 17.8235 2.2
      vertex 13.25 20.0836 2.2
      vertex 13.9 18.9578 2.2
    endloop
  endfacet
  facet normal 0 0 -1
    outer loop
      vertex 12.1195 17.8235 2.2
      vertex 11.3738 18.8884 2.2
      vertex 13.25 20.0836 2.2
    endloop
  endfacet
  facet normal 0 0 -1
    outer loop
      vertex 10.4445 16.5383 2.2
      vertex 11.3738 18.8884 2.2
      vertex 12.1195 17.8235 2.2
    endloop
  endfacet
  facet normal 0 0 -1
    outer loop
      vertex 10.4445 16.5383 2.2
      vertex 9.60892 17.5341 2.2
      vertex 11.3738 18.8884 2.2
    endloop
  endfacet
  facet normal 0 0 -1
    outer loop
      vertex 8.88802 15.112 2.2
      vertex 9.60892 17.5341 2.2
      vertex 10.4445 16.5383 2.2
    endloop
  endfacet
  facet normal 0 0 -1
    outer loop
      vertex 8.88802 15.112 2.2
      vertex 7.96878 16.0312 2.2
      vertex 9.60892 17.5341 2.2
    endloop
  endfacet
  facet normal 0 0 -1
    outer loop
      vertex 7.46173 13.5555 2.2
      vertex 7.96878 16.0312 2.2
      vertex 8.88802 15.112 2.2
    endloop
  endfacet
  facet normal 0 0 -1
    outer loop
      vertex 7.46173 13.5555 2.2
      vertex 6.46587 14.3911 2.2
      vertex 7.96878 16.0312 2.2
    endloop
  endfacet
  facet normal 0 0 -1
    outer loop
      vertex 6.17652 11.8805 2.2
      vertex 6.46587 14.3911 2.2
      vertex 7.46173 13.5555 2.2
    endloop
  endfacet
  facet normal 0 0 -1
    outer loop
      vertex 6.17652 11.8805 2.2
      vertex 5.11162 12.6262 2.2
      vertex 6.46587 14.3911 2.2
    endloop
  endfacet
  facet normal 0 0 -1
    outer loop
      vertex 5.04219 10.1 2.2
      vertex 5.11162 12.6262 2.2
      vertex 6.17652 11.8805 2.2
    endloop
  endfacet
  facet normal 0 0 -1
    outer loop
      vertex 3.91635 10.75 2.2
      vertex 5.04219 10.1 2.2
      vertex 4.06735 8.22736 2.2
    endloop
  endfacet
  facet normal 0 0 -1
    outer loop
      vertex 5.04219 10.1 2.2
      vertex 3.91635 10.75 2.2
      vertex 5.11162 12.6262 2.2
    endloop
  endfacet
  facet normal 0 0 -1
    outer loop
      vertex 2.88915 8.77676 2.2
      vertex 4.06735 8.22736 2.2
      vertex 3.25944 6.27689 2.2
    endloop
  endfacet
  facet normal 0 0 -1
    outer loop
      vertex 4.06735 8.22736 2.2
      vertex 2.88915 8.77676 2.2
      vertex 3.91635 10.75 2.2
    endloop
  endfacet
  facet normal 0 0 -1
    outer loop
      vertex 2.03784 6.72151 2.2
      vertex 3.25944 6.27689 2.2
      vertex 2.6246 4.26342 2.2
    endloop
  endfacet
  facet normal 0 0 -1
    outer loop
      vertex 1.36889 4.59988 2.2
      vertex 2.6246 4.26342 2.2
      vertex 2.16765 2.20229 2.2
    endloop
  endfacet
  facet normal 0 0 -1
    outer loop
      vertex 3.25944 6.27689 2.2
      vertex 2.03784 6.72151 2.2
      vertex 2.88915 8.77676 2.2
    endloop
  endfacet
  facet normal 0 0 -1
    outer loop
      vertex 0.887403 2.42803 2.2
      vertex 2.16765 2.20229 2.2
      vertex 1.89209 0.109168 2.2
    endloop
  endfacet
  facet normal 0 0 -1
    outer loop
      vertex 0.597035 0.222471 2.2
      vertex 1.89209 0.109168 2.2
      vertex 1.8 -2 2.2
    endloop
  endfacet
  facet normal 0 0 -1
    outer loop
      vertex 0.597035 -4.22247 2.2
      vertex 1.89209 -4.10917 2.2
      vertex 0.887403 -6.42803 2.2
    endloop
  endfacet
  facet normal 0 0 -1
    outer loop
      vertex 2.6246 4.26342 2.2
      vertex 1.36889 4.59988 2.2
      vertex 2.03784 6.72151 2.2
    endloop
  endfacet
  facet normal -0 0 -1
    outer loop
      vertex 1.89209 -4.10917 2.2
      vertex 0.597035 -4.22247 2.2
      vertex 1.8 -2 2.2
    endloop
  endfacet
  facet normal 0 0 -1
    outer loop
      vertex 2.16765 2.20229 2.2
      vertex 0.887403 2.42803 2.2
      vertex 1.36889 4.59988 2.2
    endloop
  endfacet
  facet normal 0 0 -1
    outer loop
      vertex 0.5 -2 2.2
      vertex 1.8 -2 2.2
      vertex 0.597035 -4.22247 2.2
    endloop
  endfacet
  facet normal 0 0 -1
    outer loop
      vertex 1.89209 0.109168 2.2
      vertex 0.597035 0.222471 2.2
      vertex 0.887403 2.42803 2.2
    endloop
  endfacet
  facet normal 0 0 -1
    outer loop
      vertex 1.8 -2 2.2
      vertex 0.5 -2 2.2
      vertex 0.597035 0.222471 2.2
    endloop
  endfacet
  facet normal 0.608774 -0.793344 0
    outer loop
      vertex 40.6262 -22.8884 2.2
      vertex 42.3911 -21.5341 3.2
      vertex 40.6262 -22.8884 3.2
    endloop
  endfacet
  facet normal 0.608774 -0.793344 0
    outer loop
      vertex 42.3911 -21.5341 3.2
      vertex 40.6262 -22.8884 2.2
      vertex 42.3911 -21.5341 2.2
    endloop
  endfacet
  facet normal -0.461755 -0.887008 0
    outer loop
      vertex 13.25 -24.0836 2.2
      vertex 15.2232 -25.1108 3.2
      vertex 13.25 -24.0836 3.2
    endloop
  endfacet
  facet normal -0.461755 -0.887008 -0
    outer loop
      vertex 15.2232 -25.1108 3.2
      vertex 13.25 -24.0836 2.2
      vertex 15.2232 -25.1108 2.2
    endloop
  endfacet
  facet normal 0.92388 -0.382683 0
    outer loop
      vertex 3.25944 6.27689 3.2
      vertex 4.06735 8.22736 2.2
      vertex 4.06735 8.22736 3.2
    endloop
  endfacet
  facet normal 0.92388 -0.382683 0
    outer loop
      vertex 4.06735 8.22736 2.2
      vertex 3.25944 6.27689 3.2
      vertex 3.25944 6.27689 2.2
    endloop
  endfacet
  facet normal 0.0436243 0.999048 -0
    outer loop
      vertex 26 -26.2 2.2
      vertex 23.8908 -26.1079 3.2
      vertex 26 -26.2 3.2
    endloop
  endfacet
  facet normal 0.0436243 0.999048 0
    outer loop
      vertex 23.8908 -26.1079 3.2
      vertex 26 -26.2 2.2
      vertex 23.8908 -26.1079 2.2
    endloop
  endfacet
  facet normal -0.999048 -0.0436249 0
    outer loop
      vertex 50.2 -2 2.2
      vertex 50.1079 0.109168 3.2
      vertex 50.1079 0.109168 2.2
    endloop
  endfacet
  facet normal -0.999048 -0.0436249 0
    outer loop
      vertex 50.1079 0.109168 3.2
      vertex 50.2 -2 2.2
      vertex 50.2 -2 3.2
    endloop
  endfacet
  facet normal -0.887014 0.461743 0
    outer loop
      vertex 46.9578 -14.1 2.2
      vertex 47.9326 -12.2274 3.2
      vertex 47.9326 -12.2274 2.2
    endloop
  endfacet
  facet normal -0.887014 0.461743 0
    outer loop
      vertex 47.9326 -12.2274 3.2
      vertex 46.9578 -14.1 2.2
      vertex 46.9578 -14.1 3.2
    endloop
  endfacet
  facet normal 0.991445 0.130524 0
    outer loop
      vertex 2.16765 -6.20229 3.2
      vertex 1.89209 -4.10917 2.2
      vertex 1.89209 -4.10917 3.2
    endloop
  endfacet
  facet normal 0.991445 0.130524 0
    outer loop
      vertex 1.89209 -4.10917 2.2
      vertex 2.16765 -6.20229 3.2
      vertex 2.16765 -6.20229 2.2
    endloop
  endfacet
  facet normal 0.976295 0.216443 0
    outer loop
      vertex 2.6246 -8.26342 3.2
      vertex 2.16765 -6.20229 2.2
      vertex 2.16765 -6.20229 3.2
    endloop
  endfacet
  facet normal 0.976295 0.216443 0
    outer loop
      vertex 2.16765 -6.20229 2.2
      vertex 2.6246 -8.26342 3.2
      vertex 2.6246 -8.26342 2.2
    endloop
  endfacet
  facet normal -0.608763 0.793352 0
    outer loop
      vertex 41.5555 -20.5383 2.2
      vertex 39.8806 -21.8235 3.2
      vertex 41.5555 -20.5383 3.2
    endloop
  endfacet
  facet normal -0.608763 0.793352 0
    outer loop
      vertex 39.8806 -21.8235 3.2
      vertex 41.5555 -20.5383 2.2
      vertex 39.8806 -21.8235 2.2
    endloop
  endfacet
  facet normal -0.537189 0.843462 0
    outer loop
      vertex 39.8806 -21.8235 2.2
      vertex 39.3243 -22.1778 3.2
      vertex 39.8806 -21.8235 3.2
    endloop
  endfacet
  facet normal -0.537189 0.843462 0
    outer loop
      vertex 39.3243 -22.1778 3.2
      vertex 39.8806 -21.8235 2.2
      vertex 39.3243 -22.1778 2.2
    endloop
  endfacet
  facet normal 0.130544 -0.991443 0
    outer loop
      vertex 21.7977 21.8323 2.2
      vertex 23.8908 22.1079 3.2
      vertex 21.7977 21.8323 3.2
    endloop
  endfacet
  facet normal 0.130544 -0.991443 0
    outer loop
      vertex 23.8908 22.1079 3.2
      vertex 21.7977 21.8323 2.2
      vertex 23.8908 22.1079 2.2
    endloop
  endfacet
  facet normal -0.887018 -0.461736 0
    outer loop
      vertex 47.9326 8.22736 2.2
      vertex 46.9578 10.1 3.2
      vertex 46.9578 10.1 2.2
    endloop
  endfacet
  facet normal -0.887018 -0.461736 0
    outer loop
      vertex 46.9578 10.1 3.2
      vertex 47.9326 8.22736 2.2
      vertex 47.9326 8.22736 3.2
    endloop
  endfacet
  facet normal -0.9763 -0.216421 0
    outer loop
      vertex 49.8323 2.20229 2.2
      vertex 49.3754 4.26342 3.2
      vertex 49.3754 4.26342 2.2
    endloop
  endfacet
  facet normal -0.9763 -0.216421 0
    outer loop
      vertex 49.3754 4.26342 3.2
      vertex 49.8323 2.20229 2.2
      vertex 49.8323 2.20229 3.2
    endloop
  endfacet
  facet normal -0.73727 -0.675598 0
    outer loop
      vertex 44.5383 13.5555 2.2
      vertex 43.112 15.112 3.2
      vertex 43.112 15.112 2.2
    endloop
  endfacet
  facet normal -0.73727 -0.675598 0
    outer loop
      vertex 43.112 15.112 3.2
      vertex 44.5383 13.5555 2.2
      vertex 44.5383 13.5555 3.2
    endloop
  endfacet
  facet normal -0.0436243 0.999048 0
    outer loop
      vertex 28.1092 -26.1079 2.2
      vertex 26 -26.2 3.2
      vertex 28.1092 -26.1079 3.2
    endloop
  endfacet
  facet normal -0.0436243 0.999048 0
    outer loop
      vertex 26 -26.2 3.2
      vertex 28.1092 -26.1079 2.2
      vertex 26 -26.2 2.2
    endloop
  endfacet
  facet normal -0.608763 -0.793352 0
    outer loop
      vertex 39.8806 17.8235 2.2
      vertex 41.5555 16.5383 3.2
      vertex 39.8806 17.8235 3.2
    endloop
  endfacet
  facet normal -0.608763 -0.793352 -0
    outer loop
      vertex 41.5555 16.5383 3.2
      vertex 39.8806 17.8235 2.2
      vertex 41.5555 16.5383 2.2
    endloop
  endfacet
  facet normal -0.991443 -0.130543 0
    outer loop
      vertex 50.1079 0.109168 2.2
      vertex 49.8323 2.20229 3.2
      vertex 49.8323 2.20229 2.2
    endloop
  endfacet
  facet normal -0.991443 -0.130543 0
    outer loop
      vertex 49.8323 2.20229 3.2
      vertex 50.1079 0.109168 2.2
      vertex 50.1079 0.109168 3.2
    endloop
  endfacet
  facet normal 0.300682 0.953724 -0
    outer loop
      vertex 19.7366 -25.3754 2.2
      vertex 17.7231 -24.7406 3.2
      vertex 19.7366 -25.3754 3.2
    endloop
  endfacet
  facet normal 0.300682 0.953724 0
    outer loop
      vertex 17.7231 -24.7406 3.2
      vertex 19.7366 -25.3754 2.2
      vertex 17.7231 -24.7406 2.2
    endloop
  endfacet
  facet normal -0.999048 0.0436249 0
    outer loop
      vertex 50.1079 -4.10917 2.2
      vertex 50.2 -2 3.2
      vertex 50.2 -2 2.2
    endloop
  endfacet
  facet normal -0.999048 0.0436249 0
    outer loop
      vertex 50.2 -2 3.2
      vertex 50.1079 -4.10917 2.2
      vertex 50.1079 -4.10917 3.2
    endloop
  endfacet
  facet normal -0.991443 0.130543 0
    outer loop
      vertex 49.8323 -6.20229 2.2
      vertex 50.1079 -4.10917 3.2
      vertex 50.1079 -4.10917 2.2
    endloop
  endfacet
  facet normal -0.991443 0.130543 0
    outer loop
      vertex 50.1079 -4.10917 3.2
      vertex 49.8323 -6.20229 2.2
      vertex 49.8323 -6.20229 3.2
    endloop
  endfacet
  facet normal 0.216424 0.976299 -0
    outer loop
      vertex 21.7977 -25.8323 2.2
      vertex 19.7366 -25.3754 3.2
      vertex 21.7977 -25.8323 3.2
    endloop
  endfacet
  facet normal 0.216424 0.976299 0
    outer loop
      vertex 19.7366 -25.3754 3.2
      vertex 21.7977 -25.8323 2.2
      vertex 19.7366 -25.3754 2.2
    endloop
  endfacet
  facet normal 0.793368 -0.608743 0
    outer loop
      vertex 6.17652 11.8805 3.2
      vertex 7.46173 13.5555 2.2
      vertex 7.46173 13.5555 3.2
    endloop
  endfacet
  facet normal 0.793368 -0.608743 0
    outer loop
      vertex 7.46173 13.5555 2.2
      vertex 6.17652 11.8805 3.2
      vertex 6.17652 11.8805 2.2
    endloop
  endfacet
  facet normal -0.216424 0.976299 0
    outer loop
      vertex 32.2634 -25.3754 2.2
      vertex 30.2023 -25.8323 3.2
      vertex 32.2634 -25.3754 3.2
    endloop
  endfacet
  facet normal -0.216424 0.976299 0
    outer loop
      vertex 30.2023 -25.8323 3.2
      vertex 32.2634 -25.3754 2.2
      vertex 30.2023 -25.8323 2.2
    endloop
  endfacet
  facet normal -0.382711 0.923868 0
    outer loop
      vertex 34.9731 -24.4522 2.2
      vertex 34.2769 -24.7406 3.2
      vertex 34.9731 -24.4522 3.2
    endloop
  endfacet
  facet normal -0.382711 0.923868 0
    outer loop
      vertex 34.2769 -24.7406 3.2
      vertex 34.9731 -24.4522 2.2
      vertex 34.2769 -24.7406 2.2
    endloop
  endfacet
  facet normal 0.976295 -0.216443 0
    outer loop
      vertex 2.16765 2.20229 3.2
      vertex 2.6246 4.26342 2.2
      vertex 2.6246 4.26342 3.2
    endloop
  endfacet
  facet normal 0.976295 -0.216443 0
    outer loop
      vertex 2.6246 4.26342 2.2
      vertex 2.16765 2.20229 3.2
      vertex 2.16765 2.20229 2.2
    endloop
  endfacet
  facet normal 0.382714 0.923867 -0
    outer loop
      vertex 17.7231 -24.7406 2.2
      vertex 15.7726 -23.9326 3.2
      vertex 17.7231 -24.7406 3.2
    endloop
  endfacet
  facet normal 0.382714 0.923867 0
    outer loop
      vertex 15.7726 -23.9326 3.2
      vertex 17.7231 -24.7406 2.2
      vertex 15.7726 -23.9326 2.2
    endloop
  endfacet
  facet normal -0.843392 0.537298 0
    outer loop
      vertex 45.8235 -15.8805 2.2
      vertex 46.9578 -14.1 3.2
      vertex 46.9578 -14.1 2.2
    endloop
  endfacet
  facet normal -0.843392 0.537298 0
    outer loop
      vertex 46.9578 -14.1 3.2
      vertex 45.8235 -15.8805 2.2
      vertex 45.8235 -15.8805 3.2
    endloop
  endfacet
  facet normal 0.887006 0.461758 0
    outer loop
      vertex 5.04219 -14.1 3.2
      vertex 4.06735 -12.2274 2.2
      vertex 4.06735 -12.2274 3.2
    endloop
  endfacet
  facet normal 0.887006 0.461758 0
    outer loop
      vertex 4.06735 -12.2274 2.2
      vertex 5.04219 -14.1 3.2
      vertex 5.04219 -14.1 2.2
    endloop
  endfacet
  facet normal 0.953718 0.300702 0
    outer loop
      vertex 3.25944 -10.2769 3.2
      vertex 2.6246 -8.26342 2.2
      vertex 2.6246 -8.26342 3.2
    endloop
  endfacet
  facet normal 0.953718 0.300702 0
    outer loop
      vertex 2.6246 -8.26342 2.2
      vertex 3.25944 -10.2769 3.2
      vertex 3.25944 -10.2769 2.2
    endloop
  endfacet
  facet normal 0.0435936 -0.999049 0
    outer loop
      vertex 23.8908 22.1079 2.2
      vertex 25 22.1563 3.2
      vertex 23.8908 22.1079 3.2
    endloop
  endfacet
  facet normal 0.0435936 -0.999049 0
    outer loop
      vertex 25 22.1563 3.2
      vertex 23.8908 22.1079 2.2
      vertex 25 22.1563 2.2
    endloop
  endfacet
  facet normal 0.737272 -0.675595 0
    outer loop
      vertex 7.46173 13.5555 3.2
      vertex 8.88802 15.112 2.2
      vertex 8.88802 15.112 3.2
    endloop
  endfacet
  facet normal 0.737272 -0.675595 0
    outer loop
      vertex 8.88802 15.112 2.2
      vertex 7.46173 13.5555 3.2
      vertex 7.46173 13.5555 2.2
    endloop
  endfacet
  facet normal -0.843392 -0.537298 0
    outer loop
      vertex 46.9578 10.1 2.2
      vertex 45.8235 11.8805 3.2
      vertex 45.8235 11.8805 2.2
    endloop
  endfacet
  facet normal -0.843392 -0.537298 0
    outer loop
      vertex 45.8235 11.8805 3.2
      vertex 46.9578 10.1 2.2
      vertex 46.9578 10.1 3.2
    endloop
  endfacet
  facet normal 0.382714 -0.923867 0
    outer loop
      vertex 15.7726 19.9326 2.2
      vertex 17.7231 20.7406 3.2
      vertex 15.7726 19.9326 3.2
    endloop
  endfacet
  facet normal 0.382714 -0.923867 0
    outer loop
      vertex 17.7231 20.7406 3.2
      vertex 15.7726 19.9326 2.2
      vertex 17.7231 20.7406 2.2
    endloop
  endfacet
  facet normal 0.737272 0.675595 0
    outer loop
      vertex 8.88802 -19.112 3.2
      vertex 7.46173 -17.5555 2.2
      vertex 7.46173 -17.5555 3.2
    endloop
  endfacet
  facet normal 0.737272 0.675595 0
    outer loop
      vertex 7.46173 -17.5555 2.2
      vertex 8.88802 -19.112 3.2
      vertex 8.88802 -19.112 2.2
    endloop
  endfacet
  facet normal 0.843386 -0.537309 0
    outer loop
      vertex 5.04219 10.1 3.2
      vertex 6.17652 11.8805 2.2
      vertex 6.17652 11.8805 3.2
    endloop
  endfacet
  facet normal 0.843386 -0.537309 0
    outer loop
      vertex 6.17652 11.8805 2.2
      vertex 5.04219 10.1 3.2
      vertex 5.04219 10.1 2.2
    endloop
  endfacet
  facet normal -0.923865 -0.382719 0
    outer loop
      vertex 48.7406 6.27689 2.2
      vertex 47.9326 8.22736 3.2
      vertex 47.9326 8.22736 2.2
    endloop
  endfacet
  facet normal -0.923865 -0.382719 0
    outer loop
      vertex 47.9326 8.22736 3.2
      vertex 48.7406 6.27689 2.2
      vertex 48.7406 6.27689 3.2
    endloop
  endfacet
  facet normal 0.999048 -0.0436202 0
    outer loop
      vertex 1.8 -2 3.2
      vertex 1.89209 0.109168 2.2
      vertex 1.89209 0.109168 3.2
    endloop
  endfacet
  facet normal 0.999048 -0.0436202 0
    outer loop
      vertex 1.89209 0.109168 2.2
      vertex 1.8 -2 3.2
      vertex 1.8 -2 2.2
    endloop
  endfacet
  facet normal -0.79337 0.60874 0
    outer loop
      vertex 44.5383 -17.5555 2.2
      vertex 45.8235 -15.8805 3.2
      vertex 45.8235 -15.8805 2.2
    endloop
  endfacet
  facet normal -0.79337 0.60874 0
    outer loop
      vertex 45.8235 -15.8805 3.2
      vertex 44.5383 -17.5555 2.2
      vertex 44.5383 -17.5555 3.2
    endloop
  endfacet
  facet normal -0.953723 -0.300687 0
    outer loop
      vertex 49.3754 4.26342 2.2
      vertex 48.7406 6.27689 3.2
      vertex 48.7406 6.27689 2.2
    endloop
  endfacet
  facet normal -0.953723 -0.300687 0
    outer loop
      vertex 48.7406 6.27689 3.2
      vertex 49.3754 4.26342 2.2
      vertex 49.3754 4.26342 3.2
    endloop
  endfacet
  facet normal -0.73727 0.675598 0
    outer loop
      vertex 43.112 -19.112 2.2
      vertex 44.5383 -17.5555 3.2
      vertex 44.5383 -17.5555 2.2
    endloop
  endfacet
  facet normal -0.73727 0.675598 0
    outer loop
      vertex 44.5383 -17.5555 3.2
      vertex 43.112 -19.112 2.2
      vertex 43.112 -19.112 3.2
    endloop
  endfacet
  facet normal -0.537291 -0.843397 0
    outer loop
      vertex 38.1211 18.9444 2.2
      vertex 39.8806 17.8235 3.2
      vertex 38.1211 18.9444 3.2
    endloop
  endfacet
  facet normal -0.537291 -0.843397 -0
    outer loop
      vertex 39.8806 17.8235 3.2
      vertex 38.1211 18.9444 2.2
      vertex 39.8806 17.8235 2.2
    endloop
  endfacet
  facet normal 0.60874 -0.79337 0
    outer loop
      vertex 10.4445 16.5383 2.2
      vertex 12.1195 17.8235 3.2
      vertex 10.4445 16.5383 3.2
    endloop
  endfacet
  facet normal 0.60874 -0.79337 0
    outer loop
      vertex 12.1195 17.8235 3.2
      vertex 10.4445 16.5383 2.2
      vertex 12.1195 17.8235 2.2
    endloop
  endfacet
  facet normal 0.793368 0.608743 0
    outer loop
      vertex 7.46173 -17.5555 3.2
      vertex 6.17652 -15.8805 2.2
      vertex 6.17652 -15.8805 3.2
    endloop
  endfacet
  facet normal 0.793368 0.608743 0
    outer loop
      vertex 6.17652 -15.8805 2.2
      vertex 7.46173 -17.5555 3.2
      vertex 7.46173 -17.5555 2.2
    endloop
  endfacet
  facet normal 0.675603 -0.737266 0
    outer loop
      vertex 8.88802 15.112 2.2
      vertex 10.4445 16.5383 3.2
      vertex 8.88802 15.112 3.2
    endloop
  endfacet
  facet normal 0.675603 -0.737266 0
    outer loop
      vertex 10.4445 16.5383 3.2
      vertex 8.88802 15.112 2.2
      vertex 10.4445 16.5383 2.2
    endloop
  endfacet
  facet normal 0.923882 0.382678 0
    outer loop
      vertex 4.06735 -12.2274 3.2
      vertex 3.25944 -10.2769 2.2
      vertex 3.25944 -10.2769 3.2
    endloop
  endfacet
  facet normal 0.923882 0.382678 0
    outer loop
      vertex 3.25944 -10.2769 2.2
      vertex 4.06735 -12.2274 3.2
      vertex 4.06735 -12.2274 2.2
    endloop
  endfacet
  facet normal 0.843386 0.537309 0
    outer loop
      vertex 6.17652 -15.8805 3.2
      vertex 5.04219 -14.1 2.2
      vertex 5.04219 -14.1 3.2
    endloop
  endfacet
  facet normal 0.843386 0.537309 0
    outer loop
      vertex 5.04219 -14.1 2.2
      vertex 6.17652 -15.8805 3.2
      vertex 6.17652 -15.8805 2.2
    endloop
  endfacet
  facet normal 0.300682 -0.953724 0
    outer loop
      vertex 17.7231 20.7406 2.2
      vertex 19.7366 21.3754 3.2
      vertex 17.7231 20.7406 3.2
    endloop
  endfacet
  facet normal 0.300682 -0.953724 0
    outer loop
      vertex 19.7366 21.3754 3.2
      vertex 17.7231 20.7406 2.2
      vertex 19.7366 21.3754 2.2
    endloop
  endfacet
  facet normal -0.9763 0.216421 0
    outer loop
      vertex 49.3754 -8.26342 2.2
      vertex 49.8323 -6.20229 3.2
      vertex 49.8323 -6.20229 2.2
    endloop
  endfacet
  facet normal -0.9763 0.216421 0
    outer loop
      vertex 49.8323 -6.20229 3.2
      vertex 49.3754 -8.26342 2.2
      vertex 49.3754 -8.26342 3.2
    endloop
  endfacet
  facet normal 0.216424 -0.976299 0
    outer loop
      vertex 19.7366 21.3754 2.2
      vertex 21.7977 21.8323 3.2
      vertex 19.7366 21.3754 3.2
    endloop
  endfacet
  facet normal 0.216424 -0.976299 0
    outer loop
      vertex 21.7977 21.8323 3.2
      vertex 19.7366 21.3754 2.2
      vertex 21.7977 21.8323 2.2
    endloop
  endfacet
  facet normal 0.461743 0.887014 -0
    outer loop
      vertex 15.7726 -23.9326 2.2
      vertex 13.9 -22.9578 3.2
      vertex 15.7726 -23.9326 3.2
    endloop
  endfacet
  facet normal 0.461743 0.887014 0
    outer loop
      vertex 13.9 -22.9578 3.2
      vertex 15.7726 -23.9326 2.2
      vertex 13.9 -22.9578 2.2
    endloop
  endfacet
  facet normal -0.79337 -0.60874 0
    outer loop
      vertex 45.8235 11.8805 2.2
      vertex 44.5383 13.5555 3.2
      vertex 44.5383 13.5555 2.2
    endloop
  endfacet
  facet normal -0.79337 -0.60874 0
    outer loop
      vertex 44.5383 13.5555 3.2
      vertex 45.8235 11.8805 2.2
      vertex 45.8235 11.8805 3.2
    endloop
  endfacet
  facet normal 0.953718 -0.300704 0
    outer loop
      vertex 2.6246 4.26342 3.2
      vertex 3.25944 6.27689 2.2
      vertex 3.25944 6.27689 3.2
    endloop
  endfacet
  facet normal 0.953718 -0.300704 0
    outer loop
      vertex 3.25944 6.27689 2.2
      vertex 2.6246 4.26342 3.2
      vertex 2.6246 4.26342 2.2
    endloop
  endfacet
  facet normal -0.675598 -0.73727 0
    outer loop
      vertex 41.5555 16.5383 2.2
      vertex 43.112 15.112 3.2
      vertex 41.5555 16.5383 3.2
    endloop
  endfacet
  facet normal -0.675598 -0.73727 -0
    outer loop
      vertex 43.112 15.112 3.2
      vertex 41.5555 16.5383 2.2
      vertex 43.112 15.112 2.2
    endloop
  endfacet
  facet normal -0.923867 0.382714 0
    outer loop
      vertex 47.9326 -12.2274 2.2
      vertex 48.7406 -10.2769 3.2
      vertex 48.7406 -10.2769 2.2
    endloop
  endfacet
  facet normal -0.923867 0.382714 0
    outer loop
      vertex 48.7406 -10.2769 3.2
      vertex 47.9326 -12.2274 2.2
      vertex 47.9326 -12.2274 3.2
    endloop
  endfacet
  facet normal -0.300682 0.953724 0
    outer loop
      vertex 34.2769 -24.7406 2.2
      vertex 32.2634 -25.3754 3.2
      vertex 34.2769 -24.7406 3.2
    endloop
  endfacet
  facet normal -0.300682 0.953724 0
    outer loop
      vertex 32.2634 -25.3754 3.2
      vertex 34.2769 -24.7406 2.2
      vertex 32.2634 -25.3754 2.2
    endloop
  endfacet
  facet normal -0.130544 0.991443 0
    outer loop
      vertex 30.2023 -25.8323 2.2
      vertex 28.1092 -26.1079 3.2
      vertex 30.2023 -25.8323 3.2
    endloop
  endfacet
  facet normal -0.130544 0.991443 0
    outer loop
      vertex 28.1092 -26.1079 3.2
      vertex 30.2023 -25.8323 2.2
      vertex 28.1092 -26.1079 2.2
    endloop
  endfacet
  facet normal 0.461743 -0.887014 0
    outer loop
      vertex 13.9 18.9578 2.2
      vertex 15.7726 19.9326 3.2
      vertex 13.9 18.9578 3.2
    endloop
  endfacet
  facet normal 0.461743 -0.887014 0
    outer loop
      vertex 15.7726 19.9326 3.2
      vertex 13.9 18.9578 2.2
      vertex 15.7726 19.9326 2.2
    endloop
  endfacet
  facet normal 0.130544 0.991443 -0
    outer loop
      vertex 23.8908 -26.1079 2.2
      vertex 21.7977 -25.8323 3.2
      vertex 23.8908 -26.1079 3.2
    endloop
  endfacet
  facet normal 0.130544 0.991443 0
    outer loop
      vertex 21.7977 -25.8323 3.2
      vertex 23.8908 -26.1079 2.2
      vertex 21.7977 -25.8323 2.2
    endloop
  endfacet
  facet normal 0.991445 -0.130524 0
    outer loop
      vertex 1.89209 0.109168 3.2
      vertex 2.16765 2.20229 2.2
      vertex 2.16765 2.20229 3.2
    endloop
  endfacet
  facet normal 0.991445 -0.130524 0
    outer loop
      vertex 2.16765 2.20229 2.2
      vertex 1.89209 0.109168 3.2
      vertex 1.89209 0.109168 2.2
    endloop
  endfacet
  facet normal 0.999048 0.0436202 0
    outer loop
      vertex 1.89209 -4.10917 3.2
      vertex 1.8 -2 2.2
      vertex 1.8 -2 3.2
    endloop
  endfacet
  facet normal 0.999048 0.0436202 0
    outer loop
      vertex 1.8 -2 2.2
      vertex 1.89209 -4.10917 3.2
      vertex 1.89209 -4.10917 2.2
    endloop
  endfacet
  facet normal 0.537298 -0.843392 0
    outer loop
      vertex 12.1195 17.8235 2.2
      vertex 13.9 18.9578 3.2
      vertex 12.1195 17.8235 3.2
    endloop
  endfacet
  facet normal 0.537298 -0.843392 0
    outer loop
      vertex 13.9 18.9578 3.2
      vertex 12.1195 17.8235 2.2
      vertex 13.9 18.9578 2.2
    endloop
  endfacet
  facet normal -0.675598 0.73727 0
    outer loop
      vertex 43.112 -19.112 2.2
      vertex 41.5555 -20.5383 3.2
      vertex 43.112 -19.112 3.2
    endloop
  endfacet
  facet normal -0.675598 0.73727 0
    outer loop
      vertex 41.5555 -20.5383 3.2
      vertex 43.112 -19.112 2.2
      vertex 41.5555 -20.5383 2.2
    endloop
  endfacet
  facet normal -0.953723 0.300685 0
    outer loop
      vertex 48.7406 -10.2769 2.2
      vertex 49.3754 -8.26342 3.2
      vertex 49.3754 -8.26342 2.2
    endloop
  endfacet
  facet normal -0.953723 0.300685 0
    outer loop
      vertex 49.3754 -8.26342 3.2
      vertex 48.7406 -10.2769 2.2
      vertex 48.7406 -10.2769 3.2
    endloop
  endfacet
  facet normal 0.537298 0.843392 -0
    outer loop
      vertex 13.9 -22.9578 2.2
      vertex 12.1195 -21.8235 3.2
      vertex 13.9 -22.9578 3.2
    endloop
  endfacet
  facet normal 0.537298 0.843392 0
    outer loop
      vertex 12.1195 -21.8235 3.2
      vertex 13.9 -22.9578 2.2
      vertex 12.1195 -21.8235 2.2
    endloop
  endfacet
  facet normal 0.88701 -0.461751 0
    outer loop
      vertex 4.06735 8.22736 3.2
      vertex 5.04219 10.1 2.2
      vertex 5.04219 10.1 3.2
    endloop
  endfacet
  facet normal 0.88701 -0.461751 0
    outer loop
      vertex 5.04219 10.1 2.2
      vertex 4.06735 8.22736 3.2
      vertex 4.06735 8.22736 2.2
    endloop
  endfacet
  facet normal 0.675603 0.737266 -0
    outer loop
      vertex 10.4445 -20.5383 2.2
      vertex 8.88802 -19.112 3.2
      vertex 10.4445 -20.5383 3.2
    endloop
  endfacet
  facet normal 0.675603 0.737266 0
    outer loop
      vertex 8.88802 -19.112 3.2
      vertex 10.4445 -20.5383 2.2
      vertex 8.88802 -19.112 2.2
    endloop
  endfacet
  facet normal 0.60874 0.79337 -0
    outer loop
      vertex 12.1195 -21.8235 2.2
      vertex 10.4445 -20.5383 3.2
      vertex 12.1195 -21.8235 3.2
    endloop
  endfacet
  facet normal 0.60874 0.79337 0
    outer loop
      vertex 10.4445 -20.5383 3.2
      vertex 12.1195 -21.8235 2.2
      vertex 10.4445 -20.5383 2.2
    endloop
  endfacet
  facet normal 1 -0 0
    outer loop
      vertex 13.5 31 6.2
      vertex 13.5 50 2.2
      vertex 13.5 50 6.2
    endloop
  endfacet
  facet normal 1 0 0
    outer loop
      vertex 13.5 50 2.2
      vertex 13.5 31 6.2
      vertex 13.5 31 2.2
    endloop
  endfacet
  facet normal -0 0 1
    outer loop
      vertex 9.5 50 6.2
      vertex 13.5 31 6.2
      vertex 13.5 50 6.2
    endloop
  endfacet
  facet normal 0 0 1
    outer loop
      vertex 13.5 31 6.2
      vertex 9.5 50 6.2
      vertex 9.5 31 6.2
    endloop
  endfacet
  facet normal -1 0 0
    outer loop
      vertex 9.5 31 2.2
      vertex 9.5 50 6.2
      vertex 9.5 50 2.2
    endloop
  endfacet
  facet normal -1 -0 0
    outer loop
      vertex 9.5 50 6.2
      vertex 9.5 31 2.2
      vertex 9.5 31 6.2
    endloop
  endfacet
  facet normal 0 1 -0
    outer loop
      vertex 13.5 50 2.2
      vertex 9.5 50 6.2
      vertex 13.5 50 6.2
    endloop
  endfacet
  facet normal 0 1 0
    outer loop
      vertex 9.5 50 6.2
      vertex 13.5 50 2.2
      vertex 9.5 50 2.2
    endloop
  endfacet
  facet normal 0 -1 0
    outer loop
      vertex 9.5 31 2.2
      vertex 13.5 31 6.2
      vertex 9.5 31 6.2
    endloop
  endfacet
  facet normal 0 -1 -0
    outer loop
      vertex 13.5 31 6.2
      vertex 9.5 31 2.2
      vertex 13.5 31 2.2
    endloop
  endfacet
  facet normal 1 -0 0
    outer loop
      vertex 44.5 49.2664 6.2
      vertex 44.5 50 2.2
      vertex 44.5 50 6.2
    endloop
  endfacet
  facet normal 1 0 0
    outer loop
      vertex 44.5 50 2.2
      vertex 44.5 49.2664 6.2
      vertex 44.5 49.2664 2.2
    endloop
  endfacet
  facet normal 1 -0 0
    outer loop
      vertex 44.5 31 6.2
      vertex 44.5 45.7433 2.2
      vertex 44.5 45.7433 6.2
    endloop
  endfacet
  facet normal 1 0 0
    outer loop
      vertex 44.5 45.7433 2.2
      vertex 44.5 31 6.2
      vertex 44.5 31 2.2
    endloop
  endfacet
  facet normal 0 0 1
    outer loop
      vertex 44.5 50 6.2
      vertex 43.6994 50 6.2
      vertex 44.5 49.2664 6.2
    endloop
  endfacet
  facet normal 0 0 1
    outer loop
      vertex 40.5 31 6.2
      vertex 44.5 45.7433 6.2
      vertex 41.042 48.9119 6.2
    endloop
  endfacet
  facet normal 0 0 1
    outer loop
      vertex 40.5 31 6.2
      vertex 41.042 48.9119 6.2
      vertex 40.5 49.3278 6.2
    endloop
  endfacet
  facet normal 0 0 1
    outer loop
      vertex 44.5 45.7433 6.2
      vertex 40.5 31 6.2
      vertex 44.5 31 6.2
    endloop
  endfacet
  facet normal -1 0 0
    outer loop
      vertex 40.5 31 2.2
      vertex 40.5 49.3278 6.2
      vertex 40.5 49.3278 2.2
    endloop
  endfacet
  facet normal -1 -0 0
    outer loop
      vertex 40.5 49.3278 6.2
      vertex 40.5 31 2.2
      vertex 40.5 31 6.2
    endloop
  endfacet
  facet normal 0 1 -0
    outer loop
      vertex 44.5 50 2.2
      vertex 43.6994 50 6.2
      vertex 44.5 50 6.2
    endloop
  endfacet
  facet normal 0 1 0
    outer loop
      vertex 43.6994 50 6.2
      vertex 44.5 50 2.2
      vertex 43.6994 50 2.2
    endloop
  endfacet
  facet normal 0 -1 0
    outer loop
      vertex 40.5 31 2.2
      vertex 44.5 31 6.2
      vertex 40.5 31 6.2
    endloop
  endfacet
  facet normal 0 -1 -0
    outer loop
      vertex 44.5 31 6.2
      vertex 40.5 31 2.2
      vertex 44.5 31 2.2
    endloop
  endfacet
  facet normal 1 -0 0
    outer loop
      vertex 56 21 6.2
      vertex 56 25 2.2
      vertex 56 25 6.2
    endloop
  endfacet
  facet normal 1 0 0
    outer loop
      vertex 56 25 2.2
      vertex 56 21 6.2
      vertex 56 21 2.2
    endloop
  endfacet
  facet normal -0 0 1
    outer loop
      vertex 39.3878 21.7789 6.2
      vertex 56 21 6.2
      vertex 56 25 6.2
    endloop
  endfacet
  facet normal 0 0 1
    outer loop
      vertex 56 21 6.2
      vertex 39.3878 21.7789 6.2
      vertex 39.4 21.5 6.2
    endloop
  endfacet
  facet normal 0 0 1
    outer loop
      vertex 56 25 6.2
      vertex 39.3514 22.0557 6.2
      vertex 39.3878 21.7789 6.2
    endloop
  endfacet
  facet normal 0 0 1
    outer loop
      vertex 56 25 6.2
      vertex 39.291 22.3282 6.2
      vertex 39.3514 22.0557 6.2
    endloop
  endfacet
  facet normal 0 0 1
    outer loop
      vertex 56 25 6.2
      vertex 39.207 22.5945 6.2
      vertex 39.291 22.3282 6.2
    endloop
  endfacet
  facet normal 0 0 1
    outer loop
      vertex 56 25 6.2
      vertex 39.1002 22.8524 6.2
      vertex 39.207 22.5945 6.2
    endloop
  endfacet
  facet normal 0 0 1
    outer loop
      vertex 56 25 6.2
      vertex 38.9713 23.1 6.2
      vertex 39.1002 22.8524 6.2
    endloop
  endfacet
  facet normal 0 0 1
    outer loop
      vertex 56 25 6.2
      vertex 38.8213 23.3354 6.2
      vertex 38.9713 23.1 6.2
    endloop
  endfacet
  facet normal 0 0 1
    outer loop
      vertex 56 25 6.2
      vertex 38.6513 23.5569 6.2
      vertex 38.8213 23.3354 6.2
    endloop
  endfacet
  facet normal 0 0 1
    outer loop
      vertex 56 25 6.2
      vertex 38.4627 23.7627 6.2
      vertex 38.6513 23.5569 6.2
    endloop
  endfacet
  facet normal 0 0 1
    outer loop
      vertex 56 25 6.2
      vertex 38.2569 23.9513 6.2
      vertex 38.4627 23.7627 6.2
    endloop
  endfacet
  facet normal 0 0 1
    outer loop
      vertex 56 25 6.2
      vertex 38.0354 24.1213 6.2
      vertex 38.2569 23.9513 6.2
    endloop
  endfacet
  facet normal 0 0 1
    outer loop
      vertex 56 25 6.2
      vertex 37.8 24.2713 6.2
      vertex 38.0354 24.1213 6.2
    endloop
  endfacet
  facet normal 0 0 1
    outer loop
      vertex 56 25 6.2
      vertex 37.5524 24.4002 6.2
      vertex 37.8 24.2713 6.2
    endloop
  endfacet
  facet normal 0 0 1
    outer loop
      vertex 56 25 6.2
      vertex 37.2945 24.507 6.2
      vertex 37.5524 24.4002 6.2
    endloop
  endfacet
  facet normal 0 0 1
    outer loop
      vertex 56 25 6.2
      vertex 37.0282 24.591 6.2
      vertex 37.2945 24.507 6.2
    endloop
  endfacet
  facet normal 0 0 1
    outer loop
      vertex 56 25 6.2
      vertex 36.7557 24.6514 6.2
      vertex 37.0282 24.591 6.2
    endloop
  endfacet
  facet normal 0 0 1
    outer loop
      vertex 56 25 6.2
      vertex 36.4789 24.6878 6.2
      vertex 36.7557 24.6514 6.2
    endloop
  endfacet
  facet normal 0 0 1
    outer loop
      vertex 56 25 6.2
      vertex 36.2 24.7 6.2
      vertex 36.4789 24.6878 6.2
    endloop
  endfacet
  facet normal 0 0 1
    outer loop
      vertex 33.0486 22.0557 6.2
      vertex 25 21 6.2
      vertex 33.0122 21.7789 6.2
    endloop
  endfacet
  facet normal 0 0 1
    outer loop
      vertex 25 21 6.2
      vertex 33.0486 22.0557 6.2
      vertex 25 25 6.2
    endloop
  endfacet
  facet normal 0 0 1
    outer loop
      vertex 33.109 22.3282 6.2
      vertex 25 25 6.2
      vertex 33.0486 22.0557 6.2
    endloop
  endfacet
  facet normal 0 0 1
    outer loop
      vertex 33.193 22.5945 6.2
      vertex 25 25 6.2
      vertex 33.109 22.3282 6.2
    endloop
  endfacet
  facet normal 0 0 1
    outer loop
      vertex 33.2998 22.8524 6.2
      vertex 25 25 6.2
      vertex 33.193 22.5945 6.2
    endloop
  endfacet
  facet normal 0 0 1
    outer loop
      vertex 33.4287 23.1 6.2
      vertex 25 25 6.2
      vertex 33.2998 22.8524 6.2
    endloop
  endfacet
  facet normal 0 0 1
    outer loop
      vertex 33.5787 23.3354 6.2
      vertex 25 25 6.2
      vertex 33.4287 23.1 6.2
    endloop
  endfacet
  facet normal 0 0 1
    outer loop
      vertex 33.7487 23.5569 6.2
      vertex 25 25 6.2
      vertex 33.5787 23.3354 6.2
    endloop
  endfacet
  facet normal 0 0 1
    outer loop
      vertex 33.9373 23.7627 6.2
      vertex 25 25 6.2
      vertex 33.7487 23.5569 6.2
    endloop
  endfacet
  facet normal 0 0 1
    outer loop
      vertex 34.1431 23.9513 6.2
      vertex 25 25 6.2
      vertex 33.9373 23.7627 6.2
    endloop
  endfacet
  facet normal 0 0 1
    outer loop
      vertex 34.3646 24.1213 6.2
      vertex 25 25 6.2
      vertex 34.1431 23.9513 6.2
    endloop
  endfacet
  facet normal 0 0 1
    outer loop
      vertex 34.6 24.2713 6.2
      vertex 25 25 6.2
      vertex 34.3646 24.1213 6.2
    endloop
  endfacet
  facet normal 0 0 1
    outer loop
      vertex 34.8476 24.4002 6.2
      vertex 25 25 6.2
      vertex 34.6 24.2713 6.2
    endloop
  endfacet
  facet normal 0 0 1
    outer loop
      vertex 35.1055 24.507 6.2
      vertex 25 25 6.2
      vertex 34.8476 24.4002 6.2
    endloop
  endfacet
  facet normal 0 0 1
    outer loop
      vertex 35.3718 24.591 6.2
      vertex 25 25 6.2
      vertex 35.1055 24.507 6.2
    endloop
  endfacet
  facet normal 0 0 1
    outer loop
      vertex 35.6443 24.6514 6.2
      vertex 25 25 6.2
      vertex 35.3718 24.591 6.2
    endloop
  endfacet
  facet normal 0 0 1
    outer loop
      vertex 35.9211 24.6878 6.2
      vertex 25 25 6.2
      vertex 35.6443 24.6514 6.2
    endloop
  endfacet
  facet normal 0 0 1
    outer loop
      vertex 36.2 24.7 6.2
      vertex 25 25 6.2
      vertex 35.9211 24.6878 6.2
    endloop
  endfacet
  facet normal -0 0 1
    outer loop
      vertex 25 25 6.2
      vertex 36.2 24.7 6.2
      vertex 56 25 6.2
    endloop
  endfacet
  facet normal -0 0 1
    outer loop
      vertex 39.3878 21.2211 6.2
      vertex 56 21 6.2
      vertex 39.4 21.5 6.2
    endloop
  endfacet
  facet normal 0 0 1
    outer loop
      vertex 56 21 6.2
      vertex 39.3878 21.2211 6.2
      vertex 39.3587 21 6.2
    endloop
  endfacet
  facet normal 0 0 1
    outer loop
      vertex 33.0122 21.7789 6.2
      vertex 25 21 6.2
      vertex 33 21.5 6.2
    endloop
  endfacet
  facet normal 0 0 1
    outer loop
      vertex 33 21.5 6.2
      vertex 25 21 6.2
      vertex 33.0122 21.2211 6.2
    endloop
  endfacet
  facet normal 0 0 1
    outer loop
      vertex 33.0122 21.2211 6.2
      vertex 25 21 6.2
      vertex 33.0413 21 6.2
    endloop
  endfacet
  facet normal -1 0 0
    outer loop
      vertex 25 23.4563 3.2
      vertex 25 25 2.2
      vertex 25 23.4563 2.2
    endloop
  endfacet
  facet normal 0 0 0
    outer loop
      vertex 25 25 2.2
      vertex 25 22.1563 2.2
      vertex 25 23.4563 2.2
    endloop
  endfacet
  facet normal -1 0 0
    outer loop
      vertex 25 21.9563 2.6
      vertex 25 22.1563 2.2
      vertex 25 21.9563 2.2
    endloop
  endfacet
  facet normal 0 0 0
    outer loop
      vertex 25 21.9563 2.2
      vertex 25 22.1563 2.2
      vertex 25 25 2.2
    endloop
  endfacet
  facet normal -1 0 0
    outer loop
      vertex 25 25 2.2
      vertex 25 23.4563 3.2
      vertex 25 25 6.2
    endloop
  endfacet
  facet normal -1 0 0
    outer loop
      vertex 25 21 6.2
      vertex 25 23.4563 3.2
      vertex 25 22.1563 3.2
    endloop
  endfacet
  facet normal -1 0 0
    outer loop
      vertex 25 22.1563 2.2
      vertex 25 21.9563 2.6
      vertex 25 22.1563 3.2
    endloop
  endfacet
  facet normal -1 0 0
    outer loop
      vertex 25 21 2.6
      vertex 25 22.1563 3.2
      vertex 25 21.9563 2.6
    endloop
  endfacet
  facet normal -1 0 0
    outer loop
      vertex 25 21 6.2
      vertex 25 22.1563 3.2
      vertex 25 21 2.6
    endloop
  endfacet
  facet normal -1 0 0
    outer loop
      vertex 25 23.4563 3.2
      vertex 25 21 6.2
      vertex 25 25 6.2
    endloop
  endfacet
  facet normal 0 1 -0
    outer loop
      vertex 56 25 2.2
      vertex 25 25 6.2
      vertex 56 25 6.2
    endloop
  endfacet
  facet normal 0 1 0
    outer loop
      vertex 25 25 6.2
      vertex 56 25 2.2
      vertex 25 25 2.2
    endloop
  endfacet
  facet normal 0 -1 0
    outer loop
      vertex 32.7896 21 2.6
      vertex 25 21 6.2
      vertex 25 21 2.6
    endloop
  endfacet
  facet normal 0 -1 0
    outer loop
      vertex 25 21 6.2
      vertex 32.7896 21 2.6
      vertex 33.0413 21 6.2
    endloop
  endfacet
  facet normal 0 -1 0
    outer loop
      vertex 33.0413 21 2.2
      vertex 32.7896 21 2.6
      vertex 32.7896 21 2.2
    endloop
  endfacet
  facet normal 0 -1 0
    outer loop
      vertex 32.7896 21 2.6
      vertex 33.0413 21 2.2
      vertex 33.0413 21 6.2
    endloop
  endfacet
  facet normal 0 -1 0
    outer loop
      vertex 39.3587 21 2.2
      vertex 56 21 6.2
      vertex 39.3587 21 6.2
    endloop
  endfacet
  facet normal 0 -1 -0
    outer loop
      vertex 56 21 6.2
      vertex 39.3587 21 2.2
      vertex 56 21 2.2
    endloop
  endfacet
  facet normal -0.991414 -0.130757 0
    outer loop
      vertex -35.0295 21.6024 0
      vertex -35.0429 21.704 10.7
      vertex -35.0429 21.704 0
    endloop
  endfacet
  facet normal -0.991414 -0.130757 0
    outer loop
      vertex -35.0429 21.704 10.7
      vertex -35.0295 21.6024 0
      vertex -35.0295 21.6024 10.7
    endloop
  endfacet
  facet normal -0.999036 -0.0439029 0
    outer loop
      vertex -35.025 21.5 0
      vertex -35.0295 21.6024 10.7
      vertex -35.0295 21.6024 0
    endloop
  endfacet
  facet normal -0.999036 -0.0439029 0
    outer loop
      vertex -35.0295 21.6024 10.7
      vertex -35.025 21.5 0
      vertex -35.025 21.5 10.7
    endloop
  endfacet
  facet normal -0.976485 -0.215587 0
    outer loop
      vertex -35.0429 21.704 0
      vertex -35.065 21.8041 10.7
      vertex -35.065 21.8041 0
    endloop
  endfacet
  facet normal -0.976485 -0.215587 0
    outer loop
      vertex -35.065 21.8041 10.7
      vertex -35.0429 21.704 0
      vertex -35.0429 21.704 10.7
    endloop
  endfacet
  facet normal -0.461599 0.887089 0
    outer loop
      vertex -35.6125 20.4824 0
      vertex -35.7034 20.4351 10.7
      vertex -35.6125 20.4824 10.7
    endloop
  endfacet
  facet normal -0.461599 0.887089 0
    outer loop
      vertex -35.7034 20.4351 10.7
      vertex -35.6125 20.4824 0
      vertex -35.7034 20.4351 0
    endloop
  endfacet
  facet normal -0.953538 -0.301271 0
    outer loop
      vertex -35.065 21.8041 0
      vertex -35.0959 21.9019 10.7
      vertex -35.0959 21.9019 0
    endloop
  endfacet
  facet normal -0.953538 -0.301271 0
    outer loop
      vertex -35.0959 21.9019 10.7
      vertex -35.065 21.8041 0
      vertex -35.065 21.8041 10.7
    endloop
  endfacet
  facet normal -0.991414 0.130757 0
    outer loop
      vertex -35.0429 21.296 0
      vertex -35.0295 21.3976 10.7
      vertex -35.0295 21.3976 0
    endloop
  endfacet
  facet normal -0.991414 0.130757 0
    outer loop
      vertex -35.0295 21.3976 10.7
      vertex -35.0429 21.296 0
      vertex -35.0429 21.296 10.7
    endloop
  endfacet
  facet normal -0.537254 -0.843421 0
    outer loop
      vertex -35.6125 22.5176 0
      vertex -35.526 22.4625 10.7
      vertex -35.6125 22.5176 10.7
    endloop
  endfacet
  facet normal -0.537254 -0.843421 -0
    outer loop
      vertex -35.526 22.4625 10.7
      vertex -35.6125 22.5176 0
      vertex -35.526 22.4625 0
    endloop
  endfacet
  facet normal 0.67568 0.737195 -0
    outer loop
      vertex -36.9553 20.5999 0
      vertex -37.0308 20.6691 10.7
      vertex -36.9553 20.5999 10.7
    endloop
  endfacet
  facet normal 0.67568 0.737195 0
    outer loop
      vertex -37.0308 20.6691 10.7
      vertex -36.9553 20.5999 0
      vertex -37.0308 20.6691 0
    endloop
  endfacet
  facet normal 0.0439029 0.999036 -0
    outer loop
      vertex -36.2 20.325 0
      vertex -36.3024 20.3295 10.7
      vertex -36.2 20.325 10.7
    endloop
  endfacet
  facet normal 0.0439029 0.999036 0
    outer loop
      vertex -36.3024 20.3295 10.7
      vertex -36.2 20.325 0
      vertex -36.3024 20.3295 0
    endloop
  endfacet
  facet normal 0.999036 0.0439029 0
    outer loop
      vertex -37.3705 21.3976 10.7
      vertex -37.375 21.5 0
      vertex -37.375 21.5 10.7
    endloop
  endfacet
  facet normal 0.999036 0.0439029 0
    outer loop
      vertex -37.375 21.5 0
      vertex -37.3705 21.3976 10.7
      vertex -37.3705 21.3976 0
    endloop
  endfacet
  facet normal 0.887089 0.461599 0
    outer loop
      vertex -37.2176 20.9125 10.7
      vertex -37.2649 21.0034 0
      vertex -37.2649 21.0034 10.7
    endloop
  endfacet
  facet normal 0.887089 0.461599 0
    outer loop
      vertex -37.2649 21.0034 0
      vertex -37.2176 20.9125 10.7
      vertex -37.2176 20.9125 0
    endloop
  endfacet
  facet normal -0.382467 0.923969 0
    outer loop
      vertex -35.7034 20.4351 0
      vertex -35.7981 20.3959 10.7
      vertex -35.7034 20.4351 10.7
    endloop
  endfacet
  facet normal -0.382467 0.923969 0
    outer loop
      vertex -35.7981 20.3959 10.7
      vertex -35.7034 20.4351 0
      vertex -35.7981 20.3959 0
    endloop
  endfacet
  facet normal -0.843421 -0.537254 0
    outer loop
      vertex -35.1824 22.0875 0
      vertex -35.2375 22.174 10.7
      vertex -35.2375 22.174 0
    endloop
  endfacet
  facet normal -0.843421 -0.537254 0
    outer loop
      vertex -35.2375 22.174 10.7
      vertex -35.1824 22.0875 0
      vertex -35.1824 22.0875 10.7
    endloop
  endfacet
  facet normal -0.608862 -0.793276 0
    outer loop
      vertex -35.526 22.4625 0
      vertex -35.4447 22.4001 10.7
      vertex -35.526 22.4625 10.7
    endloop
  endfacet
  facet normal -0.608862 -0.793276 -0
    outer loop
      vertex -35.4447 22.4001 10.7
      vertex -35.526 22.4625 0
      vertex -35.4447 22.4001 0
    endloop
  endfacet
  facet normal 0.676211 -0.736708 0
    outer loop
      vertex -37.0308 22.3308 0
      vertex -36.9553 22.4001 10.7
      vertex -37.0308 22.3308 10.7
    endloop
  endfacet
  facet normal 0.676211 -0.736708 0
    outer loop
      vertex -36.9553 22.4001 10.7
      vertex -37.0308 22.3308 0
      vertex -36.9553 22.4001 0
    endloop
  endfacet
  facet normal -0.537254 0.843421 0
    outer loop
      vertex -35.526 20.5375 0
      vertex -35.6125 20.4824 10.7
      vertex -35.526 20.5375 10.7
    endloop
  endfacet
  facet normal -0.537254 0.843421 0
    outer loop
      vertex -35.6125 20.4824 10.7
      vertex -35.526 20.5375 0
      vertex -35.6125 20.4824 0
    endloop
  endfacet
  facet normal 0.382467 0.923969 -0
    outer loop
      vertex -36.6019 20.3959 0
      vertex -36.6966 20.4351 10.7
      vertex -36.6019 20.3959 10.7
    endloop
  endfacet
  facet normal 0.382467 0.923969 0
    outer loop
      vertex -36.6966 20.4351 10.7
      vertex -36.6019 20.3959 0
      vertex -36.6966 20.4351 0
    endloop
  endfacet
  facet normal 0.991414 0.130757 0
    outer loop
      vertex -37.3571 21.296 10.7
      vertex -37.3705 21.3976 0
      vertex -37.3705 21.3976 10.7
    endloop
  endfacet
  facet normal 0.991414 0.130757 0
    outer loop
      vertex -37.3705 21.3976 0
      vertex -37.3571 21.296 10.7
      vertex -37.3571 21.296 0
    endloop
  endfacet
  facet normal 0.953538 0.301271 0
    outer loop
      vertex -37.3041 21.0981 10.7
      vertex -37.335 21.1959 0
      vertex -37.335 21.1959 10.7
    endloop
  endfacet
  facet normal 0.953538 0.301271 0
    outer loop
      vertex -37.335 21.1959 0
      vertex -37.3041 21.0981 10.7
      vertex -37.3041 21.0981 0
    endloop
  endfacet
  facet normal 0.976485 0.215587 0
    outer loop
      vertex -37.335 21.1959 10.7
      vertex -37.3571 21.296 0
      vertex -37.3571 21.296 10.7
    endloop
  endfacet
  facet normal 0.976485 0.215587 0
    outer loop
      vertex -37.3571 21.296 0
      vertex -37.335 21.1959 10.7
      vertex -37.335 21.1959 0
    endloop
  endfacet
  facet normal -0.382467 -0.923969 0
    outer loop
      vertex -35.7981 22.6041 0
      vertex -35.7034 22.5649 10.7
      vertex -35.7981 22.6041 10.7
    endloop
  endfacet
  facet normal -0.382467 -0.923969 -0
    outer loop
      vertex -35.7034 22.5649 10.7
      vertex -35.7981 22.6041 0
      vertex -35.7034 22.5649 0
    endloop
  endfacet
  facet normal 0.736708 -0.676211 0
    outer loop
      vertex -37.1001 22.2553 10.7
      vertex -37.0308 22.3308 0
      vertex -37.0308 22.3308 10.7
    endloop
  endfacet
  facet normal 0.736708 -0.676211 0
    outer loop
      vertex -37.0308 22.3308 0
      vertex -37.1001 22.2553 10.7
      vertex -37.1001 22.2553 0
    endloop
  endfacet
  facet normal 0.737154 0.675725 0
    outer loop
      vertex -37.0308 20.6691 10.7
      vertex -37.1001 20.7447 0
      vertex -37.1001 20.7447 10.7
    endloop
  endfacet
  facet normal 0.737154 0.675725 0
    outer loop
      vertex -37.1001 20.7447 0
      vertex -37.0308 20.6691 10.7
      vertex -37.0308 20.6691 0
    endloop
  endfacet
  facet normal 0.793276 0.608862 0
    outer loop
      vertex -37.1001 20.7447 10.7
      vertex -37.1625 20.826 0
      vertex -37.1625 20.826 10.7
    endloop
  endfacet
  facet normal 0.793276 0.608862 0
    outer loop
      vertex -37.1625 20.826 0
      vertex -37.1001 20.7447 10.7
      vertex -37.1001 20.7447 0
    endloop
  endfacet
  facet normal -0.887089 0.461599 0
    outer loop
      vertex -35.1824 20.9125 0
      vertex -35.1351 21.0034 10.7
      vertex -35.1351 21.0034 0
    endloop
  endfacet
  facet normal -0.887089 0.461599 0
    outer loop
      vertex -35.1351 21.0034 10.7
      vertex -35.1824 20.9125 0
      vertex -35.1824 20.9125 10.7
    endloop
  endfacet
  facet normal 0.608862 -0.793276 0
    outer loop
      vertex -36.9553 22.4001 0
      vertex -36.874 22.4625 10.7
      vertex -36.9553 22.4001 10.7
    endloop
  endfacet
  facet normal 0.608862 -0.793276 0
    outer loop
      vertex -36.874 22.4625 10.7
      vertex -36.9553 22.4001 0
      vertex -36.874 22.4625 0
    endloop
  endfacet
  facet normal -0.461599 -0.887089 0
    outer loop
      vertex -35.7034 22.5649 0
      vertex -35.6125 22.5176 10.7
      vertex -35.7034 22.5649 10.7
    endloop
  endfacet
  facet normal -0.461599 -0.887089 -0
    outer loop
      vertex -35.6125 22.5176 10.7
      vertex -35.7034 22.5649 0
      vertex -35.6125 22.5176 0
    endloop
  endfacet
  facet normal -0.999036 0.0439029 0
    outer loop
      vertex -35.0295 21.3976 0
      vertex -35.025 21.5 10.7
      vertex -35.025 21.5 0
    endloop
  endfacet
  facet normal -0.999036 0.0439029 0
    outer loop
      vertex -35.025 21.5 10.7
      vertex -35.0295 21.3976 0
      vertex -35.0295 21.3976 10.7
    endloop
  endfacet
  facet normal 0.382467 -0.923969 0
    outer loop
      vertex -36.6966 22.5649 0
      vertex -36.6019 22.6041 10.7
      vertex -36.6966 22.5649 10.7
    endloop
  endfacet
  facet normal 0.382467 -0.923969 0
    outer loop
      vertex -36.6019 22.6041 10.7
      vertex -36.6966 22.5649 0
      vertex -36.6019 22.6041 0
    endloop
  endfacet
  facet normal -0.73764 0.675194 0
    outer loop
      vertex -35.3691 20.6691 0
      vertex -35.2999 20.7447 10.7
      vertex -35.2999 20.7447 0
    endloop
  endfacet
  facet normal -0.73764 0.675194 0
    outer loop
      vertex -35.2999 20.7447 10.7
      vertex -35.3691 20.6691 0
      vertex -35.3691 20.6691 10.7
    endloop
  endfacet
  facet normal -0.301271 0.953538 0
    outer loop
      vertex -35.7981 20.3959 0
      vertex -35.8959 20.365 10.7
      vertex -35.7981 20.3959 10.7
    endloop
  endfacet
  facet normal -0.301271 0.953538 0
    outer loop
      vertex -35.8959 20.365 10.7
      vertex -35.7981 20.3959 0
      vertex -35.8959 20.365 0
    endloop
  endfacet
  facet normal 0.843421 0.537254 0
    outer loop
      vertex -37.1625 20.826 10.7
      vertex -37.2176 20.9125 0
      vertex -37.2176 20.9125 10.7
    endloop
  endfacet
  facet normal 0.843421 0.537254 0
    outer loop
      vertex -37.2176 20.9125 0
      vertex -37.1625 20.826 10.7
      vertex -37.1625 20.826 0
    endloop
  endfacet
  facet normal -0.923969 -0.382467 0
    outer loop
      vertex -35.0959 21.9019 0
      vertex -35.1351 21.9966 10.7
      vertex -35.1351 21.9966 0
    endloop
  endfacet
  facet normal -0.923969 -0.382467 0
    outer loop
      vertex -35.1351 21.9966 10.7
      vertex -35.0959 21.9019 0
      vertex -35.0959 21.9019 10.7
    endloop
  endfacet
  facet normal 0.0439029 -0.999036 0
    outer loop
      vertex -36.3024 22.6705 0
      vertex -36.2 22.675 10.7
      vertex -36.3024 22.6705 10.7
    endloop
  endfacet
  facet normal 0.0439029 -0.999036 0
    outer loop
      vertex -36.2 22.675 10.7
      vertex -36.3024 22.6705 0
      vertex -36.2 22.675 0
    endloop
  endfacet
  facet normal 0.608862 0.793276 -0
    outer loop
      vertex -36.874 20.5375 0
      vertex -36.9553 20.5999 10.7
      vertex -36.874 20.5375 10.7
    endloop
  endfacet
  facet normal 0.608862 0.793276 0
    outer loop
      vertex -36.9553 20.5999 10.7
      vertex -36.874 20.5375 0
      vertex -36.9553 20.5999 0
    endloop
  endfacet
  facet normal -0.793276 -0.608862 0
    outer loop
      vertex -35.2375 22.174 0
      vertex -35.2999 22.2553 10.7
      vertex -35.2999 22.2553 0
    endloop
  endfacet
  facet normal -0.793276 -0.608862 0
    outer loop
      vertex -35.2999 22.2553 10.7
      vertex -35.2375 22.174 0
      vertex -35.2375 22.174 10.7
    endloop
  endfacet
  facet normal 0.843421 -0.537254 0
    outer loop
      vertex -37.2176 22.0875 10.7
      vertex -37.1625 22.174 0
      vertex -37.1625 22.174 10.7
    endloop
  endfacet
  facet normal 0.843421 -0.537254 0
    outer loop
      vertex -37.1625 22.174 0
      vertex -37.2176 22.0875 10.7
      vertex -37.2176 22.0875 0
    endloop
  endfacet
  facet normal 0.923969 -0.382467 0
    outer loop
      vertex -37.3041 21.9019 10.7
      vertex -37.2649 21.9966 0
      vertex -37.2649 21.9966 10.7
    endloop
  endfacet
  facet normal 0.923969 -0.382467 0
    outer loop
      vertex -37.2649 21.9966 0
      vertex -37.3041 21.9019 10.7
      vertex -37.3041 21.9019 0
    endloop
  endfacet
  facet normal 0.301271 0.953538 -0
    outer loop
      vertex -36.5041 20.365 0
      vertex -36.6019 20.3959 10.7
      vertex -36.5041 20.365 10.7
    endloop
  endfacet
  facet normal 0.301271 0.953538 0
    outer loop
      vertex -36.6019 20.3959 10.7
      vertex -36.5041 20.365 0
      vertex -36.6019 20.3959 0
    endloop
  endfacet
  facet normal -0.129798 0.99154 0
    outer loop
      vertex -35.996 20.3428 0
      vertex -36.0976 20.3295 10.7
      vertex -35.996 20.3428 10.7
    endloop
  endfacet
  facet normal -0.129798 0.99154 0
    outer loop
      vertex -36.0976 20.3295 10.7
      vertex -35.996 20.3428 0
      vertex -36.0976 20.3295 0
    endloop
  endfacet
  facet normal 0.461599 0.887089 -0
    outer loop
      vertex -36.6966 20.4351 0
      vertex -36.7875 20.4824 10.7
      vertex -36.6966 20.4351 10.7
    endloop
  endfacet
  facet normal 0.461599 0.887089 0
    outer loop
      vertex -36.7875 20.4824 10.7
      vertex -36.6966 20.4351 0
      vertex -36.7875 20.4824 0
    endloop
  endfacet
  facet normal 0.537254 0.843421 -0
    outer loop
      vertex -36.7875 20.4824 0
      vertex -36.874 20.5375 10.7
      vertex -36.7875 20.4824 10.7
    endloop
  endfacet
  facet normal 0.537254 0.843421 0
    outer loop
      vertex -36.874 20.5375 10.7
      vertex -36.7875 20.4824 0
      vertex -36.874 20.5375 0
    endloop
  endfacet
  facet normal 0.953538 -0.301271 0
    outer loop
      vertex -37.335 21.8041 10.7
      vertex -37.3041 21.9019 0
      vertex -37.3041 21.9019 10.7
    endloop
  endfacet
  facet normal 0.953538 -0.301271 0
    outer loop
      vertex -37.3041 21.9019 0
      vertex -37.335 21.8041 10.7
      vertex -37.335 21.8041 0
    endloop
  endfacet
  facet normal -0.0439029 -0.999036 0
    outer loop
      vertex -36.2 22.675 0
      vertex -36.0976 22.6705 10.7
      vertex -36.2 22.675 10.7
    endloop
  endfacet
  facet normal -0.0439029 -0.999036 -0
    outer loop
      vertex -36.0976 22.6705 10.7
      vertex -36.2 22.675 0
      vertex -36.0976 22.6705 0
    endloop
  endfacet
  facet normal 0.976485 -0.215587 0
    outer loop
      vertex -37.3571 21.704 10.7
      vertex -37.335 21.8041 0
      vertex -37.335 21.8041 10.7
    endloop
  endfacet
  facet normal 0.976485 -0.215587 0
    outer loop
      vertex -37.335 21.8041 0
      vertex -37.3571 21.704 10.7
      vertex -37.3571 21.704 0
    endloop
  endfacet
  facet normal -0.887089 -0.461599 0
    outer loop
      vertex -35.1351 21.9966 0
      vertex -35.1824 22.0875 10.7
      vertex -35.1824 22.0875 0
    endloop
  endfacet
  facet normal -0.887089 -0.461599 0
    outer loop
      vertex -35.1824 22.0875 10.7
      vertex -35.1351 21.9966 0
      vertex -35.1351 21.9966 10.7
    endloop
  endfacet
  facet normal 0.301271 -0.953538 0
    outer loop
      vertex -36.6019 22.6041 0
      vertex -36.5041 22.635 10.7
      vertex -36.6019 22.6041 10.7
    endloop
  endfacet
  facet normal 0.301271 -0.953538 0
    outer loop
      vertex -36.5041 22.635 10.7
      vertex -36.6019 22.6041 0
      vertex -36.5041 22.635 0
    endloop
  endfacet
  facet normal 0.130757 -0.991414 0
    outer loop
      vertex -36.404 22.6571 0
      vertex -36.3024 22.6705 10.7
      vertex -36.404 22.6571 10.7
    endloop
  endfacet
  facet normal 0.130757 -0.991414 0
    outer loop
      vertex -36.3024 22.6705 10.7
      vertex -36.404 22.6571 0
      vertex -36.3024 22.6705 0
    endloop
  endfacet
  facet normal -0.301271 -0.953538 0
    outer loop
      vertex -35.8959 22.635 0
      vertex -35.7981 22.6041 10.7
      vertex -35.8959 22.635 10.7
    endloop
  endfacet
  facet normal -0.301271 -0.953538 -0
    outer loop
      vertex -35.7981 22.6041 10.7
      vertex -35.8959 22.635 0
      vertex -35.7981 22.6041 0
    endloop
  endfacet
  facet normal -0.953538 0.301271 0
    outer loop
      vertex -35.0959 21.0981 0
      vertex -35.065 21.1959 10.7
      vertex -35.065 21.1959 0
    endloop
  endfacet
  facet normal -0.953538 0.301271 0
    outer loop
      vertex -35.065 21.1959 10.7
      vertex -35.0959 21.0981 0
      vertex -35.0959 21.0981 10.7
    endloop
  endfacet
  facet normal 0.215587 -0.976485 0
    outer loop
      vertex -36.5041 22.635 0
      vertex -36.404 22.6571 10.7
      vertex -36.5041 22.635 10.7
    endloop
  endfacet
  facet normal 0.215587 -0.976485 0
    outer loop
      vertex -36.404 22.6571 10.7
      vertex -36.5041 22.635 0
      vertex -36.404 22.6571 0
    endloop
  endfacet
  facet normal -0.0439029 0.999036 0
    outer loop
      vertex -36.0976 20.3295 0
      vertex -36.2 20.325 10.7
      vertex -36.0976 20.3295 10.7
    endloop
  endfacet
  facet normal -0.0439029 0.999036 0
    outer loop
      vertex -36.2 20.325 10.7
      vertex -36.0976 20.3295 0
      vertex -36.2 20.325 0
    endloop
  endfacet
  facet normal -0.923969 0.382467 0
    outer loop
      vertex -35.1351 21.0034 0
      vertex -35.0959 21.0981 10.7
      vertex -35.0959 21.0981 0
    endloop
  endfacet
  facet normal -0.923969 0.382467 0
    outer loop
      vertex -35.0959 21.0981 10.7
      vertex -35.1351 21.0034 0
      vertex -35.1351 21.0034 10.7
    endloop
  endfacet
  facet normal -0.216517 0.976279 0
    outer loop
      vertex -35.8959 20.365 0
      vertex -35.996 20.3428 10.7
      vertex -35.8959 20.365 10.7
    endloop
  endfacet
  facet normal -0.216517 0.976279 0
    outer loop
      vertex -35.996 20.3428 10.7
      vertex -35.8959 20.365 0
      vertex -35.996 20.3428 0
    endloop
  endfacet
  facet normal -0.843421 0.537254 0
    outer loop
      vertex -35.2375 20.826 0
      vertex -35.1824 20.9125 10.7
      vertex -35.1824 20.9125 0
    endloop
  endfacet
  facet normal -0.843421 0.537254 0
    outer loop
      vertex -35.1824 20.9125 10.7
      vertex -35.2375 20.826 0
      vertex -35.2375 20.826 10.7
    endloop
  endfacet
  facet normal 0.793276 -0.608862 0
    outer loop
      vertex -37.1625 22.174 10.7
      vertex -37.1001 22.2553 0
      vertex -37.1001 22.2553 10.7
    endloop
  endfacet
  facet normal 0.793276 -0.608862 0
    outer loop
      vertex -37.1001 22.2553 0
      vertex -37.1625 22.174 10.7
      vertex -37.1625 22.174 0
    endloop
  endfacet
  facet normal 0.887089 -0.461599 0
    outer loop
      vertex -37.2649 21.9966 10.7
      vertex -37.2176 22.0875 0
      vertex -37.2176 22.0875 10.7
    endloop
  endfacet
  facet normal 0.887089 -0.461599 0
    outer loop
      vertex -37.2176 22.0875 0
      vertex -37.2649 21.9966 10.7
      vertex -37.2649 21.9966 0
    endloop
  endfacet
  facet normal 0.537254 -0.843421 0
    outer loop
      vertex -36.874 22.4625 0
      vertex -36.7875 22.5176 10.7
      vertex -36.874 22.4625 10.7
    endloop
  endfacet
  facet normal 0.537254 -0.843421 0
    outer loop
      vertex -36.7875 22.5176 10.7
      vertex -36.874 22.4625 0
      vertex -36.7875 22.5176 0
    endloop
  endfacet
  facet normal 0.461599 -0.887089 0
    outer loop
      vertex -36.7875 22.5176 0
      vertex -36.6966 22.5649 10.7
      vertex -36.7875 22.5176 10.7
    endloop
  endfacet
  facet normal 0.461599 -0.887089 0
    outer loop
      vertex -36.6966 22.5649 10.7
      vertex -36.7875 22.5176 0
      vertex -36.6966 22.5649 0
    endloop
  endfacet
  facet normal -0.793276 0.608862 0
    outer loop
      vertex -35.2999 20.7447 0
      vertex -35.2375 20.826 10.7
      vertex -35.2375 20.826 0
    endloop
  endfacet
  facet normal -0.793276 0.608862 0
    outer loop
      vertex -35.2375 20.826 10.7
      vertex -35.2999 20.7447 0
      vertex -35.2999 20.7447 10.7
    endloop
  endfacet
  facet normal -0.976485 0.215587 0
    outer loop
      vertex -35.065 21.1959 0
      vertex -35.0429 21.296 10.7
      vertex -35.0429 21.296 0
    endloop
  endfacet
  facet normal -0.976485 0.215587 0
    outer loop
      vertex -35.0429 21.296 10.7
      vertex -35.065 21.1959 0
      vertex -35.065 21.1959 10.7
    endloop
  endfacet
  facet normal 0.991414 -0.130757 0
    outer loop
      vertex -37.3705 21.6024 10.7
      vertex -37.3571 21.704 0
      vertex -37.3571 21.704 10.7
    endloop
  endfacet
  facet normal 0.991414 -0.130757 0
    outer loop
      vertex -37.3571 21.704 0
      vertex -37.3705 21.6024 10.7
      vertex -37.3705 21.6024 0
    endloop
  endfacet
  facet normal 0.999036 -0.0439029 0
    outer loop
      vertex -37.375 21.5 10.7
      vertex -37.3705 21.6024 0
      vertex -37.3705 21.6024 10.7
    endloop
  endfacet
  facet normal 0.999036 -0.0439029 0
    outer loop
      vertex -37.3705 21.6024 0
      vertex -37.375 21.5 10.7
      vertex -37.375 21.5 0
    endloop
  endfacet
  facet normal 0.923969 0.382467 0
    outer loop
      vertex -37.2649 21.0034 10.7
      vertex -37.3041 21.0981 0
      vertex -37.3041 21.0981 10.7
    endloop
  endfacet
  facet normal 0.923969 0.382467 0
    outer loop
      vertex -37.3041 21.0981 0
      vertex -37.2649 21.0034 10.7
      vertex -37.2649 21.0034 0
    endloop
  endfacet
  facet normal -0.675194 0.73764 0
    outer loop
      vertex -35.3691 20.6691 0
      vertex -35.4447 20.5999 10.7
      vertex -35.3691 20.6691 10.7
    endloop
  endfacet
  facet normal -0.675194 0.73764 0
    outer loop
      vertex -35.4447 20.5999 10.7
      vertex -35.3691 20.6691 0
      vertex -35.4447 20.5999 0
    endloop
  endfacet
  facet normal -0.608862 0.793276 0
    outer loop
      vertex -35.4447 20.5999 0
      vertex -35.526 20.5375 10.7
      vertex -35.4447 20.5999 10.7
    endloop
  endfacet
  facet normal -0.608862 0.793276 0
    outer loop
      vertex -35.526 20.5375 10.7
      vertex -35.4447 20.5999 0
      vertex -35.526 20.5375 0
    endloop
  endfacet
  facet normal 0.129798 0.99154 -0
    outer loop
      vertex -36.3024 20.3295 0
      vertex -36.404 20.3428 10.7
      vertex -36.3024 20.3295 10.7
    endloop
  endfacet
  facet normal 0.129798 0.99154 0
    outer loop
      vertex -36.404 20.3428 10.7
      vertex -36.3024 20.3295 0
      vertex -36.404 20.3428 0
    endloop
  endfacet
  facet normal -0.737195 -0.67568 0
    outer loop
      vertex -35.2999 22.2553 0
      vertex -35.3691 22.3308 10.7
      vertex -35.3691 22.3308 0
    endloop
  endfacet
  facet normal -0.737195 -0.67568 0
    outer loop
      vertex -35.3691 22.3308 10.7
      vertex -35.2999 22.2553 0
      vertex -35.2999 22.2553 10.7
    endloop
  endfacet
  facet normal -0.675725 -0.737154 0
    outer loop
      vertex -35.4447 22.4001 0
      vertex -35.3691 22.3308 10.7
      vertex -35.4447 22.4001 10.7
    endloop
  endfacet
  facet normal -0.675725 -0.737154 -0
    outer loop
      vertex -35.3691 22.3308 10.7
      vertex -35.4447 22.4001 0
      vertex -35.3691 22.3308 0
    endloop
  endfacet
  facet normal -0.130757 -0.991414 0
    outer loop
      vertex -36.0976 22.6705 0
      vertex -35.996 22.6571 10.7
      vertex -36.0976 22.6705 10.7
    endloop
  endfacet
  facet normal -0.130757 -0.991414 -0
    outer loop
      vertex -35.996 22.6571 10.7
      vertex -36.0976 22.6705 0
      vertex -35.996 22.6571 0
    endloop
  endfacet
  facet normal 0.216517 0.976279 -0
    outer loop
      vertex -36.404 20.3428 0
      vertex -36.5041 20.365 10.7
      vertex -36.404 20.3428 10.7
    endloop
  endfacet
  facet normal 0.216517 0.976279 0
    outer loop
      vertex -36.5041 20.365 10.7
      vertex -36.404 20.3428 0
      vertex -36.5041 20.365 0
    endloop
  endfacet
  facet normal -0.215587 -0.976485 0
    outer loop
      vertex -35.996 22.6571 0
      vertex -35.8959 22.635 10.7
      vertex -35.996 22.6571 10.7
    endloop
  endfacet
  facet normal -0.215587 -0.976485 -0
    outer loop
      vertex -35.8959 22.635 10.7
      vertex -35.996 22.6571 0
      vertex -35.8959 22.635 0
    endloop
  endfacet
  facet normal -0.991414 -0.130757 0
    outer loop
      vertex 37.3705 21.6024 0
      vertex 37.3571 21.704 10.7
      vertex 37.3571 21.704 0
    endloop
  endfacet
  facet normal -0.991414 -0.130757 0
    outer loop
      vertex 37.3571 21.704 10.7
      vertex 37.3705 21.6024 0
      vertex 37.3705 21.6024 10.7
    endloop
  endfacet
  facet normal -0.999036 -0.0439029 0
    outer loop
      vertex 37.375 21.5 0
      vertex 37.3705 21.6024 10.7
      vertex 37.3705 21.6024 0
    endloop
  endfacet
  facet normal -0.999036 -0.0439029 0
    outer loop
      vertex 37.3705 21.6024 10.7
      vertex 37.375 21.5 0
      vertex 37.375 21.5 10.7
    endloop
  endfacet
  facet normal -0.976485 -0.215587 0
    outer loop
      vertex 37.3571 21.704 0
      vertex 37.335 21.8041 10.7
      vertex 37.335 21.8041 0
    endloop
  endfacet
  facet normal -0.976485 -0.215587 0
    outer loop
      vertex 37.335 21.8041 10.7
      vertex 37.3571 21.704 0
      vertex 37.3571 21.704 10.7
    endloop
  endfacet
  facet normal -0.382467 -0.923969 0
    outer loop
      vertex 36.6019 22.6041 0
      vertex 36.6966 22.5649 10.7
      vertex 36.6019 22.6041 10.7
    endloop
  endfacet
  facet normal -0.382467 -0.923969 -0
    outer loop
      vertex 36.6966 22.5649 10.7
      vertex 36.6019 22.6041 0
      vertex 36.6966 22.5649 0
    endloop
  endfacet
  facet normal 0.537254 0.843421 -0
    outer loop
      vertex 35.6125 20.4824 0
      vertex 35.526 20.5375 10.7
      vertex 35.6125 20.4824 10.7
    endloop
  endfacet
  facet normal 0.537254 0.843421 0
    outer loop
      vertex 35.526 20.5375 10.7
      vertex 35.6125 20.4824 0
      vertex 35.526 20.5375 0
    endloop
  endfacet
  facet normal 0.130757 -0.991414 0
    outer loop
      vertex 35.996 22.6571 0
      vertex 36.0976 22.6705 10.7
      vertex 35.996 22.6571 10.7
    endloop
  endfacet
  facet normal 0.130757 -0.991414 0
    outer loop
      vertex 36.0976 22.6705 10.7
      vertex 35.996 22.6571 0
      vertex 36.0976 22.6705 0
    endloop
  endfacet
  facet normal 0.923969 0.382467 0
    outer loop
      vertex 35.1351 21.0034 10.7
      vertex 35.0959 21.0981 0
      vertex 35.0959 21.0981 10.7
    endloop
  endfacet
  facet normal 0.923969 0.382467 0
    outer loop
      vertex 35.0959 21.0981 0
      vertex 35.1351 21.0034 10.7
      vertex 35.1351 21.0034 0
    endloop
  endfacet
  facet normal 0.301271 -0.953538 0
    outer loop
      vertex 35.7981 22.6041 0
      vertex 35.8959 22.635 10.7
      vertex 35.7981 22.6041 10.7
    endloop
  endfacet
  facet normal 0.301271 -0.953538 0
    outer loop
      vertex 35.8959 22.635 10.7
      vertex 35.7981 22.6041 0
      vertex 35.8959 22.635 0
    endloop
  endfacet
  facet normal -0.0439029 0.999036 0
    outer loop
      vertex 36.3024 20.3295 0
      vertex 36.2 20.325 10.7
      vertex 36.3024 20.3295 10.7
    endloop
  endfacet
  facet normal -0.0439029 0.999036 0
    outer loop
      vertex 36.2 20.325 10.7
      vertex 36.3024 20.3295 0
      vertex 36.2 20.325 0
    endloop
  endfacet
  facet normal -0.923969 0.382467 0
    outer loop
      vertex 37.2649 21.0034 0
      vertex 37.3041 21.0981 10.7
      vertex 37.3041 21.0981 0
    endloop
  endfacet
  facet normal -0.923969 0.382467 0
    outer loop
      vertex 37.3041 21.0981 10.7
      vertex 37.2649 21.0034 0
      vertex 37.2649 21.0034 10.7
    endloop
  endfacet
  facet normal -0.216517 0.976279 0
    outer loop
      vertex 36.5041 20.365 0
      vertex 36.404 20.3428 10.7
      vertex 36.5041 20.365 10.7
    endloop
  endfacet
  facet normal -0.216517 0.976279 0
    outer loop
      vertex 36.404 20.3428 10.7
      vertex 36.5041 20.365 0
      vertex 36.404 20.3428 0
    endloop
  endfacet
  facet normal 0.843421 -0.537254 0
    outer loop
      vertex 35.1824 22.0875 10.7
      vertex 35.2375 22.174 0
      vertex 35.2375 22.174 10.7
    endloop
  endfacet
  facet normal 0.843421 -0.537254 0
    outer loop
      vertex 35.2375 22.174 0
      vertex 35.1824 22.0875 10.7
      vertex 35.1824 22.0875 0
    endloop
  endfacet
  facet normal -0.461599 0.887089 0
    outer loop
      vertex 36.7875 20.4824 0
      vertex 36.6966 20.4351 10.7
      vertex 36.7875 20.4824 10.7
    endloop
  endfacet
  facet normal -0.461599 0.887089 0
    outer loop
      vertex 36.6966 20.4351 10.7
      vertex 36.7875 20.4824 0
      vertex 36.6966 20.4351 0
    endloop
  endfacet
  facet normal -0.736708 -0.676211 0
    outer loop
      vertex 37.1001 22.2553 0
      vertex 37.0308 22.3308 10.7
      vertex 37.0308 22.3308 0
    endloop
  endfacet
  facet normal -0.736708 -0.676211 0
    outer loop
      vertex 37.0308 22.3308 10.7
      vertex 37.1001 22.2553 0
      vertex 37.1001 22.2553 10.7
    endloop
  endfacet
  facet normal -0.793276 0.608862 0
    outer loop
      vertex 37.1001 20.7447 0
      vertex 37.1625 20.826 10.7
      vertex 37.1625 20.826 0
    endloop
  endfacet
  facet normal -0.793276 0.608862 0
    outer loop
      vertex 37.1625 20.826 10.7
      vertex 37.1001 20.7447 0
      vertex 37.1001 20.7447 10.7
    endloop
  endfacet
  facet normal 0.608862 -0.793276 0
    outer loop
      vertex 35.4447 22.4001 0
      vertex 35.526 22.4625 10.7
      vertex 35.4447 22.4001 10.7
    endloop
  endfacet
  facet normal 0.608862 -0.793276 0
    outer loop
      vertex 35.526 22.4625 10.7
      vertex 35.4447 22.4001 0
      vertex 35.526 22.4625 0
    endloop
  endfacet
  facet normal 0.887089 -0.461599 0
    outer loop
      vertex 35.1351 21.9966 10.7
      vertex 35.1824 22.0875 0
      vertex 35.1824 22.0875 10.7
    endloop
  endfacet
  facet normal 0.887089 -0.461599 0
    outer loop
      vertex 35.1824 22.0875 0
      vertex 35.1351 21.9966 10.7
      vertex 35.1351 21.9966 0
    endloop
  endfacet
  facet normal -0.991414 0.130757 0
    outer loop
      vertex 37.3571 21.296 0
      vertex 37.3705 21.3976 10.7
      vertex 37.3705 21.3976 0
    endloop
  endfacet
  facet normal -0.991414 0.130757 0
    outer loop
      vertex 37.3705 21.3976 10.7
      vertex 37.3571 21.296 0
      vertex 37.3571 21.296 10.7
    endloop
  endfacet
  facet normal -0.461599 -0.887089 0
    outer loop
      vertex 36.6966 22.5649 0
      vertex 36.7875 22.5176 10.7
      vertex 36.6966 22.5649 10.7
    endloop
  endfacet
  facet normal -0.461599 -0.887089 -0
    outer loop
      vertex 36.7875 22.5176 10.7
      vertex 36.6966 22.5649 0
      vertex 36.7875 22.5176 0
    endloop
  endfacet
  facet normal -0.67568 0.737195 0
    outer loop
      vertex 37.0308 20.6691 0
      vertex 36.9553 20.5999 10.7
      vertex 37.0308 20.6691 10.7
    endloop
  endfacet
  facet normal -0.67568 0.737195 0
    outer loop
      vertex 36.9553 20.5999 10.7
      vertex 37.0308 20.6691 0
      vertex 36.9553 20.5999 0
    endloop
  endfacet
  facet normal 0.953538 0.301271 0
    outer loop
      vertex 35.0959 21.0981 10.7
      vertex 35.065 21.1959 0
      vertex 35.065 21.1959 10.7
    endloop
  endfacet
  facet normal 0.953538 0.301271 0
    outer loop
      vertex 35.065 21.1959 0
      vertex 35.0959 21.0981 10.7
      vertex 35.0959 21.0981 0
    endloop
  endfacet
  facet normal 0.675194 0.73764 -0
    outer loop
      vertex 35.4447 20.5999 0
      vertex 35.3691 20.6691 10.7
      vertex 35.4447 20.5999 10.7
    endloop
  endfacet
  facet normal 0.675194 0.73764 0
    outer loop
      vertex 35.3691 20.6691 10.7
      vertex 35.4447 20.5999 0
      vertex 35.3691 20.6691 0
    endloop
  endfacet
  facet normal -0.976485 0.215587 0
    outer loop
      vertex 37.335 21.1959 0
      vertex 37.3571 21.296 10.7
      vertex 37.3571 21.296 0
    endloop
  endfacet
  facet normal -0.976485 0.215587 0
    outer loop
      vertex 37.3571 21.296 10.7
      vertex 37.335 21.1959 0
      vertex 37.335 21.1959 10.7
    endloop
  endfacet
  facet normal 0.461599 -0.887089 0
    outer loop
      vertex 35.6125 22.5176 0
      vertex 35.7034 22.5649 10.7
      vertex 35.6125 22.5176 10.7
    endloop
  endfacet
  facet normal 0.461599 -0.887089 0
    outer loop
      vertex 35.7034 22.5649 10.7
      vertex 35.6125 22.5176 0
      vertex 35.7034 22.5649 0
    endloop
  endfacet
  facet normal 0.675725 -0.737154 0
    outer loop
      vertex 35.3691 22.3308 0
      vertex 35.4447 22.4001 10.7
      vertex 35.3691 22.3308 10.7
    endloop
  endfacet
  facet normal 0.675725 -0.737154 0
    outer loop
      vertex 35.4447 22.4001 10.7
      vertex 35.3691 22.3308 0
      vertex 35.4447 22.4001 0
    endloop
  endfacet
  facet normal -0.301271 0.953538 0
    outer loop
      vertex 36.6019 20.3959 0
      vertex 36.5041 20.365 10.7
      vertex 36.6019 20.3959 10.7
    endloop
  endfacet
  facet normal -0.301271 0.953538 0
    outer loop
      vertex 36.5041 20.365 10.7
      vertex 36.6019 20.3959 0
      vertex 36.5041 20.365 0
    endloop
  endfacet
  facet normal 0.382467 -0.923969 0
    outer loop
      vertex 35.7034 22.5649 0
      vertex 35.7981 22.6041 10.7
      vertex 35.7034 22.5649 10.7
    endloop
  endfacet
  facet normal 0.382467 -0.923969 0
    outer loop
      vertex 35.7981 22.6041 10.7
      vertex 35.7034 22.5649 0
      vertex 35.7981 22.6041 0
    endloop
  endfacet
  facet normal -0.793276 -0.608862 0
    outer loop
      vertex 37.1625 22.174 0
      vertex 37.1001 22.2553 10.7
      vertex 37.1001 22.2553 0
    endloop
  endfacet
  facet normal -0.793276 -0.608862 0
    outer loop
      vertex 37.1001 22.2553 10.7
      vertex 37.1625 22.174 0
      vertex 37.1625 22.174 10.7
    endloop
  endfacet
  facet normal 0.608862 0.793276 -0
    outer loop
      vertex 35.526 20.5375 0
      vertex 35.4447 20.5999 10.7
      vertex 35.526 20.5375 10.7
    endloop
  endfacet
  facet normal 0.608862 0.793276 0
    outer loop
      vertex 35.4447 20.5999 10.7
      vertex 35.526 20.5375 0
      vertex 35.4447 20.5999 0
    endloop
  endfacet
  facet normal 0.0439029 -0.999036 0
    outer loop
      vertex 36.0976 22.6705 0
      vertex 36.2 22.675 10.7
      vertex 36.0976 22.6705 10.7
    endloop
  endfacet
  facet normal 0.0439029 -0.999036 0
    outer loop
      vertex 36.2 22.675 10.7
      vertex 36.0976 22.6705 0
      vertex 36.2 22.675 0
    endloop
  endfacet
  facet normal -0.999036 0.0439029 0
    outer loop
      vertex 37.3705 21.3976 0
      vertex 37.375 21.5 10.7
      vertex 37.375 21.5 0
    endloop
  endfacet
  facet normal -0.999036 0.0439029 0
    outer loop
      vertex 37.375 21.5 10.7
      vertex 37.3705 21.3976 0
      vertex 37.3705 21.3976 10.7
    endloop
  endfacet
  facet normal -0.676211 -0.736708 0
    outer loop
      vertex 36.9553 22.4001 0
      vertex 37.0308 22.3308 10.7
      vertex 36.9553 22.4001 10.7
    endloop
  endfacet
  facet normal -0.676211 -0.736708 -0
    outer loop
      vertex 37.0308 22.3308 10.7
      vertex 36.9553 22.4001 0
      vertex 37.0308 22.3308 0
    endloop
  endfacet
  facet normal 0.793276 -0.608862 0
    outer loop
      vertex 35.2375 22.174 10.7
      vertex 35.2999 22.2553 0
      vertex 35.2999 22.2553 10.7
    endloop
  endfacet
  facet normal 0.793276 -0.608862 0
    outer loop
      vertex 35.2999 22.2553 0
      vertex 35.2375 22.174 10.7
      vertex 35.2375 22.174 0
    endloop
  endfacet
  facet normal 0.976485 -0.215587 0
    outer loop
      vertex 35.0429 21.704 10.7
      vertex 35.065 21.8041 0
      vertex 35.065 21.8041 10.7
    endloop
  endfacet
  facet normal 0.976485 -0.215587 0
    outer loop
      vertex 35.065 21.8041 0
      vertex 35.0429 21.704 10.7
      vertex 35.0429 21.704 0
    endloop
  endfacet
  facet normal -0.923969 -0.382467 0
    outer loop
      vertex 37.3041 21.9019 0
      vertex 37.2649 21.9966 10.7
      vertex 37.2649 21.9966 0
    endloop
  endfacet
  facet normal -0.923969 -0.382467 0
    outer loop
      vertex 37.2649 21.9966 10.7
      vertex 37.3041 21.9019 0
      vertex 37.3041 21.9019 10.7
    endloop
  endfacet
  facet normal -0.887089 0.461599 0
    outer loop
      vertex 37.2176 20.9125 0
      vertex 37.2649 21.0034 10.7
      vertex 37.2649 21.0034 0
    endloop
  endfacet
  facet normal -0.887089 0.461599 0
    outer loop
      vertex 37.2649 21.0034 10.7
      vertex 37.2176 20.9125 0
      vertex 37.2176 20.9125 10.7
    endloop
  endfacet
  facet normal -0.608862 -0.793276 0
    outer loop
      vertex 36.874 22.4625 0
      vertex 36.9553 22.4001 10.7
      vertex 36.874 22.4625 10.7
    endloop
  endfacet
  facet normal -0.608862 -0.793276 -0
    outer loop
      vertex 36.9553 22.4001 10.7
      vertex 36.874 22.4625 0
      vertex 36.9553 22.4001 0
    endloop
  endfacet
  facet normal -0.537254 -0.843421 0
    outer loop
      vertex 36.7875 22.5176 0
      vertex 36.874 22.4625 10.7
      vertex 36.7875 22.5176 10.7
    endloop
  endfacet
  facet normal -0.537254 -0.843421 -0
    outer loop
      vertex 36.874 22.4625 10.7
      vertex 36.7875 22.5176 0
      vertex 36.874 22.4625 0
    endloop
  endfacet
  facet normal -0.129798 0.99154 0
    outer loop
      vertex 36.404 20.3428 0
      vertex 36.3024 20.3295 10.7
      vertex 36.404 20.3428 10.7
    endloop
  endfacet
  facet normal -0.129798 0.99154 0
    outer loop
      vertex 36.3024 20.3295 10.7
      vertex 36.404 20.3428 0
      vertex 36.3024 20.3295 0
    endloop
  endfacet
  facet normal -0.953538 -0.301271 0
    outer loop
      vertex 37.335 21.8041 0
      vertex 37.3041 21.9019 10.7
      vertex 37.3041 21.9019 0
    endloop
  endfacet
  facet normal -0.953538 -0.301271 0
    outer loop
      vertex 37.3041 21.9019 10.7
      vertex 37.335 21.8041 0
      vertex 37.335 21.8041 10.7
    endloop
  endfacet
  facet normal -0.843421 0.537254 0
    outer loop
      vertex 37.1625 20.826 0
      vertex 37.2176 20.9125 10.7
      vertex 37.2176 20.9125 0
    endloop
  endfacet
  facet normal -0.843421 0.537254 0
    outer loop
      vertex 37.2176 20.9125 10.7
      vertex 37.1625 20.826 0
      vertex 37.1625 20.826 10.7
    endloop
  endfacet
  facet normal -0.0439029 -0.999036 0
    outer loop
      vertex 36.2 22.675 0
      vertex 36.3024 22.6705 10.7
      vertex 36.2 22.675 10.7
    endloop
  endfacet
  facet normal -0.0439029 -0.999036 -0
    outer loop
      vertex 36.3024 22.6705 10.7
      vertex 36.2 22.675 0
      vertex 36.3024 22.6705 0
    endloop
  endfacet
  facet normal -0.953538 0.301271 0
    outer loop
      vertex 37.3041 21.0981 0
      vertex 37.335 21.1959 10.7
      vertex 37.335 21.1959 0
    endloop
  endfacet
  facet normal -0.953538 0.301271 0
    outer loop
      vertex 37.335 21.1959 10.7
      vertex 37.3041 21.0981 0
      vertex 37.3041 21.0981 10.7
    endloop
  endfacet
  facet normal -0.737154 0.675725 0
    outer loop
      vertex 37.0308 20.6691 0
      vertex 37.1001 20.7447 10.7
      vertex 37.1001 20.7447 0
    endloop
  endfacet
  facet normal -0.737154 0.675725 0
    outer loop
      vertex 37.1001 20.7447 10.7
      vertex 37.0308 20.6691 0
      vertex 37.0308 20.6691 10.7
    endloop
  endfacet
  facet normal 0.382467 0.923969 -0
    outer loop
      vertex 35.7981 20.3959 0
      vertex 35.7034 20.4351 10.7
      vertex 35.7981 20.3959 10.7
    endloop
  endfacet
  facet normal 0.382467 0.923969 0
    outer loop
      vertex 35.7034 20.4351 10.7
      vertex 35.7981 20.3959 0
      vertex 35.7034 20.4351 0
    endloop
  endfacet
  facet normal -0.843421 -0.537254 0
    outer loop
      vertex 37.2176 22.0875 0
      vertex 37.1625 22.174 10.7
      vertex 37.1625 22.174 0
    endloop
  endfacet
  facet normal -0.843421 -0.537254 0
    outer loop
      vertex 37.1625 22.174 10.7
      vertex 37.2176 22.0875 0
      vertex 37.2176 22.0875 10.7
    endloop
  endfacet
  facet normal 0.953538 -0.301271 0
    outer loop
      vertex 35.065 21.8041 10.7
      vertex 35.0959 21.9019 0
      vertex 35.0959 21.9019 10.7
    endloop
  endfacet
  facet normal 0.953538 -0.301271 0
    outer loop
      vertex 35.0959 21.9019 0
      vertex 35.065 21.8041 10.7
      vertex 35.065 21.8041 0
    endloop
  endfacet
  facet normal 0.737195 -0.67568 0
    outer loop
      vertex 35.2999 22.2553 10.7
      vertex 35.3691 22.3308 0
      vertex 35.3691 22.3308 10.7
    endloop
  endfacet
  facet normal 0.737195 -0.67568 0
    outer loop
      vertex 35.3691 22.3308 0
      vertex 35.2999 22.2553 10.7
      vertex 35.2999 22.2553 0
    endloop
  endfacet
  facet normal 0.0439029 0.999036 -0
    outer loop
      vertex 36.2 20.325 0
      vertex 36.0976 20.3295 10.7
      vertex 36.2 20.325 10.7
    endloop
  endfacet
  facet normal 0.0439029 0.999036 0
    outer loop
      vertex 36.0976 20.3295 10.7
      vertex 36.2 20.325 0
      vertex 36.0976 20.3295 0
    endloop
  endfacet
  facet normal 0.923969 -0.382467 0
    outer loop
      vertex 35.0959 21.9019 10.7
      vertex 35.1351 21.9966 0
      vertex 35.1351 21.9966 10.7
    endloop
  endfacet
  facet normal 0.923969 -0.382467 0
    outer loop
      vertex 35.1351 21.9966 0
      vertex 35.0959 21.9019 10.7
      vertex 35.0959 21.9019 0
    endloop
  endfacet
  facet normal 0.976485 0.215587 0
    outer loop
      vertex 35.065 21.1959 10.7
      vertex 35.0429 21.296 0
      vertex 35.0429 21.296 10.7
    endloop
  endfacet
  facet normal 0.976485 0.215587 0
    outer loop
      vertex 35.0429 21.296 0
      vertex 35.065 21.1959 10.7
      vertex 35.065 21.1959 0
    endloop
  endfacet
  facet normal 0.215587 -0.976485 0
    outer loop
      vertex 35.8959 22.635 0
      vertex 35.996 22.6571 10.7
      vertex 35.8959 22.635 10.7
    endloop
  endfacet
  facet normal 0.215587 -0.976485 0
    outer loop
      vertex 35.996 22.6571 10.7
      vertex 35.8959 22.635 0
      vertex 35.996 22.6571 0
    endloop
  endfacet
  facet normal 0.793276 0.608862 0
    outer loop
      vertex 35.2999 20.7447 10.7
      vertex 35.2375 20.826 0
      vertex 35.2375 20.826 10.7
    endloop
  endfacet
  facet normal 0.793276 0.608862 0
    outer loop
      vertex 35.2375 20.826 0
      vertex 35.2999 20.7447 10.7
      vertex 35.2999 20.7447 0
    endloop
  endfacet
  facet normal -0.382467 0.923969 0
    outer loop
      vertex 36.6966 20.4351 0
      vertex 36.6019 20.3959 10.7
      vertex 36.6966 20.4351 10.7
    endloop
  endfacet
  facet normal -0.382467 0.923969 0
    outer loop
      vertex 36.6019 20.3959 10.7
      vertex 36.6966 20.4351 0
      vertex 36.6019 20.3959 0
    endloop
  endfacet
  facet normal 0.537254 -0.843421 0
    outer loop
      vertex 35.526 22.4625 0
      vertex 35.6125 22.5176 10.7
      vertex 35.526 22.4625 10.7
    endloop
  endfacet
  facet normal 0.537254 -0.843421 0
    outer loop
      vertex 35.6125 22.5176 10.7
      vertex 35.526 22.4625 0
      vertex 35.6125 22.5176 0
    endloop
  endfacet
  facet normal 0.991414 0.130757 0
    outer loop
      vertex 35.0429 21.296 10.7
      vertex 35.0295 21.3976 0
      vertex 35.0295 21.3976 10.7
    endloop
  endfacet
  facet normal 0.991414 0.130757 0
    outer loop
      vertex 35.0295 21.3976 0
      vertex 35.0429 21.296 10.7
      vertex 35.0429 21.296 0
    endloop
  endfacet
  facet normal -0.301271 -0.953538 0
    outer loop
      vertex 36.5041 22.635 0
      vertex 36.6019 22.6041 10.7
      vertex 36.5041 22.635 10.7
    endloop
  endfacet
  facet normal -0.301271 -0.953538 -0
    outer loop
      vertex 36.6019 22.6041 10.7
      vertex 36.5041 22.635 0
      vertex 36.6019 22.6041 0
    endloop
  endfacet
  facet normal 0.991414 -0.130757 0
    outer loop
      vertex 35.0295 21.6024 10.7
      vertex 35.0429 21.704 0
      vertex 35.0429 21.704 10.7
    endloop
  endfacet
  facet normal 0.991414 -0.130757 0
    outer loop
      vertex 35.0429 21.704 0
      vertex 35.0295 21.6024 10.7
      vertex 35.0295 21.6024 0
    endloop
  endfacet
  facet normal -0.887089 -0.461599 0
    outer loop
      vertex 37.2649 21.9966 0
      vertex 37.2176 22.0875 10.7
      vertex 37.2176 22.0875 0
    endloop
  endfacet
  facet normal -0.887089 -0.461599 0
    outer loop
      vertex 37.2176 22.0875 10.7
      vertex 37.2649 21.9966 0
      vertex 37.2649 21.9966 10.7
    endloop
  endfacet
  facet normal -0.537254 0.843421 0
    outer loop
      vertex 36.874 20.5375 0
      vertex 36.7875 20.4824 10.7
      vertex 36.874 20.5375 10.7
    endloop
  endfacet
  facet normal -0.537254 0.843421 0
    outer loop
      vertex 36.7875 20.4824 10.7
      vertex 36.874 20.5375 0
      vertex 36.7875 20.4824 0
    endloop
  endfacet
  facet normal 0.73764 0.675194 0
    outer loop
      vertex 35.3691 20.6691 10.7
      vertex 35.2999 20.7447 0
      vertex 35.2999 20.7447 10.7
    endloop
  endfacet
  facet normal 0.73764 0.675194 0
    outer loop
      vertex 35.2999 20.7447 0
      vertex 35.3691 20.6691 10.7
      vertex 35.3691 20.6691 0
    endloop
  endfacet
  facet normal 0.216517 0.976279 -0
    outer loop
      vertex 35.996 20.3428 0
      vertex 35.8959 20.365 10.7
      vertex 35.996 20.3428 10.7
    endloop
  endfacet
  facet normal 0.216517 0.976279 0
    outer loop
      vertex 35.8959 20.365 10.7
      vertex 35.996 20.3428 0
      vertex 35.8959 20.365 0
    endloop
  endfacet
  facet normal -0.130757 -0.991414 0
    outer loop
      vertex 36.3024 22.6705 0
      vertex 36.404 22.6571 10.7
      vertex 36.3024 22.6705 10.7
    endloop
  endfacet
  facet normal -0.130757 -0.991414 -0
    outer loop
      vertex 36.404 22.6571 10.7
      vertex 36.3024 22.6705 0
      vertex 36.404 22.6571 0
    endloop
  endfacet
  facet normal 0.843421 0.537254 0
    outer loop
      vertex 35.2375 20.826 10.7
      vertex 35.1824 20.9125 0
      vertex 35.1824 20.9125 10.7
    endloop
  endfacet
  facet normal 0.843421 0.537254 0
    outer loop
      vertex 35.1824 20.9125 0
      vertex 35.2375 20.826 10.7
      vertex 35.2375 20.826 0
    endloop
  endfacet
  facet normal 0.887089 0.461599 0
    outer loop
      vertex 35.1824 20.9125 10.7
      vertex 35.1351 21.0034 0
      vertex 35.1351 21.0034 10.7
    endloop
  endfacet
  facet normal 0.887089 0.461599 0
    outer loop
      vertex 35.1351 21.0034 0
      vertex 35.1824 20.9125 10.7
      vertex 35.1824 20.9125 0
    endloop
  endfacet
  facet normal 0.999036 -0.0439029 0
    outer loop
      vertex 35.025 21.5 10.7
      vertex 35.0295 21.6024 0
      vertex 35.0295 21.6024 10.7
    endloop
  endfacet
  facet normal 0.999036 -0.0439029 0
    outer loop
      vertex 35.0295 21.6024 0
      vertex 35.025 21.5 10.7
      vertex 35.025 21.5 0
    endloop
  endfacet
  facet normal 0.999036 0.0439029 0
    outer loop
      vertex 35.0295 21.3976 10.7
      vertex 35.025 21.5 0
      vertex 35.025 21.5 10.7
    endloop
  endfacet
  facet normal 0.999036 0.0439029 0
    outer loop
      vertex 35.025 21.5 0
      vertex 35.0295 21.3976 10.7
      vertex 35.0295 21.3976 0
    endloop
  endfacet
  facet normal 0.301271 0.953538 -0
    outer loop
      vertex 35.8959 20.365 0
      vertex 35.7981 20.3959 10.7
      vertex 35.8959 20.365 10.7
    endloop
  endfacet
  facet normal 0.301271 0.953538 0
    outer loop
      vertex 35.7981 20.3959 10.7
      vertex 35.8959 20.365 0
      vertex 35.7981 20.3959 0
    endloop
  endfacet
  facet normal -0.215587 -0.976485 0
    outer loop
      vertex 36.404 22.6571 0
      vertex 36.5041 22.635 10.7
      vertex 36.404 22.6571 10.7
    endloop
  endfacet
  facet normal -0.215587 -0.976485 -0
    outer loop
      vertex 36.5041 22.635 10.7
      vertex 36.404 22.6571 0
      vertex 36.5041 22.635 0
    endloop
  endfacet
  facet normal 0.461599 0.887089 -0
    outer loop
      vertex 35.7034 20.4351 0
      vertex 35.6125 20.4824 10.7
      vertex 35.7034 20.4351 10.7
    endloop
  endfacet
  facet normal 0.461599 0.887089 0
    outer loop
      vertex 35.6125 20.4824 10.7
      vertex 35.7034 20.4351 0
      vertex 35.6125 20.4824 0
    endloop
  endfacet
  facet normal -0.608862 0.793276 0
    outer loop
      vertex 36.9553 20.5999 0
      vertex 36.874 20.5375 10.7
      vertex 36.9553 20.5999 10.7
    endloop
  endfacet
  facet normal -0.608862 0.793276 0
    outer loop
      vertex 36.874 20.5375 10.7
      vertex 36.9553 20.5999 0
      vertex 36.874 20.5375 0
    endloop
  endfacet
  facet normal 0.129798 0.99154 -0
    outer loop
      vertex 36.0976 20.3295 0
      vertex 35.996 20.3428 10.7
      vertex 36.0976 20.3295 10.7
    endloop
  endfacet
  facet normal 0.129798 0.99154 0
    outer loop
      vertex 35.996 20.3428 10.7
      vertex 36.0976 20.3295 0
      vertex 35.996 20.3428 0
    endloop
  endfacet
  facet normal -0.991414 -0.130757 0
    outer loop
      vertex -35.0295 -21.3976 0
      vertex -35.0429 -21.296 10.7
      vertex -35.0429 -21.296 0
    endloop
  endfacet
  facet normal -0.991414 -0.130757 0
    outer loop
      vertex -35.0429 -21.296 10.7
      vertex -35.0295 -21.3976 0
      vertex -35.0295 -21.3976 10.7
    endloop
  endfacet
  facet normal -0.999036 -0.0439029 0
    outer loop
      vertex -35.025 -21.5 0
      vertex -35.0295 -21.3976 10.7
      vertex -35.0295 -21.3976 0
    endloop
  endfacet
  facet normal -0.999036 -0.0439029 0
    outer loop
      vertex -35.0295 -21.3976 10.7
      vertex -35.025 -21.5 0
      vertex -35.025 -21.5 10.7
    endloop
  endfacet
  facet normal -0.976485 -0.215587 0
    outer loop
      vertex -35.0429 -21.296 0
      vertex -35.065 -21.1959 10.7
      vertex -35.065 -21.1959 0
    endloop
  endfacet
  facet normal -0.976485 -0.215587 0
    outer loop
      vertex -35.065 -21.1959 10.7
      vertex -35.0429 -21.296 0
      vertex -35.0429 -21.296 10.7
    endloop
  endfacet
  facet normal -0.461599 0.887089 0
    outer loop
      vertex -35.6125 -22.5176 0
      vertex -35.7034 -22.5649 10.7
      vertex -35.6125 -22.5176 10.7
    endloop
  endfacet
  facet normal -0.461599 0.887089 0
    outer loop
      vertex -35.7034 -22.5649 10.7
      vertex -35.6125 -22.5176 0
      vertex -35.7034 -22.5649 0
    endloop
  endfacet
  facet normal -0.953538 -0.301271 0
    outer loop
      vertex -35.065 -21.1959 0
      vertex -35.0959 -21.0981 10.7
      vertex -35.0959 -21.0981 0
    endloop
  endfacet
  facet normal -0.953538 -0.301271 0
    outer loop
      vertex -35.0959 -21.0981 10.7
      vertex -35.065 -21.1959 0
      vertex -35.065 -21.1959 10.7
    endloop
  endfacet
  facet normal 0.923969 0.382467 0
    outer loop
      vertex -37.2649 -21.9966 10.7
      vertex -37.3041 -21.9019 0
      vertex -37.3041 -21.9019 10.7
    endloop
  endfacet
  facet normal 0.923969 0.382467 0
    outer loop
      vertex -37.3041 -21.9019 0
      vertex -37.2649 -21.9966 10.7
      vertex -37.2649 -21.9966 0
    endloop
  endfacet
  facet normal -0.991414 0.130757 0
    outer loop
      vertex -35.0429 -21.704 0
      vertex -35.0295 -21.6024 10.7
      vertex -35.0295 -21.6024 0
    endloop
  endfacet
  facet normal -0.991414 0.130757 0
    outer loop
      vertex -35.0295 -21.6024 10.7
      vertex -35.0429 -21.704 0
      vertex -35.0429 -21.704 10.7
    endloop
  endfacet
  facet normal -0.537254 -0.843421 0
    outer loop
      vertex -35.6125 -20.4824 0
      vertex -35.526 -20.5375 10.7
      vertex -35.6125 -20.4824 10.7
    endloop
  endfacet
  facet normal -0.537254 -0.843421 -0
    outer loop
      vertex -35.526 -20.5375 10.7
      vertex -35.6125 -20.4824 0
      vertex -35.526 -20.5375 0
    endloop
  endfacet
  facet normal 0.676211 0.736708 -0
    outer loop
      vertex -36.9553 -22.4001 0
      vertex -37.0308 -22.3308 10.7
      vertex -36.9553 -22.4001 10.7
    endloop
  endfacet
  facet normal 0.676211 0.736708 0
    outer loop
      vertex -37.0308 -22.3308 10.7
      vertex -36.9553 -22.4001 0
      vertex -37.0308 -22.3308 0
    endloop
  endfacet
  facet normal 0.0439029 0.999036 -0
    outer loop
      vertex -36.2 -22.675 0
      vertex -36.3024 -22.6705 10.7
      vertex -36.2 -22.675 10.7
    endloop
  endfacet
  facet normal 0.0439029 0.999036 0
    outer loop
      vertex -36.3024 -22.6705 10.7
      vertex -36.2 -22.675 0
      vertex -36.3024 -22.6705 0
    endloop
  endfacet
  facet normal 0.999036 0.0439029 0
    outer loop
      vertex -37.3705 -21.6024 10.7
      vertex -37.375 -21.5 0
      vertex -37.375 -21.5 10.7
    endloop
  endfacet
  facet normal 0.999036 0.0439029 0
    outer loop
      vertex -37.375 -21.5 0
      vertex -37.3705 -21.6024 10.7
      vertex -37.3705 -21.6024 0
    endloop
  endfacet
  facet normal 0.887089 0.461599 0
    outer loop
      vertex -37.2176 -22.0875 10.7
      vertex -37.2649 -21.9966 0
      vertex -37.2649 -21.9966 10.7
    endloop
  endfacet
  facet normal 0.887089 0.461599 0
    outer loop
      vertex -37.2649 -21.9966 0
      vertex -37.2176 -22.0875 10.7
      vertex -37.2176 -22.0875 0
    endloop
  endfacet
  facet normal -0.382467 0.923969 0
    outer loop
      vertex -35.7034 -22.5649 0
      vertex -35.7981 -22.6041 10.7
      vertex -35.7034 -22.5649 10.7
    endloop
  endfacet
  facet normal -0.382467 0.923969 0
    outer loop
      vertex -35.7981 -22.6041 10.7
      vertex -35.7034 -22.5649 0
      vertex -35.7981 -22.6041 0
    endloop
  endfacet
  facet normal -0.843421 -0.537254 0
    outer loop
      vertex -35.1824 -20.9125 0
      vertex -35.2375 -20.826 10.7
      vertex -35.2375 -20.826 0
    endloop
  endfacet
  facet normal -0.843421 -0.537254 0
    outer loop
      vertex -35.2375 -20.826 10.7
      vertex -35.1824 -20.9125 0
      vertex -35.1824 -20.9125 10.7
    endloop
  endfacet
  facet normal -0.608862 -0.793276 0
    outer loop
      vertex -35.526 -20.5375 0
      vertex -35.4447 -20.5999 10.7
      vertex -35.526 -20.5375 10.7
    endloop
  endfacet
  facet normal -0.608862 -0.793276 -0
    outer loop
      vertex -35.4447 -20.5999 10.7
      vertex -35.526 -20.5375 0
      vertex -35.4447 -20.5999 0
    endloop
  endfacet
  facet normal 0.67568 -0.737195 0
    outer loop
      vertex -37.0308 -20.6691 0
      vertex -36.9553 -20.5999 10.7
      vertex -37.0308 -20.6691 10.7
    endloop
  endfacet
  facet normal 0.67568 -0.737195 0
    outer loop
      vertex -36.9553 -20.5999 10.7
      vertex -37.0308 -20.6691 0
      vertex -36.9553 -20.5999 0
    endloop
  endfacet
  facet normal -0.537254 0.843421 0
    outer loop
      vertex -35.526 -22.4625 0
      vertex -35.6125 -22.5176 10.7
      vertex -35.526 -22.4625 10.7
    endloop
  endfacet
  facet normal -0.537254 0.843421 0
    outer loop
      vertex -35.6125 -22.5176 10.7
      vertex -35.526 -22.4625 0
      vertex -35.6125 -22.5176 0
    endloop
  endfacet
  facet normal 0.382467 0.923969 -0
    outer loop
      vertex -36.6019 -22.6041 0
      vertex -36.6966 -22.5649 10.7
      vertex -36.6019 -22.6041 10.7
    endloop
  endfacet
  facet normal 0.382467 0.923969 0
    outer loop
      vertex -36.6966 -22.5649 10.7
      vertex -36.6019 -22.6041 0
      vertex -36.6966 -22.5649 0
    endloop
  endfacet
  facet normal 0.991414 0.130757 0
    outer loop
      vertex -37.3571 -21.704 10.7
      vertex -37.3705 -21.6024 0
      vertex -37.3705 -21.6024 10.7
    endloop
  endfacet
  facet normal 0.991414 0.130757 0
    outer loop
      vertex -37.3705 -21.6024 0
      vertex -37.3571 -21.704 10.7
      vertex -37.3571 -21.704 0
    endloop
  endfacet
  facet normal 0.953538 0.301271 0
    outer loop
      vertex -37.3041 -21.9019 10.7
      vertex -37.335 -21.8041 0
      vertex -37.335 -21.8041 10.7
    endloop
  endfacet
  facet normal 0.953538 0.301271 0
    outer loop
      vertex -37.335 -21.8041 0
      vertex -37.3041 -21.9019 10.7
      vertex -37.3041 -21.9019 0
    endloop
  endfacet
  facet normal 0.976485 0.215587 0
    outer loop
      vertex -37.335 -21.8041 10.7
      vertex -37.3571 -21.704 0
      vertex -37.3571 -21.704 10.7
    endloop
  endfacet
  facet normal 0.976485 0.215587 0
    outer loop
      vertex -37.3571 -21.704 0
      vertex -37.335 -21.8041 10.7
      vertex -37.335 -21.8041 0
    endloop
  endfacet
  facet normal -0.382467 -0.923969 0
    outer loop
      vertex -35.7981 -20.3959 0
      vertex -35.7034 -20.4351 10.7
      vertex -35.7981 -20.3959 10.7
    endloop
  endfacet
  facet normal -0.382467 -0.923969 -0
    outer loop
      vertex -35.7034 -20.4351 10.7
      vertex -35.7981 -20.3959 0
      vertex -35.7034 -20.4351 0
    endloop
  endfacet
  facet normal 0.737154 -0.675725 0
    outer loop
      vertex -37.1001 -20.7447 10.7
      vertex -37.0308 -20.6691 0
      vertex -37.0308 -20.6691 10.7
    endloop
  endfacet
  facet normal 0.737154 -0.675725 0
    outer loop
      vertex -37.0308 -20.6691 0
      vertex -37.1001 -20.7447 10.7
      vertex -37.1001 -20.7447 0
    endloop
  endfacet
  facet normal 0.736708 0.676211 0
    outer loop
      vertex -37.0308 -22.3308 10.7
      vertex -37.1001 -22.2553 0
      vertex -37.1001 -22.2553 10.7
    endloop
  endfacet
  facet normal 0.736708 0.676211 0
    outer loop
      vertex -37.1001 -22.2553 0
      vertex -37.0308 -22.3308 10.7
      vertex -37.0308 -22.3308 0
    endloop
  endfacet
  facet normal 0.793276 0.608862 0
    outer loop
      vertex -37.1001 -22.2553 10.7
      vertex -37.1625 -22.174 0
      vertex -37.1625 -22.174 10.7
    endloop
  endfacet
  facet normal 0.793276 0.608862 0
    outer loop
      vertex -37.1625 -22.174 0
      vertex -37.1001 -22.2553 10.7
      vertex -37.1001 -22.2553 0
    endloop
  endfacet
  facet normal -0.887089 0.461599 0
    outer loop
      vertex -35.1824 -22.0875 0
      vertex -35.1351 -21.9966 10.7
      vertex -35.1351 -21.9966 0
    endloop
  endfacet
  facet normal -0.887089 0.461599 0
    outer loop
      vertex -35.1351 -21.9966 10.7
      vertex -35.1824 -22.0875 0
      vertex -35.1824 -22.0875 10.7
    endloop
  endfacet
  facet normal 0.608862 -0.793276 0
    outer loop
      vertex -36.9553 -20.5999 0
      vertex -36.874 -20.5375 10.7
      vertex -36.9553 -20.5999 10.7
    endloop
  endfacet
  facet normal 0.608862 -0.793276 0
    outer loop
      vertex -36.874 -20.5375 10.7
      vertex -36.9553 -20.5999 0
      vertex -36.874 -20.5375 0
    endloop
  endfacet
  facet normal -0.461599 -0.887089 0
    outer loop
      vertex -35.7034 -20.4351 0
      vertex -35.6125 -20.4824 10.7
      vertex -35.7034 -20.4351 10.7
    endloop
  endfacet
  facet normal -0.461599 -0.887089 -0
    outer loop
      vertex -35.6125 -20.4824 10.7
      vertex -35.7034 -20.4351 0
      vertex -35.6125 -20.4824 0
    endloop
  endfacet
  facet normal -0.999036 0.0439029 0
    outer loop
      vertex -35.0295 -21.6024 0
      vertex -35.025 -21.5 10.7
      vertex -35.025 -21.5 0
    endloop
  endfacet
  facet normal -0.999036 0.0439029 0
    outer loop
      vertex -35.025 -21.5 10.7
      vertex -35.0295 -21.6024 0
      vertex -35.0295 -21.6024 10.7
    endloop
  endfacet
  facet normal 0.382467 -0.923969 0
    outer loop
      vertex -36.6966 -20.4351 0
      vertex -36.6019 -20.3959 10.7
      vertex -36.6966 -20.4351 10.7
    endloop
  endfacet
  facet normal 0.382467 -0.923969 0
    outer loop
      vertex -36.6019 -20.3959 10.7
      vertex -36.6966 -20.4351 0
      vertex -36.6019 -20.3959 0
    endloop
  endfacet
  facet normal -0.737195 0.67568 0
    outer loop
      vertex -35.3691 -22.3308 0
      vertex -35.2999 -22.2553 10.7
      vertex -35.2999 -22.2553 0
    endloop
  endfacet
  facet normal -0.737195 0.67568 0
    outer loop
      vertex -35.2999 -22.2553 10.7
      vertex -35.3691 -22.3308 0
      vertex -35.3691 -22.3308 10.7
    endloop
  endfacet
  facet normal -0.301271 0.953538 0
    outer loop
      vertex -35.7981 -22.6041 0
      vertex -35.8959 -22.635 10.7
      vertex -35.7981 -22.6041 10.7
    endloop
  endfacet
  facet normal -0.301271 0.953538 0
    outer loop
      vertex -35.8959 -22.635 10.7
      vertex -35.7981 -22.6041 0
      vertex -35.8959 -22.635 0
    endloop
  endfacet
  facet normal 0.843421 0.537254 0
    outer loop
      vertex -37.1625 -22.174 10.7
      vertex -37.2176 -22.0875 0
      vertex -37.2176 -22.0875 10.7
    endloop
  endfacet
  facet normal 0.843421 0.537254 0
    outer loop
      vertex -37.2176 -22.0875 0
      vertex -37.1625 -22.174 10.7
      vertex -37.1625 -22.174 0
    endloop
  endfacet
  facet normal -0.923969 -0.382467 0
    outer loop
      vertex -35.0959 -21.0981 0
      vertex -35.1351 -21.0034 10.7
      vertex -35.1351 -21.0034 0
    endloop
  endfacet
  facet normal -0.923969 -0.382467 0
    outer loop
      vertex -35.1351 -21.0034 10.7
      vertex -35.0959 -21.0981 0
      vertex -35.0959 -21.0981 10.7
    endloop
  endfacet
  facet normal 0.0439029 -0.999036 0
    outer loop
      vertex -36.3024 -20.3295 0
      vertex -36.2 -20.325 10.7
      vertex -36.3024 -20.3295 10.7
    endloop
  endfacet
  facet normal 0.0439029 -0.999036 0
    outer loop
      vertex -36.2 -20.325 10.7
      vertex -36.3024 -20.3295 0
      vertex -36.2 -20.325 0
    endloop
  endfacet
  facet normal 0.608862 0.793276 -0
    outer loop
      vertex -36.874 -22.4625 0
      vertex -36.9553 -22.4001 10.7
      vertex -36.874 -22.4625 10.7
    endloop
  endfacet
  facet normal 0.608862 0.793276 0
    outer loop
      vertex -36.9553 -22.4001 10.7
      vertex -36.874 -22.4625 0
      vertex -36.9553 -22.4001 0
    endloop
  endfacet
  facet normal -0.793276 -0.608862 0
    outer loop
      vertex -35.2375 -20.826 0
      vertex -35.2999 -20.7447 10.7
      vertex -35.2999 -20.7447 0
    endloop
  endfacet
  facet normal -0.793276 -0.608862 0
    outer loop
      vertex -35.2999 -20.7447 10.7
      vertex -35.2375 -20.826 0
      vertex -35.2375 -20.826 10.7
    endloop
  endfacet
  facet normal 0.843421 -0.537254 0
    outer loop
      vertex -37.2176 -20.9125 10.7
      vertex -37.1625 -20.826 0
      vertex -37.1625 -20.826 10.7
    endloop
  endfacet
  facet normal 0.843421 -0.537254 0
    outer loop
      vertex -37.1625 -20.826 0
      vertex -37.2176 -20.9125 10.7
      vertex -37.2176 -20.9125 0
    endloop
  endfacet
  facet normal 0.923969 -0.382467 0
    outer loop
      vertex -37.3041 -21.0981 10.7
      vertex -37.2649 -21.0034 0
      vertex -37.2649 -21.0034 10.7
    endloop
  endfacet
  facet normal 0.923969 -0.382467 0
    outer loop
      vertex -37.2649 -21.0034 0
      vertex -37.3041 -21.0981 10.7
      vertex -37.3041 -21.0981 0
    endloop
  endfacet
  facet normal 0.301271 0.953538 -0
    outer loop
      vertex -36.5041 -22.635 0
      vertex -36.6019 -22.6041 10.7
      vertex -36.5041 -22.635 10.7
    endloop
  endfacet
  facet normal 0.301271 0.953538 0
    outer loop
      vertex -36.6019 -22.6041 10.7
      vertex -36.5041 -22.635 0
      vertex -36.6019 -22.6041 0
    endloop
  endfacet
  facet normal -0.130757 0.991414 0
    outer loop
      vertex -35.996 -22.6571 0
      vertex -36.0976 -22.6705 10.7
      vertex -35.996 -22.6571 10.7
    endloop
  endfacet
  facet normal -0.130757 0.991414 0
    outer loop
      vertex -36.0976 -22.6705 10.7
      vertex -35.996 -22.6571 0
      vertex -36.0976 -22.6705 0
    endloop
  endfacet
  facet normal 0.461599 0.887089 -0
    outer loop
      vertex -36.6966 -22.5649 0
      vertex -36.7875 -22.5176 10.7
      vertex -36.6966 -22.5649 10.7
    endloop
  endfacet
  facet normal 0.461599 0.887089 0
    outer loop
      vertex -36.7875 -22.5176 10.7
      vertex -36.6966 -22.5649 0
      vertex -36.7875 -22.5176 0
    endloop
  endfacet
  facet normal 0.537254 0.843421 -0
    outer loop
      vertex -36.7875 -22.5176 0
      vertex -36.874 -22.4625 10.7
      vertex -36.7875 -22.5176 10.7
    endloop
  endfacet
  facet normal 0.537254 0.843421 0
    outer loop
      vertex -36.874 -22.4625 10.7
      vertex -36.7875 -22.5176 0
      vertex -36.874 -22.4625 0
    endloop
  endfacet
  facet normal 0.953538 -0.301271 0
    outer loop
      vertex -37.335 -21.1959 10.7
      vertex -37.3041 -21.0981 0
      vertex -37.3041 -21.0981 10.7
    endloop
  endfacet
  facet normal 0.953538 -0.301271 0
    outer loop
      vertex -37.3041 -21.0981 0
      vertex -37.335 -21.1959 10.7
      vertex -37.335 -21.1959 0
    endloop
  endfacet
  facet normal -0.0439029 -0.999036 0
    outer loop
      vertex -36.2 -20.325 0
      vertex -36.0976 -20.3295 10.7
      vertex -36.2 -20.325 10.7
    endloop
  endfacet
  facet normal -0.0439029 -0.999036 -0
    outer loop
      vertex -36.0976 -20.3295 10.7
      vertex -36.2 -20.325 0
      vertex -36.0976 -20.3295 0
    endloop
  endfacet
  facet normal 0.976485 -0.215587 0
    outer loop
      vertex -37.3571 -21.296 10.7
      vertex -37.335 -21.1959 0
      vertex -37.335 -21.1959 10.7
    endloop
  endfacet
  facet normal 0.976485 -0.215587 0
    outer loop
      vertex -37.335 -21.1959 0
      vertex -37.3571 -21.296 10.7
      vertex -37.3571 -21.296 0
    endloop
  endfacet
  facet normal -0.887089 -0.461599 0
    outer loop
      vertex -35.1351 -21.0034 0
      vertex -35.1824 -20.9125 10.7
      vertex -35.1824 -20.9125 0
    endloop
  endfacet
  facet normal -0.887089 -0.461599 0
    outer loop
      vertex -35.1824 -20.9125 10.7
      vertex -35.1351 -21.0034 0
      vertex -35.1351 -21.0034 10.7
    endloop
  endfacet
  facet normal 0.301271 -0.953538 0
    outer loop
      vertex -36.6019 -20.3959 0
      vertex -36.5041 -20.365 10.7
      vertex -36.6019 -20.3959 10.7
    endloop
  endfacet
  facet normal 0.301271 -0.953538 0
    outer loop
      vertex -36.5041 -20.365 10.7
      vertex -36.6019 -20.3959 0
      vertex -36.5041 -20.365 0
    endloop
  endfacet
  facet normal 0.129798 -0.99154 0
    outer loop
      vertex -36.404 -20.3428 0
      vertex -36.3024 -20.3295 10.7
      vertex -36.404 -20.3428 10.7
    endloop
  endfacet
  facet normal 0.129798 -0.99154 0
    outer loop
      vertex -36.3024 -20.3295 10.7
      vertex -36.404 -20.3428 0
      vertex -36.3024 -20.3295 0
    endloop
  endfacet
  facet normal -0.301271 -0.953538 0
    outer loop
      vertex -35.8959 -20.365 0
      vertex -35.7981 -20.3959 10.7
      vertex -35.8959 -20.365 10.7
    endloop
  endfacet
  facet normal -0.301271 -0.953538 -0
    outer loop
      vertex -35.7981 -20.3959 10.7
      vertex -35.8959 -20.365 0
      vertex -35.7981 -20.3959 0
    endloop
  endfacet
  facet normal -0.953538 0.301271 0
    outer loop
      vertex -35.0959 -21.9019 0
      vertex -35.065 -21.8041 10.7
      vertex -35.065 -21.8041 0
    endloop
  endfacet
  facet normal -0.953538 0.301271 0
    outer loop
      vertex -35.065 -21.8041 10.7
      vertex -35.0959 -21.9019 0
      vertex -35.0959 -21.9019 10.7
    endloop
  endfacet
  facet normal 0.216517 -0.976279 0
    outer loop
      vertex -36.5041 -20.365 0
      vertex -36.404 -20.3428 10.7
      vertex -36.5041 -20.365 10.7
    endloop
  endfacet
  facet normal 0.216517 -0.976279 0
    outer loop
      vertex -36.404 -20.3428 10.7
      vertex -36.5041 -20.365 0
      vertex -36.404 -20.3428 0
    endloop
  endfacet
  facet normal -0.0439029 0.999036 0
    outer loop
      vertex -36.0976 -22.6705 0
      vertex -36.2 -22.675 10.7
      vertex -36.0976 -22.6705 10.7
    endloop
  endfacet
  facet normal -0.0439029 0.999036 0
    outer loop
      vertex -36.2 -22.675 10.7
      vertex -36.0976 -22.6705 0
      vertex -36.2 -22.675 0
    endloop
  endfacet
  facet normal -0.923969 0.382467 0
    outer loop
      vertex -35.1351 -21.9966 0
      vertex -35.0959 -21.9019 10.7
      vertex -35.0959 -21.9019 0
    endloop
  endfacet
  facet normal -0.923969 0.382467 0
    outer loop
      vertex -35.0959 -21.9019 10.7
      vertex -35.1351 -21.9966 0
      vertex -35.1351 -21.9966 10.7
    endloop
  endfacet
  facet normal -0.215587 0.976485 0
    outer loop
      vertex -35.8959 -22.635 0
      vertex -35.996 -22.6571 10.7
      vertex -35.8959 -22.635 10.7
    endloop
  endfacet
  facet normal -0.215587 0.976485 0
    outer loop
      vertex -35.996 -22.6571 10.7
      vertex -35.8959 -22.635 0
      vertex -35.996 -22.6571 0
    endloop
  endfacet
  facet normal -0.843421 0.537254 0
    outer loop
      vertex -35.2375 -22.174 0
      vertex -35.1824 -22.0875 10.7
      vertex -35.1824 -22.0875 0
    endloop
  endfacet
  facet normal -0.843421 0.537254 0
    outer loop
      vertex -35.1824 -22.0875 10.7
      vertex -35.2375 -22.174 0
      vertex -35.2375 -22.174 10.7
    endloop
  endfacet
  facet normal 0.793276 -0.608862 0
    outer loop
      vertex -37.1625 -20.826 10.7
      vertex -37.1001 -20.7447 0
      vertex -37.1001 -20.7447 10.7
    endloop
  endfacet
  facet normal 0.793276 -0.608862 0
    outer loop
      vertex -37.1001 -20.7447 0
      vertex -37.1625 -20.826 10.7
      vertex -37.1625 -20.826 0
    endloop
  endfacet
  facet normal 0.887089 -0.461599 0
    outer loop
      vertex -37.2649 -21.0034 10.7
      vertex -37.2176 -20.9125 0
      vertex -37.2176 -20.9125 10.7
    endloop
  endfacet
  facet normal 0.887089 -0.461599 0
    outer loop
      vertex -37.2176 -20.9125 0
      vertex -37.2649 -21.0034 10.7
      vertex -37.2649 -21.0034 0
    endloop
  endfacet
  facet normal 0.537254 -0.843421 0
    outer loop
      vertex -36.874 -20.5375 0
      vertex -36.7875 -20.4824 10.7
      vertex -36.874 -20.5375 10.7
    endloop
  endfacet
  facet normal 0.537254 -0.843421 0
    outer loop
      vertex -36.7875 -20.4824 10.7
      vertex -36.874 -20.5375 0
      vertex -36.7875 -20.4824 0
    endloop
  endfacet
  facet normal 0.461599 -0.887089 0
    outer loop
      vertex -36.7875 -20.4824 0
      vertex -36.6966 -20.4351 10.7
      vertex -36.7875 -20.4824 10.7
    endloop
  endfacet
  facet normal 0.461599 -0.887089 0
    outer loop
      vertex -36.6966 -20.4351 10.7
      vertex -36.7875 -20.4824 0
      vertex -36.6966 -20.4351 0
    endloop
  endfacet
  facet normal -0.793276 0.608862 0
    outer loop
      vertex -35.2999 -22.2553 0
      vertex -35.2375 -22.174 10.7
      vertex -35.2375 -22.174 0
    endloop
  endfacet
  facet normal -0.793276 0.608862 0
    outer loop
      vertex -35.2375 -22.174 10.7
      vertex -35.2999 -22.2553 0
      vertex -35.2999 -22.2553 10.7
    endloop
  endfacet
  facet normal -0.976485 0.215587 0
    outer loop
      vertex -35.065 -21.8041 0
      vertex -35.0429 -21.704 10.7
      vertex -35.0429 -21.704 0
    endloop
  endfacet
  facet normal -0.976485 0.215587 0
    outer loop
      vertex -35.0429 -21.704 10.7
      vertex -35.065 -21.8041 0
      vertex -35.065 -21.8041 10.7
    endloop
  endfacet
  facet normal 0.991414 -0.130757 0
    outer loop
      vertex -37.3705 -21.3976 10.7
      vertex -37.3571 -21.296 0
      vertex -37.3571 -21.296 10.7
    endloop
  endfacet
  facet normal 0.991414 -0.130757 0
    outer loop
      vertex -37.3571 -21.296 0
      vertex -37.3705 -21.3976 10.7
      vertex -37.3705 -21.3976 0
    endloop
  endfacet
  facet normal 0.999036 -0.0439029 0
    outer loop
      vertex -37.375 -21.5 10.7
      vertex -37.3705 -21.3976 0
      vertex -37.3705 -21.3976 10.7
    endloop
  endfacet
  facet normal 0.999036 -0.0439029 0
    outer loop
      vertex -37.3705 -21.3976 0
      vertex -37.375 -21.5 10.7
      vertex -37.375 -21.5 0
    endloop
  endfacet
  facet normal -0.675725 0.737154 0
    outer loop
      vertex -35.3691 -22.3308 0
      vertex -35.4447 -22.4001 10.7
      vertex -35.3691 -22.3308 10.7
    endloop
  endfacet
  facet normal -0.675725 0.737154 0
    outer loop
      vertex -35.4447 -22.4001 10.7
      vertex -35.3691 -22.3308 0
      vertex -35.4447 -22.4001 0
    endloop
  endfacet
  facet normal -0.608862 0.793276 0
    outer loop
      vertex -35.4447 -22.4001 0
      vertex -35.526 -22.4625 10.7
      vertex -35.4447 -22.4001 10.7
    endloop
  endfacet
  facet normal -0.608862 0.793276 0
    outer loop
      vertex -35.526 -22.4625 10.7
      vertex -35.4447 -22.4001 0
      vertex -35.526 -22.4625 0
    endloop
  endfacet
  facet normal 0.130757 0.991414 -0
    outer loop
      vertex -36.3024 -22.6705 0
      vertex -36.404 -22.6571 10.7
      vertex -36.3024 -22.6705 10.7
    endloop
  endfacet
  facet normal 0.130757 0.991414 0
    outer loop
      vertex -36.404 -22.6571 10.7
      vertex -36.3024 -22.6705 0
      vertex -36.404 -22.6571 0
    endloop
  endfacet
  facet normal -0.73764 -0.675194 0
    outer loop
      vertex -35.2999 -20.7447 0
      vertex -35.3691 -20.6691 10.7
      vertex -35.3691 -20.6691 0
    endloop
  endfacet
  facet normal -0.73764 -0.675194 0
    outer loop
      vertex -35.3691 -20.6691 10.7
      vertex -35.2999 -20.7447 0
      vertex -35.2999 -20.7447 10.7
    endloop
  endfacet
  facet normal -0.675194 -0.73764 0
    outer loop
      vertex -35.4447 -20.5999 0
      vertex -35.3691 -20.6691 10.7
      vertex -35.4447 -20.5999 10.7
    endloop
  endfacet
  facet normal -0.675194 -0.73764 -0
    outer loop
      vertex -35.3691 -20.6691 10.7
      vertex -35.4447 -20.5999 0
      vertex -35.3691 -20.6691 0
    endloop
  endfacet
  facet normal -0.129798 -0.99154 0
    outer loop
      vertex -36.0976 -20.3295 0
      vertex -35.996 -20.3428 10.7
      vertex -36.0976 -20.3295 10.7
    endloop
  endfacet
  facet normal -0.129798 -0.99154 -0
    outer loop
      vertex -35.996 -20.3428 10.7
      vertex -36.0976 -20.3295 0
      vertex -35.996 -20.3428 0
    endloop
  endfacet
  facet normal 0.215587 0.976485 -0
    outer loop
      vertex -36.404 -22.6571 0
      vertex -36.5041 -22.635 10.7
      vertex -36.404 -22.6571 10.7
    endloop
  endfacet
  facet normal 0.215587 0.976485 0
    outer loop
      vertex -36.5041 -22.635 10.7
      vertex -36.404 -22.6571 0
      vertex -36.5041 -22.635 0
    endloop
  endfacet
  facet normal -0.216517 -0.976279 0
    outer loop
      vertex -35.996 -20.3428 0
      vertex -35.8959 -20.365 10.7
      vertex -35.996 -20.3428 10.7
    endloop
  endfacet
  facet normal -0.216517 -0.976279 -0
    outer loop
      vertex -35.8959 -20.365 10.7
      vertex -35.996 -20.3428 0
      vertex -35.8959 -20.365 0
    endloop
  endfacet
  facet normal -0.991414 -0.130757 0
    outer loop
      vertex 37.3705 -21.3976 0
      vertex 37.3571 -21.296 1.4
      vertex 37.3571 -21.296 0
    endloop
  endfacet
  facet normal -0.991414 -0.130757 0
    outer loop
      vertex 37.3571 -21.296 1.4
      vertex 37.3705 -21.3976 0
      vertex 37.3705 -21.3976 1.4
    endloop
  endfacet
  facet normal -0.991414 -0.130757 0
    outer loop
      vertex 37.3705 -21.3976 2.6
      vertex 37.3571 -21.296 10.7
      vertex 37.3571 -21.296 2.6
    endloop
  endfacet
  facet normal -0.991414 -0.130757 0
    outer loop
      vertex 37.3571 -21.296 10.7
      vertex 37.3705 -21.3976 2.6
      vertex 37.3705 -21.3976 10.7
    endloop
  endfacet
  facet normal -0.999036 -0.0439029 0
    outer loop
      vertex 37.375 -21.5 0
      vertex 37.3705 -21.3976 1.4
      vertex 37.3705 -21.3976 0
    endloop
  endfacet
  facet normal -0.999036 -0.0439029 0
    outer loop
      vertex 37.3705 -21.3976 1.4
      vertex 37.375 -21.5 0
      vertex 37.375 -21.5 1.4
    endloop
  endfacet
  facet normal -0.999036 -0.0439029 0
    outer loop
      vertex 37.375 -21.5 2.6
      vertex 37.3705 -21.3976 10.7
      vertex 37.3705 -21.3976 2.6
    endloop
  endfacet
  facet normal -0.999036 -0.0439029 0
    outer loop
      vertex 37.3705 -21.3976 10.7
      vertex 37.375 -21.5 2.6
      vertex 37.375 -21.5 10.7
    endloop
  endfacet
  facet normal -0.976485 -0.215587 0
    outer loop
      vertex 37.3571 -21.296 0
      vertex 37.335 -21.1959 1.4
      vertex 37.335 -21.1959 0
    endloop
  endfacet
  facet normal -0.976485 -0.215587 0
    outer loop
      vertex 37.335 -21.1959 1.4
      vertex 37.3571 -21.296 0
      vertex 37.3571 -21.296 1.4
    endloop
  endfacet
  facet normal -0.976485 -0.215587 0
    outer loop
      vertex 37.3571 -21.296 2.6
      vertex 37.335 -21.1959 10.7
      vertex 37.335 -21.1959 2.6
    endloop
  endfacet
  facet normal -0.976485 -0.215587 0
    outer loop
      vertex 37.335 -21.1959 10.7
      vertex 37.3571 -21.296 2.6
      vertex 37.3571 -21.296 10.7
    endloop
  endfacet
  facet normal -0.382467 -0.923969 0
    outer loop
      vertex 36.6019 -20.3959 0
      vertex 36.6966 -20.4351 1.4
      vertex 36.6019 -20.3959 1.4
    endloop
  endfacet
  facet normal -0.382467 -0.923969 -0
    outer loop
      vertex 36.6966 -20.4351 1.4
      vertex 36.6019 -20.3959 0
      vertex 36.6966 -20.4351 0
    endloop
  endfacet
  facet normal -0.382467 -0.923969 0
    outer loop
      vertex 36.6019 -20.3959 2.6
      vertex 36.6966 -20.4351 10.7
      vertex 36.6019 -20.3959 10.7
    endloop
  endfacet
  facet normal -0.382467 -0.923969 -0
    outer loop
      vertex 36.6966 -20.4351 10.7
      vertex 36.6019 -20.3959 2.6
      vertex 36.6966 -20.4351 2.6
    endloop
  endfacet
  facet normal 0.537254 0.843421 -0
    outer loop
      vertex 35.6125 -22.5176 0
      vertex 35.526 -22.4625 1.4
      vertex 35.6125 -22.5176 1.4
    endloop
  endfacet
  facet normal 0.537254 0.843421 0
    outer loop
      vertex 35.526 -22.4625 1.4
      vertex 35.6125 -22.5176 0
      vertex 35.526 -22.4625 0
    endloop
  endfacet
  facet normal 0.537254 0.843421 -0
    outer loop
      vertex 35.6125 -22.5176 2.6
      vertex 35.526 -22.4625 10.7
      vertex 35.6125 -22.5176 10.7
    endloop
  endfacet
  facet normal 0.537254 0.843421 0
    outer loop
      vertex 35.526 -22.4625 10.7
      vertex 35.6125 -22.5176 2.6
      vertex 35.526 -22.4625 2.6
    endloop
  endfacet
  facet normal 0.129798 -0.99154 0
    outer loop
      vertex 35.996 -20.3428 0
      vertex 36.0976 -20.3295 1.4
      vertex 35.996 -20.3428 1.4
    endloop
  endfacet
  facet normal 0.129798 -0.99154 0
    outer loop
      vertex 36.0976 -20.3295 1.4
      vertex 35.996 -20.3428 0
      vertex 36.0976 -20.3295 0
    endloop
  endfacet
  facet normal 0.129798 -0.99154 0
    outer loop
      vertex 35.996 -20.3428 2.6
      vertex 36.0976 -20.3295 10.7
      vertex 35.996 -20.3428 10.7
    endloop
  endfacet
  facet normal 0.129798 -0.99154 0
    outer loop
      vertex 36.0976 -20.3295 10.7
      vertex 35.996 -20.3428 2.6
      vertex 36.0976 -20.3295 2.6
    endloop
  endfacet
  facet normal 0.923969 0.382467 0
    outer loop
      vertex 35.1351 -21.9966 1.4
      vertex 35.0959 -21.9019 0
      vertex 35.0959 -21.9019 1.4
    endloop
  endfacet
  facet normal 0.923969 0.382467 0
    outer loop
      vertex 35.0959 -21.9019 0
      vertex 35.1351 -21.9966 1.4
      vertex 35.1351 -21.9966 0
    endloop
  endfacet
  facet normal 0.923969 0.382467 0
    outer loop
      vertex 35.1351 -21.9966 10.7
      vertex 35.0959 -21.9019 2.6
      vertex 35.0959 -21.9019 10.7
    endloop
  endfacet
  facet normal 0.923969 0.382467 0
    outer loop
      vertex 35.0959 -21.9019 2.6
      vertex 35.1351 -21.9966 10.7
      vertex 35.1351 -21.9966 2.6
    endloop
  endfacet
  facet normal 0.301271 -0.953538 0
    outer loop
      vertex 35.7981 -20.3959 0
      vertex 35.8959 -20.365 1.4
      vertex 35.7981 -20.3959 1.4
    endloop
  endfacet
  facet normal 0.301271 -0.953538 0
    outer loop
      vertex 35.8959 -20.365 1.4
      vertex 35.7981 -20.3959 0
      vertex 35.8959 -20.365 0
    endloop
  endfacet
  facet normal 0.301271 -0.953538 0
    outer loop
      vertex 35.7981 -20.3959 2.6
      vertex 35.8959 -20.365 10.7
      vertex 35.7981 -20.3959 10.7
    endloop
  endfacet
  facet normal 0.301271 -0.953538 0
    outer loop
      vertex 35.8959 -20.365 10.7
      vertex 35.7981 -20.3959 2.6
      vertex 35.8959 -20.365 2.6
    endloop
  endfacet
  facet normal -0.0439029 0.999036 0
    outer loop
      vertex 36.3024 -22.6705 0
      vertex 36.2 -22.675 1.4
      vertex 36.3024 -22.6705 1.4
    endloop
  endfacet
  facet normal -0.0439029 0.999036 0
    outer loop
      vertex 36.2 -22.675 1.4
      vertex 36.3024 -22.6705 0
      vertex 36.2 -22.675 0
    endloop
  endfacet
  facet normal -0.0439029 0.999036 0
    outer loop
      vertex 36.3024 -22.6705 2.6
      vertex 36.2 -22.675 10.7
      vertex 36.3024 -22.6705 10.7
    endloop
  endfacet
  facet normal -0.0439029 0.999036 0
    outer loop
      vertex 36.2 -22.675 10.7
      vertex 36.3024 -22.6705 2.6
      vertex 36.2 -22.675 2.6
    endloop
  endfacet
  facet normal -0.923969 0.382467 0
    outer loop
      vertex 37.2649 -21.9966 0
      vertex 37.3041 -21.9019 1.4
      vertex 37.3041 -21.9019 0
    endloop
  endfacet
  facet normal -0.923969 0.382467 0
    outer loop
      vertex 37.3041 -21.9019 1.4
      vertex 37.2649 -21.9966 0
      vertex 37.2649 -21.9966 1.4
    endloop
  endfacet
  facet normal -0.923969 0.382467 0
    outer loop
      vertex 37.2649 -21.9966 2.6
      vertex 37.3041 -21.9019 10.7
      vertex 37.3041 -21.9019 2.6
    endloop
  endfacet
  facet normal -0.923969 0.382467 0
    outer loop
      vertex 37.3041 -21.9019 10.7
      vertex 37.2649 -21.9966 2.6
      vertex 37.2649 -21.9966 10.7
    endloop
  endfacet
  facet normal -0.215587 0.976485 0
    outer loop
      vertex 36.5041 -22.635 0
      vertex 36.404 -22.6571 1.4
      vertex 36.5041 -22.635 1.4
    endloop
  endfacet
  facet normal -0.215587 0.976485 0
    outer loop
      vertex 36.404 -22.6571 1.4
      vertex 36.5041 -22.635 0
      vertex 36.404 -22.6571 0
    endloop
  endfacet
  facet normal -0.215587 0.976485 0
    outer loop
      vertex 36.5041 -22.635 2.6
      vertex 36.404 -22.6571 10.7
      vertex 36.5041 -22.635 10.7
    endloop
  endfacet
  facet normal -0.215587 0.976485 0
    outer loop
      vertex 36.404 -22.6571 10.7
      vertex 36.5041 -22.635 2.6
      vertex 36.404 -22.6571 2.6
    endloop
  endfacet
  facet normal 0.843421 -0.537254 0
    outer loop
      vertex 35.1824 -20.9125 1.4
      vertex 35.2375 -20.826 0
      vertex 35.2375 -20.826 1.4
    endloop
  endfacet
  facet normal 0.843421 -0.537254 0
    outer loop
      vertex 35.2375 -20.826 0
      vertex 35.1824 -20.9125 1.4
      vertex 35.1824 -20.9125 0
    endloop
  endfacet
  facet normal 0.843421 -0.537254 0
    outer loop
      vertex 35.1824 -20.9125 10.7
      vertex 35.2375 -20.826 2.6
      vertex 35.2375 -20.826 10.7
    endloop
  endfacet
  facet normal 0.843421 -0.537254 0
    outer loop
      vertex 35.2375 -20.826 2.6
      vertex 35.1824 -20.9125 10.7
      vertex 35.1824 -20.9125 2.6
    endloop
  endfacet
  facet normal -0.461599 0.887089 0
    outer loop
      vertex 36.7875 -22.5176 0
      vertex 36.6966 -22.5649 1.4
      vertex 36.7875 -22.5176 1.4
    endloop
  endfacet
  facet normal -0.461599 0.887089 0
    outer loop
      vertex 36.6966 -22.5649 1.4
      vertex 36.7875 -22.5176 0
      vertex 36.6966 -22.5649 0
    endloop
  endfacet
  facet normal -0.461599 0.887089 0
    outer loop
      vertex 36.7875 -22.5176 2.6
      vertex 36.6966 -22.5649 10.7
      vertex 36.7875 -22.5176 10.7
    endloop
  endfacet
  facet normal -0.461599 0.887089 0
    outer loop
      vertex 36.6966 -22.5649 10.7
      vertex 36.7875 -22.5176 2.6
      vertex 36.6966 -22.5649 2.6
    endloop
  endfacet
  facet normal -0.737154 -0.675725 0
    outer loop
      vertex 37.1001 -20.7447 0
      vertex 37.0308 -20.6691 1.4
      vertex 37.0308 -20.6691 0
    endloop
  endfacet
  facet normal -0.737154 -0.675725 0
    outer loop
      vertex 37.0308 -20.6691 1.4
      vertex 37.1001 -20.7447 0
      vertex 37.1001 -20.7447 1.4
    endloop
  endfacet
  facet normal -0.737154 -0.675725 0
    outer loop
      vertex 37.1001 -20.7447 2.6
      vertex 37.0308 -20.6691 10.7
      vertex 37.0308 -20.6691 2.6
    endloop
  endfacet
  facet normal -0.737154 -0.675725 0
    outer loop
      vertex 37.0308 -20.6691 10.7
      vertex 37.1001 -20.7447 2.6
      vertex 37.1001 -20.7447 10.7
    endloop
  endfacet
  facet normal -0.793276 0.608862 0
    outer loop
      vertex 37.1001 -22.2553 0
      vertex 37.1625 -22.174 1.4
      vertex 37.1625 -22.174 0
    endloop
  endfacet
  facet normal -0.793276 0.608862 0
    outer loop
      vertex 37.1625 -22.174 1.4
      vertex 37.1001 -22.2553 0
      vertex 37.1001 -22.2553 1.4
    endloop
  endfacet
  facet normal -0.793276 0.608862 0
    outer loop
      vertex 37.1001 -22.2553 2.6
      vertex 37.1625 -22.174 10.7
      vertex 37.1625 -22.174 2.6
    endloop
  endfacet
  facet normal -0.793276 0.608862 0
    outer loop
      vertex 37.1625 -22.174 10.7
      vertex 37.1001 -22.2553 2.6
      vertex 37.1001 -22.2553 10.7
    endloop
  endfacet
  facet normal 0.608862 -0.793276 0
    outer loop
      vertex 35.4447 -20.5999 0
      vertex 35.526 -20.5375 1.4
      vertex 35.4447 -20.5999 1.4
    endloop
  endfacet
  facet normal 0.608862 -0.793276 0
    outer loop
      vertex 35.526 -20.5375 1.4
      vertex 35.4447 -20.5999 0
      vertex 35.526 -20.5375 0
    endloop
  endfacet
  facet normal 0.608862 -0.793276 0
    outer loop
      vertex 35.4447 -20.5999 2.6
      vertex 35.526 -20.5375 10.7
      vertex 35.4447 -20.5999 10.7
    endloop
  endfacet
  facet normal 0.608862 -0.793276 0
    outer loop
      vertex 35.526 -20.5375 10.7
      vertex 35.4447 -20.5999 2.6
      vertex 35.526 -20.5375 2.6
    endloop
  endfacet
  facet normal -0.382467 0.923969 0
    outer loop
      vertex 36.6966 -22.5649 0
      vertex 36.6019 -22.6041 1.4
      vertex 36.6966 -22.5649 1.4
    endloop
  endfacet
  facet normal -0.382467 0.923969 0
    outer loop
      vertex 36.6019 -22.6041 1.4
      vertex 36.6966 -22.5649 0
      vertex 36.6019 -22.6041 0
    endloop
  endfacet
  facet normal -0.382467 0.923969 0
    outer loop
      vertex 36.6966 -22.5649 2.6
      vertex 36.6019 -22.6041 10.7
      vertex 36.6966 -22.5649 10.7
    endloop
  endfacet
  facet normal -0.382467 0.923969 0
    outer loop
      vertex 36.6019 -22.6041 10.7
      vertex 36.6966 -22.5649 2.6
      vertex 36.6019 -22.6041 2.6
    endloop
  endfacet
  facet normal 0.887089 -0.461599 0
    outer loop
      vertex 35.1351 -21.0034 1.4
      vertex 35.1824 -20.9125 0
      vertex 35.1824 -20.9125 1.4
    endloop
  endfacet
  facet normal 0.887089 -0.461599 0
    outer loop
      vertex 35.1824 -20.9125 0
      vertex 35.1351 -21.0034 1.4
      vertex 35.1351 -21.0034 0
    endloop
  endfacet
  facet normal 0.887089 -0.461599 0
    outer loop
      vertex 35.1351 -21.0034 10.7
      vertex 35.1824 -20.9125 2.6
      vertex 35.1824 -20.9125 10.7
    endloop
  endfacet
  facet normal 0.887089 -0.461599 0
    outer loop
      vertex 35.1824 -20.9125 2.6
      vertex 35.1351 -21.0034 10.7
      vertex 35.1351 -21.0034 2.6
    endloop
  endfacet
  facet normal -0.991414 0.130757 0
    outer loop
      vertex 37.3571 -21.704 0
      vertex 37.3705 -21.6024 1.4
      vertex 37.3705 -21.6024 0
    endloop
  endfacet
  facet normal -0.991414 0.130757 0
    outer loop
      vertex 37.3705 -21.6024 1.4
      vertex 37.3571 -21.704 0
      vertex 37.3571 -21.704 1.4
    endloop
  endfacet
  facet normal -0.991414 0.130757 0
    outer loop
      vertex 37.3571 -21.704 2.6
      vertex 37.3705 -21.6024 10.7
      vertex 37.3705 -21.6024 2.6
    endloop
  endfacet
  facet normal -0.991414 0.130757 0
    outer loop
      vertex 37.3705 -21.6024 10.7
      vertex 37.3571 -21.704 2.6
      vertex 37.3571 -21.704 10.7
    endloop
  endfacet
  facet normal -0.461599 -0.887089 0
    outer loop
      vertex 36.6966 -20.4351 0
      vertex 36.7875 -20.4824 1.4
      vertex 36.6966 -20.4351 1.4
    endloop
  endfacet
  facet normal -0.461599 -0.887089 -0
    outer loop
      vertex 36.7875 -20.4824 1.4
      vertex 36.6966 -20.4351 0
      vertex 36.7875 -20.4824 0
    endloop
  endfacet
  facet normal -0.461599 -0.887089 0
    outer loop
      vertex 36.6966 -20.4351 2.6
      vertex 36.7875 -20.4824 10.7
      vertex 36.6966 -20.4351 10.7
    endloop
  endfacet
  facet normal -0.461599 -0.887089 -0
    outer loop
      vertex 36.7875 -20.4824 10.7
      vertex 36.6966 -20.4351 2.6
      vertex 36.7875 -20.4824 2.6
    endloop
  endfacet
  facet normal -0.676211 0.736708 0
    outer loop
      vertex 37.0308 -22.3308 0
      vertex 36.9553 -22.4001 1.4
      vertex 37.0308 -22.3308 1.4
    endloop
  endfacet
  facet normal -0.676211 0.736708 0
    outer loop
      vertex 36.9553 -22.4001 1.4
      vertex 37.0308 -22.3308 0
      vertex 36.9553 -22.4001 0
    endloop
  endfacet
  facet normal -0.676211 0.736708 0
    outer loop
      vertex 37.0308 -22.3308 2.6
      vertex 36.9553 -22.4001 10.7
      vertex 37.0308 -22.3308 10.7
    endloop
  endfacet
  facet normal -0.676211 0.736708 0
    outer loop
      vertex 36.9553 -22.4001 10.7
      vertex 37.0308 -22.3308 2.6
      vertex 36.9553 -22.4001 2.6
    endloop
  endfacet
  facet normal 0.953538 0.301271 0
    outer loop
      vertex 35.0959 -21.9019 1.4
      vertex 35.065 -21.8041 0
      vertex 35.065 -21.8041 1.4
    endloop
  endfacet
  facet normal 0.953538 0.301271 0
    outer loop
      vertex 35.065 -21.8041 0
      vertex 35.0959 -21.9019 1.4
      vertex 35.0959 -21.9019 0
    endloop
  endfacet
  facet normal 0.953538 0.301271 0
    outer loop
      vertex 35.0959 -21.9019 10.7
      vertex 35.065 -21.8041 2.6
      vertex 35.065 -21.8041 10.7
    endloop
  endfacet
  facet normal 0.953538 0.301271 0
    outer loop
      vertex 35.065 -21.8041 2.6
      vertex 35.0959 -21.9019 10.7
      vertex 35.0959 -21.9019 2.6
    endloop
  endfacet
  facet normal 0.675725 0.737154 -0
    outer loop
      vertex 35.4447 -22.4001 0
      vertex 35.3691 -22.3308 1.4
      vertex 35.4447 -22.4001 1.4
    endloop
  endfacet
  facet normal 0.675725 0.737154 0
    outer loop
      vertex 35.3691 -22.3308 1.4
      vertex 35.4447 -22.4001 0
      vertex 35.3691 -22.3308 0
    endloop
  endfacet
  facet normal 0.675725 0.737154 -0
    outer loop
      vertex 35.4447 -22.4001 2.6
      vertex 35.3691 -22.3308 10.7
      vertex 35.4447 -22.4001 10.7
    endloop
  endfacet
  facet normal 0.675725 0.737154 0
    outer loop
      vertex 35.3691 -22.3308 10.7
      vertex 35.4447 -22.4001 2.6
      vertex 35.3691 -22.3308 2.6
    endloop
  endfacet
  facet normal -0.976485 0.215587 0
    outer loop
      vertex 37.335 -21.8041 0
      vertex 37.3571 -21.704 1.4
      vertex 37.3571 -21.704 0
    endloop
  endfacet
  facet normal -0.976485 0.215587 0
    outer loop
      vertex 37.3571 -21.704 1.4
      vertex 37.335 -21.8041 0
      vertex 37.335 -21.8041 1.4
    endloop
  endfacet
  facet normal -0.976485 0.215587 0
    outer loop
      vertex 37.335 -21.8041 2.6
      vertex 37.3571 -21.704 10.7
      vertex 37.3571 -21.704 2.6
    endloop
  endfacet
  facet normal -0.976485 0.215587 0
    outer loop
      vertex 37.3571 -21.704 10.7
      vertex 37.335 -21.8041 2.6
      vertex 37.335 -21.8041 10.7
    endloop
  endfacet
  facet normal 0.461599 -0.887089 0
    outer loop
      vertex 35.6125 -20.4824 0
      vertex 35.7034 -20.4351 1.4
      vertex 35.6125 -20.4824 1.4
    endloop
  endfacet
  facet normal 0.461599 -0.887089 0
    outer loop
      vertex 35.7034 -20.4351 1.4
      vertex 35.6125 -20.4824 0
      vertex 35.7034 -20.4351 0
    endloop
  endfacet
  facet normal 0.461599 -0.887089 0
    outer loop
      vertex 35.6125 -20.4824 2.6
      vertex 35.7034 -20.4351 10.7
      vertex 35.6125 -20.4824 10.7
    endloop
  endfacet
  facet normal 0.461599 -0.887089 0
    outer loop
      vertex 35.7034 -20.4351 10.7
      vertex 35.6125 -20.4824 2.6
      vertex 35.7034 -20.4351 2.6
    endloop
  endfacet
  facet normal 0.675194 -0.73764 0
    outer loop
      vertex 35.3691 -20.6691 0
      vertex 35.4447 -20.5999 1.4
      vertex 35.3691 -20.6691 1.4
    endloop
  endfacet
  facet normal 0.675194 -0.73764 0
    outer loop
      vertex 35.4447 -20.5999 1.4
      vertex 35.3691 -20.6691 0
      vertex 35.4447 -20.5999 0
    endloop
  endfacet
  facet normal 0.675194 -0.73764 0
    outer loop
      vertex 35.3691 -20.6691 2.6
      vertex 35.4447 -20.5999 10.7
      vertex 35.3691 -20.6691 10.7
    endloop
  endfacet
  facet normal 0.675194 -0.73764 0
    outer loop
      vertex 35.4447 -20.5999 10.7
      vertex 35.3691 -20.6691 2.6
      vertex 35.4447 -20.5999 2.6
    endloop
  endfacet
  facet normal -0.301271 0.953538 0
    outer loop
      vertex 36.6019 -22.6041 0
      vertex 36.5041 -22.635 1.4
      vertex 36.6019 -22.6041 1.4
    endloop
  endfacet
  facet normal -0.301271 0.953538 0
    outer loop
      vertex 36.5041 -22.635 1.4
      vertex 36.6019 -22.6041 0
      vertex 36.5041 -22.635 0
    endloop
  endfacet
  facet normal -0.301271 0.953538 0
    outer loop
      vertex 36.6019 -22.6041 2.6
      vertex 36.5041 -22.635 10.7
      vertex 36.6019 -22.6041 10.7
    endloop
  endfacet
  facet normal -0.301271 0.953538 0
    outer loop
      vertex 36.5041 -22.635 10.7
      vertex 36.6019 -22.6041 2.6
      vertex 36.5041 -22.635 2.6
    endloop
  endfacet
  facet normal 0.382467 -0.923969 0
    outer loop
      vertex 35.7034 -20.4351 0
      vertex 35.7981 -20.3959 1.4
      vertex 35.7034 -20.4351 1.4
    endloop
  endfacet
  facet normal 0.382467 -0.923969 0
    outer loop
      vertex 35.7981 -20.3959 1.4
      vertex 35.7034 -20.4351 0
      vertex 35.7981 -20.3959 0
    endloop
  endfacet
  facet normal 0.382467 -0.923969 0
    outer loop
      vertex 35.7034 -20.4351 2.6
      vertex 35.7981 -20.3959 10.7
      vertex 35.7034 -20.4351 10.7
    endloop
  endfacet
  facet normal 0.382467 -0.923969 0
    outer loop
      vertex 35.7981 -20.3959 10.7
      vertex 35.7034 -20.4351 2.6
      vertex 35.7981 -20.3959 2.6
    endloop
  endfacet
  facet normal -0.793276 -0.608862 0
    outer loop
      vertex 37.1625 -20.826 0
      vertex 37.1001 -20.7447 1.4
      vertex 37.1001 -20.7447 0
    endloop
  endfacet
  facet normal -0.793276 -0.608862 0
    outer loop
      vertex 37.1001 -20.7447 1.4
      vertex 37.1625 -20.826 0
      vertex 37.1625 -20.826 1.4
    endloop
  endfacet
  facet normal -0.793276 -0.608862 0
    outer loop
      vertex 37.1625 -20.826 2.6
      vertex 37.1001 -20.7447 10.7
      vertex 37.1001 -20.7447 2.6
    endloop
  endfacet
  facet normal -0.793276 -0.608862 0
    outer loop
      vertex 37.1001 -20.7447 10.7
      vertex 37.1625 -20.826 2.6
      vertex 37.1625 -20.826 10.7
    endloop
  endfacet
  facet normal 0.608862 0.793276 -0
    outer loop
      vertex 35.526 -22.4625 0
      vertex 35.4447 -22.4001 1.4
      vertex 35.526 -22.4625 1.4
    endloop
  endfacet
  facet normal 0.608862 0.793276 0
    outer loop
      vertex 35.4447 -22.4001 1.4
      vertex 35.526 -22.4625 0
      vertex 35.4447 -22.4001 0
    endloop
  endfacet
  facet normal 0.608862 0.793276 -0
    outer loop
      vertex 35.526 -22.4625 2.6
      vertex 35.4447 -22.4001 10.7
      vertex 35.526 -22.4625 10.7
    endloop
  endfacet
  facet normal 0.608862 0.793276 0
    outer loop
      vertex 35.4447 -22.4001 10.7
      vertex 35.526 -22.4625 2.6
      vertex 35.4447 -22.4001 2.6
    endloop
  endfacet
  facet normal 0.0439029 -0.999036 0
    outer loop
      vertex 36.0976 -20.3295 0
      vertex 36.2 -20.325 1.4
      vertex 36.0976 -20.3295 1.4
    endloop
  endfacet
  facet normal 0.0439029 -0.999036 0
    outer loop
      vertex 36.2 -20.325 1.4
      vertex 36.0976 -20.3295 0
      vertex 36.2 -20.325 0
    endloop
  endfacet
  facet normal 0.0439029 -0.999036 0
    outer loop
      vertex 36.0976 -20.3295 2.6
      vertex 36.2 -20.325 10.7
      vertex 36.0976 -20.3295 10.7
    endloop
  endfacet
  facet normal 0.0439029 -0.999036 0
    outer loop
      vertex 36.2 -20.325 10.7
      vertex 36.0976 -20.3295 2.6
      vertex 36.2 -20.325 2.6
    endloop
  endfacet
  facet normal -0.999036 0.0439029 0
    outer loop
      vertex 37.3705 -21.6024 0
      vertex 37.375 -21.5 1.4
      vertex 37.375 -21.5 0
    endloop
  endfacet
  facet normal -0.999036 0.0439029 0
    outer loop
      vertex 37.375 -21.5 1.4
      vertex 37.3705 -21.6024 0
      vertex 37.3705 -21.6024 1.4
    endloop
  endfacet
  facet normal -0.999036 0.0439029 0
    outer loop
      vertex 37.3705 -21.6024 2.6
      vertex 37.375 -21.5 10.7
      vertex 37.375 -21.5 2.6
    endloop
  endfacet
  facet normal -0.999036 0.0439029 0
    outer loop
      vertex 37.375 -21.5 10.7
      vertex 37.3705 -21.6024 2.6
      vertex 37.3705 -21.6024 10.7
    endloop
  endfacet
  facet normal 0.793276 -0.608862 0
    outer loop
      vertex 35.2375 -20.826 1.4
      vertex 35.2999 -20.7447 0
      vertex 35.2999 -20.7447 1.4
    endloop
  endfacet
  facet normal 0.793276 -0.608862 0
    outer loop
      vertex 35.2999 -20.7447 0
      vertex 35.2375 -20.826 1.4
      vertex 35.2375 -20.826 0
    endloop
  endfacet
  facet normal 0.793276 -0.608862 0
    outer loop
      vertex 35.2375 -20.826 10.7
      vertex 35.2999 -20.7447 2.6
      vertex 35.2999 -20.7447 10.7
    endloop
  endfacet
  facet normal 0.793276 -0.608862 0
    outer loop
      vertex 35.2999 -20.7447 2.6
      vertex 35.2375 -20.826 10.7
      vertex 35.2375 -20.826 2.6
    endloop
  endfacet
  facet normal 0.976485 -0.215587 0
    outer loop
      vertex 35.0429 -21.296 1.4
      vertex 35.065 -21.1959 0
      vertex 35.065 -21.1959 1.4
    endloop
  endfacet
  facet normal 0.976485 -0.215587 0
    outer loop
      vertex 35.065 -21.1959 0
      vertex 35.0429 -21.296 1.4
      vertex 35.0429 -21.296 0
    endloop
  endfacet
  facet normal 0.976485 -0.215587 0
    outer loop
      vertex 35.0429 -21.296 10.7
      vertex 35.065 -21.1959 2.6
      vertex 35.065 -21.1959 10.7
    endloop
  endfacet
  facet normal 0.976485 -0.215587 0
    outer loop
      vertex 35.065 -21.1959 2.6
      vertex 35.0429 -21.296 10.7
      vertex 35.0429 -21.296 2.6
    endloop
  endfacet
  facet normal -0.923969 -0.382467 0
    outer loop
      vertex 37.3041 -21.0981 0
      vertex 37.2649 -21.0034 1.4
      vertex 37.2649 -21.0034 0
    endloop
  endfacet
  facet normal -0.923969 -0.382467 0
    outer loop
      vertex 37.2649 -21.0034 1.4
      vertex 37.3041 -21.0981 0
      vertex 37.3041 -21.0981 1.4
    endloop
  endfacet
  facet normal -0.923969 -0.382467 0
    outer loop
      vertex 37.3041 -21.0981 2.6
      vertex 37.2649 -21.0034 10.7
      vertex 37.2649 -21.0034 2.6
    endloop
  endfacet
  facet normal -0.923969 -0.382467 0
    outer loop
      vertex 37.2649 -21.0034 10.7
      vertex 37.3041 -21.0981 2.6
      vertex 37.3041 -21.0981 10.7
    endloop
  endfacet
  facet normal -0.887089 0.461599 0
    outer loop
      vertex 37.2176 -22.0875 0
      vertex 37.2649 -21.9966 1.4
      vertex 37.2649 -21.9966 0
    endloop
  endfacet
  facet normal -0.887089 0.461599 0
    outer loop
      vertex 37.2649 -21.9966 1.4
      vertex 37.2176 -22.0875 0
      vertex 37.2176 -22.0875 1.4
    endloop
  endfacet
  facet normal -0.887089 0.461599 0
    outer loop
      vertex 37.2176 -22.0875 2.6
      vertex 37.2649 -21.9966 10.7
      vertex 37.2649 -21.9966 2.6
    endloop
  endfacet
  facet normal -0.887089 0.461599 0
    outer loop
      vertex 37.2649 -21.9966 10.7
      vertex 37.2176 -22.0875 2.6
      vertex 37.2176 -22.0875 10.7
    endloop
  endfacet
  facet normal -0.608862 -0.793276 0
    outer loop
      vertex 36.874 -20.5375 0
      vertex 36.9553 -20.5999 1.4
      vertex 36.874 -20.5375 1.4
    endloop
  endfacet
  facet normal -0.608862 -0.793276 -0
    outer loop
      vertex 36.9553 -20.5999 1.4
      vertex 36.874 -20.5375 0
      vertex 36.9553 -20.5999 0
    endloop
  endfacet
  facet normal -0.608862 -0.793276 0
    outer loop
      vertex 36.874 -20.5375 2.6
      vertex 36.9553 -20.5999 10.7
      vertex 36.874 -20.5375 10.7
    endloop
  endfacet
  facet normal -0.608862 -0.793276 -0
    outer loop
      vertex 36.9553 -20.5999 10.7
      vertex 36.874 -20.5375 2.6
      vertex 36.9553 -20.5999 2.6
    endloop
  endfacet
  facet normal 0.301271 0.953538 -0
    outer loop
      vertex 35.8959 -22.635 0
      vertex 35.7981 -22.6041 1.4
      vertex 35.8959 -22.635 1.4
    endloop
  endfacet
  facet normal 0.301271 0.953538 0
    outer loop
      vertex 35.7981 -22.6041 1.4
      vertex 35.8959 -22.635 0
      vertex 35.7981 -22.6041 0
    endloop
  endfacet
  facet normal 0.301271 0.953538 -0
    outer loop
      vertex 35.8959 -22.635 2.6
      vertex 35.7981 -22.6041 10.7
      vertex 35.8959 -22.635 10.7
    endloop
  endfacet
  facet normal 0.301271 0.953538 0
    outer loop
      vertex 35.7981 -22.6041 10.7
      vertex 35.8959 -22.635 2.6
      vertex 35.7981 -22.6041 2.6
    endloop
  endfacet
  facet normal -0.537254 -0.843421 0
    outer loop
      vertex 36.7875 -20.4824 0
      vertex 36.874 -20.5375 1.4
      vertex 36.7875 -20.4824 1.4
    endloop
  endfacet
  facet normal -0.537254 -0.843421 -0
    outer loop
      vertex 36.874 -20.5375 1.4
      vertex 36.7875 -20.4824 0
      vertex 36.874 -20.5375 0
    endloop
  endfacet
  facet normal -0.537254 -0.843421 0
    outer loop
      vertex 36.7875 -20.4824 2.6
      vertex 36.874 -20.5375 10.7
      vertex 36.7875 -20.4824 10.7
    endloop
  endfacet
  facet normal -0.537254 -0.843421 -0
    outer loop
      vertex 36.874 -20.5375 10.7
      vertex 36.7875 -20.4824 2.6
      vertex 36.874 -20.5375 2.6
    endloop
  endfacet
  facet normal -0.130757 0.991414 0
    outer loop
      vertex 36.404 -22.6571 0
      vertex 36.3024 -22.6705 1.4
      vertex 36.404 -22.6571 1.4
    endloop
  endfacet
  facet normal -0.130757 0.991414 0
    outer loop
      vertex 36.3024 -22.6705 1.4
      vertex 36.404 -22.6571 0
      vertex 36.3024 -22.6705 0
    endloop
  endfacet
  facet normal -0.130757 0.991414 0
    outer loop
      vertex 36.404 -22.6571 2.6
      vertex 36.3024 -22.6705 10.7
      vertex 36.404 -22.6571 10.7
    endloop
  endfacet
  facet normal -0.130757 0.991414 0
    outer loop
      vertex 36.3024 -22.6705 10.7
      vertex 36.404 -22.6571 2.6
      vertex 36.3024 -22.6705 2.6
    endloop
  endfacet
  facet normal -0.953538 -0.301271 0
    outer loop
      vertex 37.335 -21.1959 0
      vertex 37.3041 -21.0981 1.4
      vertex 37.3041 -21.0981 0
    endloop
  endfacet
  facet normal -0.953538 -0.301271 0
    outer loop
      vertex 37.3041 -21.0981 1.4
      vertex 37.335 -21.1959 0
      vertex 37.335 -21.1959 1.4
    endloop
  endfacet
  facet normal -0.953538 -0.301271 0
    outer loop
      vertex 37.335 -21.1959 2.6
      vertex 37.3041 -21.0981 10.7
      vertex 37.3041 -21.0981 2.6
    endloop
  endfacet
  facet normal -0.953538 -0.301271 0
    outer loop
      vertex 37.3041 -21.0981 10.7
      vertex 37.335 -21.1959 2.6
      vertex 37.335 -21.1959 10.7
    endloop
  endfacet
  facet normal -0.843421 0.537254 0
    outer loop
      vertex 37.1625 -22.174 0
      vertex 37.2176 -22.0875 1.4
      vertex 37.2176 -22.0875 0
    endloop
  endfacet
  facet normal -0.843421 0.537254 0
    outer loop
      vertex 37.2176 -22.0875 1.4
      vertex 37.1625 -22.174 0
      vertex 37.1625 -22.174 1.4
    endloop
  endfacet
  facet normal -0.843421 0.537254 0
    outer loop
      vertex 37.1625 -22.174 2.6
      vertex 37.2176 -22.0875 10.7
      vertex 37.2176 -22.0875 2.6
    endloop
  endfacet
  facet normal -0.843421 0.537254 0
    outer loop
      vertex 37.2176 -22.0875 10.7
      vertex 37.1625 -22.174 2.6
      vertex 37.1625 -22.174 10.7
    endloop
  endfacet
  facet normal -0.0439029 -0.999036 0
    outer loop
      vertex 36.2 -20.325 0
      vertex 36.3024 -20.3295 1.4
      vertex 36.2 -20.325 1.4
    endloop
  endfacet
  facet normal -0.0439029 -0.999036 -0
    outer loop
      vertex 36.3024 -20.3295 1.4
      vertex 36.2 -20.325 0
      vertex 36.3024 -20.3295 0
    endloop
  endfacet
  facet normal -0.0439029 -0.999036 0
    outer loop
      vertex 36.2 -20.325 2.6
      vertex 36.3024 -20.3295 10.7
      vertex 36.2 -20.325 10.7
    endloop
  endfacet
  facet normal -0.0439029 -0.999036 -0
    outer loop
      vertex 36.3024 -20.3295 10.7
      vertex 36.2 -20.325 2.6
      vertex 36.3024 -20.3295 2.6
    endloop
  endfacet
  facet normal -0.736708 0.676211 0
    outer loop
      vertex 37.0308 -22.3308 0
      vertex 37.1001 -22.2553 1.4
      vertex 37.1001 -22.2553 0
    endloop
  endfacet
  facet normal -0.736708 0.676211 0
    outer loop
      vertex 37.1001 -22.2553 1.4
      vertex 37.0308 -22.3308 0
      vertex 37.0308 -22.3308 1.4
    endloop
  endfacet
  facet normal -0.736708 0.676211 0
    outer loop
      vertex 37.0308 -22.3308 2.6
      vertex 37.1001 -22.2553 10.7
      vertex 37.1001 -22.2553 2.6
    endloop
  endfacet
  facet normal -0.736708 0.676211 0
    outer loop
      vertex 37.1001 -22.2553 10.7
      vertex 37.0308 -22.3308 2.6
      vertex 37.0308 -22.3308 10.7
    endloop
  endfacet
  facet normal 0.991414 -0.130757 0
    outer loop
      vertex 35.0295 -21.3976 1.4
      vertex 35.0429 -21.296 0
      vertex 35.0429 -21.296 1.4
    endloop
  endfacet
  facet normal 0.991414 -0.130757 0
    outer loop
      vertex 35.0429 -21.296 0
      vertex 35.0295 -21.3976 1.4
      vertex 35.0295 -21.3976 0
    endloop
  endfacet
  facet normal 0.991414 -0.130757 0
    outer loop
      vertex 35.0295 -21.3976 10.7
      vertex 35.0429 -21.296 2.6
      vertex 35.0429 -21.296 10.7
    endloop
  endfacet
  facet normal 0.991414 -0.130757 0
    outer loop
      vertex 35.0429 -21.296 2.6
      vertex 35.0295 -21.3976 10.7
      vertex 35.0295 -21.3976 2.6
    endloop
  endfacet
  facet normal 0.382467 0.923969 -0
    outer loop
      vertex 35.7981 -22.6041 0
      vertex 35.7034 -22.5649 1.4
      vertex 35.7981 -22.6041 1.4
    endloop
  endfacet
  facet normal 0.382467 0.923969 0
    outer loop
      vertex 35.7034 -22.5649 1.4
      vertex 35.7981 -22.6041 0
      vertex 35.7034 -22.5649 0
    endloop
  endfacet
  facet normal 0.382467 0.923969 -0
    outer loop
      vertex 35.7981 -22.6041 2.6
      vertex 35.7034 -22.5649 10.7
      vertex 35.7981 -22.6041 10.7
    endloop
  endfacet
  facet normal 0.382467 0.923969 0
    outer loop
      vertex 35.7034 -22.5649 10.7
      vertex 35.7981 -22.6041 2.6
      vertex 35.7034 -22.5649 2.6
    endloop
  endfacet
  facet normal -0.843421 -0.537254 0
    outer loop
      vertex 37.2176 -20.9125 0
      vertex 37.1625 -20.826 1.4
      vertex 37.1625 -20.826 0
    endloop
  endfacet
  facet normal -0.843421 -0.537254 0
    outer loop
      vertex 37.1625 -20.826 1.4
      vertex 37.2176 -20.9125 0
      vertex 37.2176 -20.9125 1.4
    endloop
  endfacet
  facet normal -0.843421 -0.537254 0
    outer loop
      vertex 37.2176 -20.9125 2.6
      vertex 37.1625 -20.826 10.7
      vertex 37.1625 -20.826 2.6
    endloop
  endfacet
  facet normal -0.843421 -0.537254 0
    outer loop
      vertex 37.1625 -20.826 10.7
      vertex 37.2176 -20.9125 2.6
      vertex 37.2176 -20.9125 10.7
    endloop
  endfacet
  facet normal 0.953538 -0.301271 0
    outer loop
      vertex 35.065 -21.1959 1.4
      vertex 35.0959 -21.0981 0
      vertex 35.0959 -21.0981 1.4
    endloop
  endfacet
  facet normal 0.953538 -0.301271 0
    outer loop
      vertex 35.0959 -21.0981 0
      vertex 35.065 -21.1959 1.4
      vertex 35.065 -21.1959 0
    endloop
  endfacet
  facet normal 0.953538 -0.301271 0
    outer loop
      vertex 35.065 -21.1959 10.7
      vertex 35.0959 -21.0981 2.6
      vertex 35.0959 -21.0981 10.7
    endloop
  endfacet
  facet normal 0.953538 -0.301271 0
    outer loop
      vertex 35.0959 -21.0981 2.6
      vertex 35.065 -21.1959 10.7
      vertex 35.065 -21.1959 2.6
    endloop
  endfacet
  facet normal 0.73764 -0.675194 0
    outer loop
      vertex 35.2999 -20.7447 1.4
      vertex 35.3691 -20.6691 0
      vertex 35.3691 -20.6691 1.4
    endloop
  endfacet
  facet normal 0.73764 -0.675194 0
    outer loop
      vertex 35.3691 -20.6691 0
      vertex 35.2999 -20.7447 1.4
      vertex 35.2999 -20.7447 0
    endloop
  endfacet
  facet normal 0.73764 -0.675194 0
    outer loop
      vertex 35.2999 -20.7447 10.7
      vertex 35.3691 -20.6691 2.6
      vertex 35.3691 -20.6691 10.7
    endloop
  endfacet
  facet normal 0.73764 -0.675194 0
    outer loop
      vertex 35.3691 -20.6691 2.6
      vertex 35.2999 -20.7447 10.7
      vertex 35.2999 -20.7447 2.6
    endloop
  endfacet
  facet normal -0.67568 -0.737195 0
    outer loop
      vertex 36.9553 -20.5999 0
      vertex 37.0308 -20.6691 1.4
      vertex 36.9553 -20.5999 1.4
    endloop
  endfacet
  facet normal -0.67568 -0.737195 -0
    outer loop
      vertex 37.0308 -20.6691 1.4
      vertex 36.9553 -20.5999 0
      vertex 37.0308 -20.6691 0
    endloop
  endfacet
  facet normal -0.67568 -0.737195 0
    outer loop
      vertex 36.9553 -20.5999 2.6
      vertex 37.0308 -20.6691 10.7
      vertex 36.9553 -20.5999 10.7
    endloop
  endfacet
  facet normal -0.67568 -0.737195 -0
    outer loop
      vertex 37.0308 -20.6691 10.7
      vertex 36.9553 -20.5999 2.6
      vertex 37.0308 -20.6691 2.6
    endloop
  endfacet
  facet normal 0.0439029 0.999036 -0
    outer loop
      vertex 36.2 -22.675 0
      vertex 36.0976 -22.6705 1.4
      vertex 36.2 -22.675 1.4
    endloop
  endfacet
  facet normal 0.0439029 0.999036 0
    outer loop
      vertex 36.0976 -22.6705 1.4
      vertex 36.2 -22.675 0
      vertex 36.0976 -22.6705 0
    endloop
  endfacet
  facet normal 0.0439029 0.999036 -0
    outer loop
      vertex 36.2 -22.675 2.6
      vertex 36.0976 -22.6705 10.7
      vertex 36.2 -22.675 10.7
    endloop
  endfacet
  facet normal 0.0439029 0.999036 0
    outer loop
      vertex 36.0976 -22.6705 10.7
      vertex 36.2 -22.675 2.6
      vertex 36.0976 -22.6705 2.6
    endloop
  endfacet
  facet normal 0.976485 0.215587 0
    outer loop
      vertex 35.065 -21.8041 1.4
      vertex 35.0429 -21.704 0
      vertex 35.0429 -21.704 1.4
    endloop
  endfacet
  facet normal 0.976485 0.215587 0
    outer loop
      vertex 35.0429 -21.704 0
      vertex 35.065 -21.8041 1.4
      vertex 35.065 -21.8041 0
    endloop
  endfacet
  facet normal 0.976485 0.215587 0
    outer loop
      vertex 35.065 -21.8041 10.7
      vertex 35.0429 -21.704 2.6
      vertex 35.0429 -21.704 10.7
    endloop
  endfacet
  facet normal 0.976485 0.215587 0
    outer loop
      vertex 35.0429 -21.704 2.6
      vertex 35.065 -21.8041 10.7
      vertex 35.065 -21.8041 2.6
    endloop
  endfacet
  facet normal 0.923969 -0.382467 0
    outer loop
      vertex 35.0959 -21.0981 1.4
      vertex 35.1351 -21.0034 0
      vertex 35.1351 -21.0034 1.4
    endloop
  endfacet
  facet normal 0.923969 -0.382467 0
    outer loop
      vertex 35.1351 -21.0034 0
      vertex 35.0959 -21.0981 1.4
      vertex 35.0959 -21.0981 0
    endloop
  endfacet
  facet normal 0.923969 -0.382467 0
    outer loop
      vertex 35.0959 -21.0981 10.7
      vertex 35.1351 -21.0034 2.6
      vertex 35.1351 -21.0034 10.7
    endloop
  endfacet
  facet normal 0.923969 -0.382467 0
    outer loop
      vertex 35.1351 -21.0034 2.6
      vertex 35.0959 -21.0981 10.7
      vertex 35.0959 -21.0981 2.6
    endloop
  endfacet
  facet normal 0.216517 -0.976279 0
    outer loop
      vertex 35.8959 -20.365 0
      vertex 35.996 -20.3428 1.4
      vertex 35.8959 -20.365 1.4
    endloop
  endfacet
  facet normal 0.216517 -0.976279 0
    outer loop
      vertex 35.996 -20.3428 1.4
      vertex 35.8959 -20.365 0
      vertex 35.996 -20.3428 0
    endloop
  endfacet
  facet normal 0.216517 -0.976279 0
    outer loop
      vertex 35.8959 -20.365 2.6
      vertex 35.996 -20.3428 10.7
      vertex 35.8959 -20.365 10.7
    endloop
  endfacet
  facet normal 0.216517 -0.976279 0
    outer loop
      vertex 35.996 -20.3428 10.7
      vertex 35.8959 -20.365 2.6
      vertex 35.996 -20.3428 2.6
    endloop
  endfacet
  facet normal 0.793276 0.608862 0
    outer loop
      vertex 35.2999 -22.2553 1.4
      vertex 35.2375 -22.174 0
      vertex 35.2375 -22.174 1.4
    endloop
  endfacet
  facet normal 0.793276 0.608862 0
    outer loop
      vertex 35.2375 -22.174 0
      vertex 35.2999 -22.2553 1.4
      vertex 35.2999 -22.2553 0
    endloop
  endfacet
  facet normal 0.793276 0.608862 0
    outer loop
      vertex 35.2999 -22.2553 10.7
      vertex 35.2375 -22.174 2.6
      vertex 35.2375 -22.174 10.7
    endloop
  endfacet
  facet normal 0.793276 0.608862 0
    outer loop
      vertex 35.2375 -22.174 2.6
      vertex 35.2999 -22.2553 10.7
      vertex 35.2999 -22.2553 2.6
    endloop
  endfacet
  facet normal 0.537254 -0.843421 0
    outer loop
      vertex 35.526 -20.5375 0
      vertex 35.6125 -20.4824 1.4
      vertex 35.526 -20.5375 1.4
    endloop
  endfacet
  facet normal 0.537254 -0.843421 0
    outer loop
      vertex 35.6125 -20.4824 1.4
      vertex 35.526 -20.5375 0
      vertex 35.6125 -20.4824 0
    endloop
  endfacet
  facet normal 0.537254 -0.843421 0
    outer loop
      vertex 35.526 -20.5375 2.6
      vertex 35.6125 -20.4824 10.7
      vertex 35.526 -20.5375 10.7
    endloop
  endfacet
  facet normal 0.537254 -0.843421 0
    outer loop
      vertex 35.6125 -20.4824 10.7
      vertex 35.526 -20.5375 2.6
      vertex 35.6125 -20.4824 2.6
    endloop
  endfacet
  facet normal 0.991414 0.130757 0
    outer loop
      vertex 35.0429 -21.704 1.4
      vertex 35.0295 -21.6024 0
      vertex 35.0295 -21.6024 1.4
    endloop
  endfacet
  facet normal 0.991414 0.130757 0
    outer loop
      vertex 35.0295 -21.6024 0
      vertex 35.0429 -21.704 1.4
      vertex 35.0429 -21.704 0
    endloop
  endfacet
  facet normal 0.991414 0.130757 0
    outer loop
      vertex 35.0429 -21.704 10.7
      vertex 35.0295 -21.6024 2.6
      vertex 35.0295 -21.6024 10.7
    endloop
  endfacet
  facet normal 0.991414 0.130757 0
    outer loop
      vertex 35.0295 -21.6024 2.6
      vertex 35.0429 -21.704 10.7
      vertex 35.0429 -21.704 2.6
    endloop
  endfacet
  facet normal -0.301271 -0.953538 0
    outer loop
      vertex 36.5041 -20.365 0
      vertex 36.6019 -20.3959 1.4
      vertex 36.5041 -20.365 1.4
    endloop
  endfacet
  facet normal -0.301271 -0.953538 -0
    outer loop
      vertex 36.6019 -20.3959 1.4
      vertex 36.5041 -20.365 0
      vertex 36.6019 -20.3959 0
    endloop
  endfacet
  facet normal -0.301271 -0.953538 0
    outer loop
      vertex 36.5041 -20.365 2.6
      vertex 36.6019 -20.3959 10.7
      vertex 36.5041 -20.365 10.7
    endloop
  endfacet
  facet normal -0.301271 -0.953538 -0
    outer loop
      vertex 36.6019 -20.3959 10.7
      vertex 36.5041 -20.365 2.6
      vertex 36.6019 -20.3959 2.6
    endloop
  endfacet
  facet normal -0.887089 -0.461599 0
    outer loop
      vertex 37.2649 -21.0034 0
      vertex 37.2176 -20.9125 1.4
      vertex 37.2176 -20.9125 0
    endloop
  endfacet
  facet normal -0.887089 -0.461599 0
    outer loop
      vertex 37.2176 -20.9125 1.4
      vertex 37.2649 -21.0034 0
      vertex 37.2649 -21.0034 1.4
    endloop
  endfacet
  facet normal -0.887089 -0.461599 0
    outer loop
      vertex 37.2649 -21.0034 2.6
      vertex 37.2176 -20.9125 10.7
      vertex 37.2176 -20.9125 2.6
    endloop
  endfacet
  facet normal -0.887089 -0.461599 0
    outer loop
      vertex 37.2176 -20.9125 10.7
      vertex 37.2649 -21.0034 2.6
      vertex 37.2649 -21.0034 10.7
    endloop
  endfacet
  facet normal -0.537254 0.843421 0
    outer loop
      vertex 36.874 -22.4625 0
      vertex 36.7875 -22.5176 1.4
      vertex 36.874 -22.4625 1.4
    endloop
  endfacet
  facet normal -0.537254 0.843421 0
    outer loop
      vertex 36.7875 -22.5176 1.4
      vertex 36.874 -22.4625 0
      vertex 36.7875 -22.5176 0
    endloop
  endfacet
  facet normal -0.537254 0.843421 0
    outer loop
      vertex 36.874 -22.4625 2.6
      vertex 36.7875 -22.5176 10.7
      vertex 36.874 -22.4625 10.7
    endloop
  endfacet
  facet normal -0.537254 0.843421 0
    outer loop
      vertex 36.7875 -22.5176 10.7
      vertex 36.874 -22.4625 2.6
      vertex 36.7875 -22.5176 2.6
    endloop
  endfacet
  facet normal -0.953538 0.301271 0
    outer loop
      vertex 37.3041 -21.9019 0
      vertex 37.335 -21.8041 1.4
      vertex 37.335 -21.8041 0
    endloop
  endfacet
  facet normal -0.953538 0.301271 0
    outer loop
      vertex 37.335 -21.8041 1.4
      vertex 37.3041 -21.9019 0
      vertex 37.3041 -21.9019 1.4
    endloop
  endfacet
  facet normal -0.953538 0.301271 0
    outer loop
      vertex 37.3041 -21.9019 2.6
      vertex 37.335 -21.8041 10.7
      vertex 37.335 -21.8041 2.6
    endloop
  endfacet
  facet normal -0.953538 0.301271 0
    outer loop
      vertex 37.335 -21.8041 10.7
      vertex 37.3041 -21.9019 2.6
      vertex 37.3041 -21.9019 10.7
    endloop
  endfacet
  facet normal 0.737195 0.67568 0
    outer loop
      vertex 35.3691 -22.3308 1.4
      vertex 35.2999 -22.2553 0
      vertex 35.2999 -22.2553 1.4
    endloop
  endfacet
  facet normal 0.737195 0.67568 0
    outer loop
      vertex 35.2999 -22.2553 0
      vertex 35.3691 -22.3308 1.4
      vertex 35.3691 -22.3308 0
    endloop
  endfacet
  facet normal 0.737195 0.67568 0
    outer loop
      vertex 35.3691 -22.3308 10.7
      vertex 35.2999 -22.2553 2.6
      vertex 35.2999 -22.2553 10.7
    endloop
  endfacet
  facet normal 0.737195 0.67568 0
    outer loop
      vertex 35.2999 -22.2553 2.6
      vertex 35.3691 -22.3308 10.7
      vertex 35.3691 -22.3308 2.6
    endloop
  endfacet
  facet normal 0.215587 0.976485 -0
    outer loop
      vertex 35.996 -22.6571 0
      vertex 35.8959 -22.635 1.4
      vertex 35.996 -22.6571 1.4
    endloop
  endfacet
  facet normal 0.215587 0.976485 0
    outer loop
      vertex 35.8959 -22.635 1.4
      vertex 35.996 -22.6571 0
      vertex 35.8959 -22.635 0
    endloop
  endfacet
  facet normal 0.215587 0.976485 -0
    outer loop
      vertex 35.996 -22.6571 2.6
      vertex 35.8959 -22.635 10.7
      vertex 35.996 -22.6571 10.7
    endloop
  endfacet
  facet normal 0.215587 0.976485 0
    outer loop
      vertex 35.8959 -22.635 10.7
      vertex 35.996 -22.6571 2.6
      vertex 35.8959 -22.635 2.6
    endloop
  endfacet
  facet normal -0.129798 -0.99154 0
    outer loop
      vertex 36.3024 -20.3295 0
      vertex 36.404 -20.3428 1.4
      vertex 36.3024 -20.3295 1.4
    endloop
  endfacet
  facet normal -0.129798 -0.99154 -0
    outer loop
      vertex 36.404 -20.3428 1.4
      vertex 36.3024 -20.3295 0
      vertex 36.404 -20.3428 0
    endloop
  endfacet
  facet normal -0.129798 -0.99154 0
    outer loop
      vertex 36.3024 -20.3295 2.6
      vertex 36.404 -20.3428 10.7
      vertex 36.3024 -20.3295 10.7
    endloop
  endfacet
  facet normal -0.129798 -0.99154 -0
    outer loop
      vertex 36.404 -20.3428 10.7
      vertex 36.3024 -20.3295 2.6
      vertex 36.404 -20.3428 2.6
    endloop
  endfacet
  facet normal 0.843421 0.537254 0
    outer loop
      vertex 35.2375 -22.174 1.4
      vertex 35.1824 -22.0875 0
      vertex 35.1824 -22.0875 1.4
    endloop
  endfacet
  facet normal 0.843421 0.537254 0
    outer loop
      vertex 35.1824 -22.0875 0
      vertex 35.2375 -22.174 1.4
      vertex 35.2375 -22.174 0
    endloop
  endfacet
  facet normal 0.843421 0.537254 0
    outer loop
      vertex 35.2375 -22.174 10.7
      vertex 35.1824 -22.0875 2.6
      vertex 35.1824 -22.0875 10.7
    endloop
  endfacet
  facet normal 0.843421 0.537254 0
    outer loop
      vertex 35.1824 -22.0875 2.6
      vertex 35.2375 -22.174 10.7
      vertex 35.2375 -22.174 2.6
    endloop
  endfacet
  facet normal 0.887089 0.461599 0
    outer loop
      vertex 35.1824 -22.0875 1.4
      vertex 35.1351 -21.9966 0
      vertex 35.1351 -21.9966 1.4
    endloop
  endfacet
  facet normal 0.887089 0.461599 0
    outer loop
      vertex 35.1351 -21.9966 0
      vertex 35.1824 -22.0875 1.4
      vertex 35.1824 -22.0875 0
    endloop
  endfacet
  facet normal 0.887089 0.461599 0
    outer loop
      vertex 35.1824 -22.0875 10.7
      vertex 35.1351 -21.9966 2.6
      vertex 35.1351 -21.9966 10.7
    endloop
  endfacet
  facet normal 0.887089 0.461599 0
    outer loop
      vertex 35.1351 -21.9966 2.6
      vertex 35.1824 -22.0875 10.7
      vertex 35.1824 -22.0875 2.6
    endloop
  endfacet
  facet normal 0.999036 -0.0439029 0
    outer loop
      vertex 35.025 -21.5 1.4
      vertex 35.0295 -21.3976 0
      vertex 35.0295 -21.3976 1.4
    endloop
  endfacet
  facet normal 0.999036 -0.0439029 0
    outer loop
      vertex 35.0295 -21.3976 0
      vertex 35.025 -21.5 1.4
      vertex 35.025 -21.5 0
    endloop
  endfacet
  facet normal 0.999036 -0.0439029 0
    outer loop
      vertex 35.025 -21.5 10.7
      vertex 35.0295 -21.3976 2.6
      vertex 35.0295 -21.3976 10.7
    endloop
  endfacet
  facet normal 0.999036 -0.0439029 0
    outer loop
      vertex 35.0295 -21.3976 2.6
      vertex 35.025 -21.5 10.7
      vertex 35.025 -21.5 2.6
    endloop
  endfacet
  facet normal 0.999036 0.0439029 0
    outer loop
      vertex 35.0295 -21.6024 1.4
      vertex 35.025 -21.5 0
      vertex 35.025 -21.5 1.4
    endloop
  endfacet
  facet normal 0.999036 0.0439029 0
    outer loop
      vertex 35.025 -21.5 0
      vertex 35.0295 -21.6024 1.4
      vertex 35.0295 -21.6024 0
    endloop
  endfacet
  facet normal 0.999036 0.0439029 0
    outer loop
      vertex 35.0295 -21.6024 10.7
      vertex 35.025 -21.5 2.6
      vertex 35.025 -21.5 10.7
    endloop
  endfacet
  facet normal 0.999036 0.0439029 0
    outer loop
      vertex 35.025 -21.5 2.6
      vertex 35.0295 -21.6024 10.7
      vertex 35.0295 -21.6024 2.6
    endloop
  endfacet
  facet normal -0.216517 -0.976279 0
    outer loop
      vertex 36.404 -20.3428 0
      vertex 36.5041 -20.365 1.4
      vertex 36.404 -20.3428 1.4
    endloop
  endfacet
  facet normal -0.216517 -0.976279 -0
    outer loop
      vertex 36.5041 -20.365 1.4
      vertex 36.404 -20.3428 0
      vertex 36.5041 -20.365 0
    endloop
  endfacet
  facet normal -0.216517 -0.976279 0
    outer loop
      vertex 36.404 -20.3428 2.6
      vertex 36.5041 -20.365 10.7
      vertex 36.404 -20.3428 10.7
    endloop
  endfacet
  facet normal -0.216517 -0.976279 -0
    outer loop
      vertex 36.5041 -20.365 10.7
      vertex 36.404 -20.3428 2.6
      vertex 36.5041 -20.365 2.6
    endloop
  endfacet
  facet normal 0.461599 0.887089 -0
    outer loop
      vertex 35.7034 -22.5649 0
      vertex 35.6125 -22.5176 1.4
      vertex 35.7034 -22.5649 1.4
    endloop
  endfacet
  facet normal 0.461599 0.887089 0
    outer loop
      vertex 35.6125 -22.5176 1.4
      vertex 35.7034 -22.5649 0
      vertex 35.6125 -22.5176 0
    endloop
  endfacet
  facet normal 0.461599 0.887089 -0
    outer loop
      vertex 35.7034 -22.5649 2.6
      vertex 35.6125 -22.5176 10.7
      vertex 35.7034 -22.5649 10.7
    endloop
  endfacet
  facet normal 0.461599 0.887089 0
    outer loop
      vertex 35.6125 -22.5176 10.7
      vertex 35.7034 -22.5649 2.6
      vertex 35.6125 -22.5176 2.6
    endloop
  endfacet
  facet normal -0.608862 0.793276 0
    outer loop
      vertex 36.9553 -22.4001 0
      vertex 36.874 -22.4625 1.4
      vertex 36.9553 -22.4001 1.4
    endloop
  endfacet
  facet normal -0.608862 0.793276 0
    outer loop
      vertex 36.874 -22.4625 1.4
      vertex 36.9553 -22.4001 0
      vertex 36.874 -22.4625 0
    endloop
  endfacet
  facet normal -0.608862 0.793276 0
    outer loop
      vertex 36.9553 -22.4001 2.6
      vertex 36.874 -22.4625 10.7
      vertex 36.9553 -22.4001 10.7
    endloop
  endfacet
  facet normal -0.608862 0.793276 0
    outer loop
      vertex 36.874 -22.4625 10.7
      vertex 36.9553 -22.4001 2.6
      vertex 36.874 -22.4625 2.6
    endloop
  endfacet
  facet normal 0.130757 0.991414 -0
    outer loop
      vertex 36.0976 -22.6705 0
      vertex 35.996 -22.6571 1.4
      vertex 36.0976 -22.6705 1.4
    endloop
  endfacet
  facet normal 0.130757 0.991414 0
    outer loop
      vertex 35.996 -22.6571 1.4
      vertex 36.0976 -22.6705 0
      vertex 35.996 -22.6571 0
    endloop
  endfacet
  facet normal 0.130757 0.991414 -0
    outer loop
      vertex 36.0976 -22.6705 2.6
      vertex 35.996 -22.6571 10.7
      vertex 36.0976 -22.6705 10.7
    endloop
  endfacet
  facet normal 0.130757 0.991414 0
    outer loop
      vertex 35.996 -22.6571 10.7
      vertex 36.0976 -22.6705 2.6
      vertex 35.996 -22.6571 2.6
    endloop
  endfacet
  facet normal -0.991444 -0.130532 0
    outer loop
      vertex 49.9087 0.0917377 1.4
      vertex 49.6354 2.16756 2.2
      vertex 49.6354 2.16756 1.4
    endloop
  endfacet
  facet normal -0.991444 -0.130532 0
    outer loop
      vertex 49.6354 2.16756 2.2
      vertex 49.9087 0.0917377 1.4
      vertex 49.9087 0.0917377 2.2
    endloop
  endfacet
  facet normal -0.999049 -0.0436064 0
    outer loop
      vertex 50 -2 1.4
      vertex 49.9087 0.0917377 2.2
      vertex 49.9087 0.0917377 1.4
    endloop
  endfacet
  facet normal -0.999049 -0.0436064 0
    outer loop
      vertex 49.9087 0.0917377 2.2
      vertex 50 -2 1.4
      vertex 50 -2 2.2
    endloop
  endfacet
  facet normal -0.976293 -0.216455 0
    outer loop
      vertex 49.6354 2.16756 1.4
      vertex 49.1822 4.21166 2.2
      vertex 49.1822 4.21166 1.4
    endloop
  endfacet
  facet normal -0.976293 -0.216455 0
    outer loop
      vertex 49.1822 4.21166 2.2
      vertex 49.6354 2.16756 1.4
      vertex 49.6354 2.16756 2.2
    endloop
  endfacet
  facet normal 0.88701 -0.46175 0
    outer loop
      vertex 4.24861 8.14284 2.2
      vertex 5.21539 10 1.4
      vertex 5.21539 10 2.2
    endloop
  endfacet
  facet normal 0.88701 -0.46175 0
    outer loop
      vertex 5.21539 10 1.4
      vertex 4.24861 8.14284 2.2
      vertex 4.24861 8.14284 1.4
    endloop
  endfacet
  facet normal 0.976296 -0.216441 0
    outer loop
      vertex 2.36461 2.16756 2.2
      vertex 2.81778 4.21166 1.4
      vertex 2.81778 4.21166 2.2
    endloop
  endfacet
  facet normal 0.976296 -0.216441 0
    outer loop
      vertex 2.81778 4.21166 1.4
      vertex 2.36461 2.16756 2.2
      vertex 2.36461 2.16756 1.4
    endloop
  endfacet
  facet normal -0.300711 0.953715 0
    outer loop
      vertex 34.2085 -24.5526 1.4
      vertex 32.2117 -25.1822 2.2
      vertex 34.2085 -24.5526 2.2
    endloop
  endfacet
  facet normal -0.300711 0.953715 0
    outer loop
      vertex 32.2117 -25.1822 2.2
      vertex 34.2085 -24.5526 1.4
      vertex 32.2117 -25.1822 1.4
    endloop
  endfacet
  facet normal 0.675589 0.737278 -0
    outer loop
      vertex 10.5731 -20.3851 1.4
      vertex 9.02944 -18.9706 2.2
      vertex 10.5731 -20.3851 2.2
    endloop
  endfacet
  facet normal 0.675589 0.737278 0
    outer loop
      vertex 9.02944 -18.9706 2.2
      vertex 10.5731 -20.3851 1.4
      vertex 9.02944 -18.9706 1.4
    endloop
  endfacet
  facet normal -0.793378 -0.608729 0
    outer loop
      vertex 45.6596 11.7658 1.4
      vertex 44.3851 13.4269 2.2
      vertex 44.3851 13.4269 1.4
    endloop
  endfacet
  facet normal -0.793378 -0.608729 0
    outer loop
      vertex 44.3851 13.4269 2.2
      vertex 45.6596 11.7658 1.4
      vertex 45.6596 11.7658 2.2
    endloop
  endfacet
  facet normal 0.300711 0.953715 -0
    outer loop
      vertex 19.7883 -25.1822 1.4
      vertex 17.7915 -24.5526 2.2
      vertex 19.7883 -25.1822 2.2
    endloop
  endfacet
  facet normal 0.300711 0.953715 0
    outer loop
      vertex 17.7915 -24.5526 2.2
      vertex 19.7883 -25.1822 1.4
      vertex 17.7915 -24.5526 1.4
    endloop
  endfacet
  facet normal 0.923881 -0.38268 0
    outer loop
      vertex 3.44738 6.20848 2.2
      vertex 4.24861 8.14284 1.4
      vertex 4.24861 8.14284 2.2
    endloop
  endfacet
  facet normal 0.923881 -0.38268 0
    outer loop
      vertex 4.24861 8.14284 1.4
      vertex 3.44738 6.20848 2.2
      vertex 3.44738 6.20848 1.4
    endloop
  endfacet
  facet normal -0.130527 -0.991445 0
    outer loop
      vertex 28.0917 21.9087 1.4
      vertex 30.1676 21.6354 2.6
      vertex 28.0917 21.9087 2.6
    endloop
  endfacet
  facet normal -0.130527 -0.991445 -0
    outer loop
      vertex 30.1676 21.6354 2.6
      vertex 28.0917 21.9087 1.4
      vertex 30.1676 21.6354 1.4
    endloop
  endfacet
  facet normal -0.991444 0.130532 0
    outer loop
      vertex 49.6354 -6.16756 1.4
      vertex 49.9087 -4.09174 2.2
      vertex 49.9087 -4.09174 1.4
    endloop
  endfacet
  facet normal -0.991444 0.130532 0
    outer loop
      vertex 49.9087 -4.09174 2.2
      vertex 49.6354 -6.16756 1.4
      vertex 49.6354 -6.16756 2.2
    endloop
  endfacet
  facet normal -0.793378 0.608729 0
    outer loop
      vertex 44.3851 -17.4269 1.4
      vertex 45.6596 -15.7658 2.2
      vertex 45.6596 -15.7658 1.4
    endloop
  endfacet
  facet normal -0.793378 0.608729 0
    outer loop
      vertex 45.6596 -15.7658 2.2
      vertex 44.3851 -17.4269 1.4
      vertex 44.3851 -17.4269 2.2
    endloop
  endfacet
  facet normal -0.67558 0.737287 0
    outer loop
      vertex 42.9706 -18.9706 1.4
      vertex 41.4269 -20.3851 2.2
      vertex 42.9706 -18.9706 2.2
    endloop
  endfacet
  facet normal -0.67558 0.737287 0
    outer loop
      vertex 41.4269 -20.3851 2.2
      vertex 42.9706 -18.9706 1.4
      vertex 41.4269 -20.3851 1.4
    endloop
  endfacet
  facet normal -0.0436072 -0.999049 0
    outer loop
      vertex 26 22 1.4
      vertex 28.0917 21.9087 2.6
      vertex 26 22 2.6
    endloop
  endfacet
  facet normal -0.0436072 -0.999049 -0
    outer loop
      vertex 28.0917 21.9087 2.6
      vertex 26 22 1.4
      vertex 28.0917 21.9087 1.4
    endloop
  endfacet
  facet normal 0.216455 -0.976293 0
    outer loop
      vertex 19.7883 21.1822 1.4
      vertex 21.8324 21.6354 2.2
      vertex 19.7883 21.1822 2.2
    endloop
  endfacet
  facet normal 0.216455 -0.976293 0
    outer loop
      vertex 21.8324 21.6354 2.2
      vertex 19.7883 21.1822 1.4
      vertex 21.8324 21.6354 1.4
    endloop
  endfacet
  facet normal -0.953716 -0.300708 0
    outer loop
      vertex 49.1822 4.21166 1.4
      vertex 48.5526 6.20848 2.2
      vertex 48.5526 6.20848 1.4
    endloop
  endfacet
  facet normal -0.953716 -0.300708 0
    outer loop
      vertex 48.5526 6.20848 2.2
      vertex 49.1822 4.21166 1.4
      vertex 49.1822 4.21166 2.2
    endloop
  endfacet
  facet normal -0.53732 -0.843378 0
    outer loop
      vertex 38 18.7846 1.4
      vertex 39.7658 17.6596 2.2
      vertex 38 18.7846 2.2
    endloop
  endfacet
  facet normal -0.53732 -0.843378 -0
    outer loop
      vertex 39.7658 17.6596 2.2
      vertex 38 18.7846 1.4
      vertex 39.7658 17.6596 1.4
    endloop
  endfacet
  facet normal -0.737287 0.67558 0
    outer loop
      vertex 42.9706 -18.9706 1.4
      vertex 44.3851 -17.4269 2.2
      vertex 44.3851 -17.4269 1.4
    endloop
  endfacet
  facet normal -0.737287 0.67558 0
    outer loop
      vertex 44.3851 -17.4269 2.2
      vertex 42.9706 -18.9706 1.4
      vertex 42.9706 -18.9706 2.2
    endloop
  endfacet
  facet normal 0.999048 -0.0436207 0
    outer loop
      vertex 2 -2 2.2
      vertex 2.09133 0.0917377 1.4
      vertex 2.09133 0.0917377 2.2
    endloop
  endfacet
  facet normal 0.999048 -0.0436207 0
    outer loop
      vertex 2.09133 0.0917377 1.4
      vertex 2 -2 2.2
      vertex 2 -2 1.4
    endloop
  endfacet
  facet normal 0 0 -1
    outer loop
      vertex 37.375 -21.5 2.6
      vertex 39.4 -21.5 2.6
      vertex 39.3878 -21.7789 2.6
    endloop
  endfacet
  facet normal 0 0 -1
    outer loop
      vertex 37.3705 -21.6024 2.6
      vertex 39.3878 -21.7789 2.6
      vertex 39.3704 -21.9116 2.6
    endloop
  endfacet
  facet normal 0 0 -1
    outer loop
      vertex 39.4 -21.5 2.6
      vertex 37.375 -21.5 2.6
      vertex 39.3878 -21.2211 2.6
    endloop
  endfacet
  facet normal 0 0 -1
    outer loop
      vertex 37.3705 -21.3976 2.6
      vertex 39.3878 -21.2211 2.6
      vertex 37.375 -21.5 2.6
    endloop
  endfacet
  facet normal 0 0 -1
    outer loop
      vertex 37.3571 -21.296 2.6
      vertex 39.3514 -20.9443 2.6
      vertex 37.3705 -21.3976 2.6
    endloop
  endfacet
  facet normal -0 0 -1
    outer loop
      vertex 39.3514 -20.9443 2.6
      vertex 37.3571 -21.296 2.6
      vertex 39.291 -20.6718 2.6
    endloop
  endfacet
  facet normal -0 0 -1
    outer loop
      vertex 39.291 -20.6718 2.6
      vertex 37.335 -21.1959 2.6
      vertex 39.207 -20.4055 2.6
    endloop
  endfacet
  facet normal 0 0 -1
    outer loop
      vertex 37.3041 -21.0981 2.6
      vertex 39.207 -20.4055 2.6
      vertex 37.335 -21.1959 2.6
    endloop
  endfacet
  facet normal 0 0 -1
    outer loop
      vertex 37.2649 -21.0034 2.6
      vertex 39.1002 -20.1476 2.6
      vertex 37.3041 -21.0981 2.6
    endloop
  endfacet
  facet normal -0 0 -1
    outer loop
      vertex 39.1002 -20.1476 2.6
      vertex 37.2649 -21.0034 2.6
      vertex 38.9713 -19.9 2.6
    endloop
  endfacet
  facet normal -0 0 -1
    outer loop
      vertex 38.9713 -19.9 2.6
      vertex 37.2176 -20.9125 2.6
      vertex 38.8213 -19.6646 2.6
    endloop
  endfacet
  facet normal 0 0 -1
    outer loop
      vertex 37.1625 -20.826 2.6
      vertex 38.8213 -19.6646 2.6
      vertex 37.2176 -20.9125 2.6
    endloop
  endfacet
  facet normal 0 0 -1
    outer loop
      vertex 37.3571 -21.704 2.6
      vertex 39.3704 -21.9116 2.6
      vertex 38 -22.7846 2.6
    endloop
  endfacet
  facet normal -0 0 -1
    outer loop
      vertex 39.207 -20.4055 2.6
      vertex 37.3041 -21.0981 2.6
      vertex 39.1002 -20.1476 2.6
    endloop
  endfacet
  facet normal 0 0 -1
    outer loop
      vertex 37.2176 -20.9125 2.6
      vertex 38.9713 -19.9 2.6
      vertex 37.2649 -21.0034 2.6
    endloop
  endfacet
  facet normal -0 0 -1
    outer loop
      vertex 39.3878 -21.2211 2.6
      vertex 37.3705 -21.3976 2.6
      vertex 39.3514 -20.9443 2.6
    endloop
  endfacet
  facet normal 0 0 -1
    outer loop
      vertex 39.3878 -21.7789 2.6
      vertex 37.3705 -21.6024 2.6
      vertex 37.375 -21.5 2.6
    endloop
  endfacet
  facet normal 0 0 -1
    outer loop
      vertex 39.3704 -21.9116 2.6
      vertex 37.3571 -21.704 2.6
      vertex 37.3705 -21.6024 2.6
    endloop
  endfacet
  facet normal 0 0 -1
    outer loop
      vertex 38 -22.7846 2.6
      vertex 37.335 -21.8041 2.6
      vertex 37.3571 -21.704 2.6
    endloop
  endfacet
  facet normal 0 0 -1
    outer loop
      vertex 38 -22.7846 2.6
      vertex 37.3041 -21.9019 2.6
      vertex 37.335 -21.8041 2.6
    endloop
  endfacet
  facet normal 0 0 -1
    outer loop
      vertex 38 -22.7846 2.6
      vertex 37.2649 -21.9966 2.6
      vertex 37.3041 -21.9019 2.6
    endloop
  endfacet
  facet normal 0 0 -1
    outer loop
      vertex 38 -22.7846 2.6
      vertex 37.2176 -22.0875 2.6
      vertex 37.2649 -21.9966 2.6
    endloop
  endfacet
  facet normal 0 0 -1
    outer loop
      vertex 38 -22.7846 2.6
      vertex 37.1625 -22.174 2.6
      vertex 37.2176 -22.0875 2.6
    endloop
  endfacet
  facet normal 0 0 -1
    outer loop
      vertex 38 -22.7846 2.6
      vertex 37.1001 -22.2553 2.6
      vertex 37.1625 -22.174 2.6
    endloop
  endfacet
  facet normal 0 0 -1
    outer loop
      vertex 38 -22.7846 2.6
      vertex 37.0308 -22.3308 2.6
      vertex 37.1001 -22.2553 2.6
    endloop
  endfacet
  facet normal 0 0 -1
    outer loop
      vertex 38 -22.7846 2.6
      vertex 36.9553 -22.4001 2.6
      vertex 37.0308 -22.3308 2.6
    endloop
  endfacet
  facet normal 0 0 -1
    outer loop
      vertex 38 -22.7846 2.6
      vertex 36.874 -22.4625 2.6
      vertex 36.9553 -22.4001 2.6
    endloop
  endfacet
  facet normal 0 0 -1
    outer loop
      vertex 38 -22.7846 2.6
      vertex 36.7875 -22.5176 2.6
      vertex 36.874 -22.4625 2.6
    endloop
  endfacet
  facet normal 0 0 -1
    outer loop
      vertex 38 -22.7846 2.6
      vertex 36.6966 -22.5649 2.6
      vertex 36.7875 -22.5176 2.6
    endloop
  endfacet
  facet normal 0 0 -1
    outer loop
      vertex 36.1428 -23.7514 2.6
      vertex 36.6966 -22.5649 2.6
      vertex 38 -22.7846 2.6
    endloop
  endfacet
  facet normal 0 0 -1
    outer loop
      vertex 36.6966 -22.5649 2.6
      vertex 36.1428 -23.7514 2.6
      vertex 36.6019 -22.6041 2.6
    endloop
  endfacet
  facet normal 0 0 -1
    outer loop
      vertex 36.6019 -22.6041 2.6
      vertex 36.1428 -23.7514 2.6
      vertex 36.5041 -22.635 2.6
    endloop
  endfacet
  facet normal 0 0 -1
    outer loop
      vertex 36.5041 -22.635 2.6
      vertex 36.1428 -23.7514 2.6
      vertex 36.404 -22.6571 2.6
    endloop
  endfacet
  facet normal 0 0 -1
    outer loop
      vertex 36.404 -22.6571 2.6
      vertex 36.1428 -23.7514 2.6
      vertex 36.3024 -22.6705 2.6
    endloop
  endfacet
  facet normal 0 0 -1
    outer loop
      vertex 36.3024 -22.6705 2.6
      vertex 36.1428 -23.7514 2.6
      vertex 36.2 -22.675 2.6
    endloop
  endfacet
  facet normal 0 0 -1
    outer loop
      vertex 36.1428 -23.7514 2.6
      vertex 36.0976 -22.6705 2.6
      vertex 36.2 -22.675 2.6
    endloop
  endfacet
  facet normal 0 0 -1
    outer loop
      vertex 36.1428 -23.7514 2.6
      vertex 35.996 -22.6571 2.6
      vertex 36.0976 -22.6705 2.6
    endloop
  endfacet
  facet normal 0 0 -1
    outer loop
      vertex 36.1428 -23.7514 2.6
      vertex 35.8959 -22.635 2.6
      vertex 35.996 -22.6571 2.6
    endloop
  endfacet
  facet normal 0 0 -1
    outer loop
      vertex 36.1428 -23.7514 2.6
      vertex 35.7981 -22.6041 2.6
      vertex 35.8959 -22.635 2.6
    endloop
  endfacet
  facet normal 0 0 -1
    outer loop
      vertex 36.1428 -23.7514 2.6
      vertex 35.7034 -22.5649 2.6
      vertex 35.7981 -22.6041 2.6
    endloop
  endfacet
  facet normal 0 0 -1
    outer loop
      vertex 36.1428 -23.7514 2.6
      vertex 35.6125 -22.5176 2.6
      vertex 35.7034 -22.5649 2.6
    endloop
  endfacet
  facet normal 0 0 -1
    outer loop
      vertex 34.7275 -24.3376 2.6
      vertex 35.6125 -22.5176 2.6
      vertex 36.1428 -23.7514 2.6
    endloop
  endfacet
  facet normal 0 0 -1
    outer loop
      vertex 34.6 -24.2713 2.6
      vertex 35.6125 -22.5176 2.6
      vertex 34.7275 -24.3376 2.6
    endloop
  endfacet
  facet normal -0 0 -1
    outer loop
      vertex 35.6125 -22.5176 2.6
      vertex 34.6 -24.2713 2.6
      vertex 35.526 -22.4625 2.6
    endloop
  endfacet
  facet normal -0 0 -1
    outer loop
      vertex 35.526 -22.4625 2.6
      vertex 34.3646 -24.1213 2.6
      vertex 35.4447 -22.4001 2.6
    endloop
  endfacet
  facet normal 0 0 -1
    outer loop
      vertex 34.1431 -23.9513 2.6
      vertex 35.4447 -22.4001 2.6
      vertex 34.3646 -24.1213 2.6
    endloop
  endfacet
  facet normal -0 0 -1
    outer loop
      vertex 35.4447 -22.4001 2.6
      vertex 34.1431 -23.9513 2.6
      vertex 35.3691 -22.3308 2.6
    endloop
  endfacet
  facet normal 0 0 -1
    outer loop
      vertex 33 -21.5 2.6
      vertex 35.025 -21.5 2.6
      vertex 35.0295 -21.6024 2.6
    endloop
  endfacet
  facet normal 0 0 -1
    outer loop
      vertex 34.3646 -24.1213 2.6
      vertex 35.526 -22.4625 2.6
      vertex 34.6 -24.2713 2.6
    endloop
  endfacet
  facet normal 0 0 -1
    outer loop
      vertex 33.9373 -23.7627 2.6
      vertex 35.3691 -22.3308 2.6
      vertex 34.1431 -23.9513 2.6
    endloop
  endfacet
  facet normal -0 0 -1
    outer loop
      vertex 35.3691 -22.3308 2.6
      vertex 33.9373 -23.7627 2.6
      vertex 35.2999 -22.2553 2.6
    endloop
  endfacet
  facet normal 0 0 -1
    outer loop
      vertex 33.7487 -23.5569 2.6
      vertex 35.2999 -22.2553 2.6
      vertex 33.9373 -23.7627 2.6
    endloop
  endfacet
  facet normal -0 0 -1
    outer loop
      vertex 35.2999 -22.2553 2.6
      vertex 33.7487 -23.5569 2.6
      vertex 35.2375 -22.174 2.6
    endloop
  endfacet
  facet normal 0 0 -1
    outer loop
      vertex 33.5787 -23.3354 2.6
      vertex 35.2375 -22.174 2.6
      vertex 33.7487 -23.5569 2.6
    endloop
  endfacet
  facet normal -0 0 -1
    outer loop
      vertex 35.2375 -22.174 2.6
      vertex 33.5787 -23.3354 2.6
      vertex 35.1824 -22.0875 2.6
    endloop
  endfacet
  facet normal 0 0 -1
    outer loop
      vertex 33.4287 -23.1 2.6
      vertex 35.1824 -22.0875 2.6
      vertex 33.5787 -23.3354 2.6
    endloop
  endfacet
  facet normal 0 0 -1
    outer loop
      vertex 35.025 -21.5 2.6
      vertex 34.6 -18.7287 2.6
      vertex 34.8476 -18.5998 2.6
    endloop
  endfacet
  facet normal -0 0 -1
    outer loop
      vertex 35.1824 -22.0875 2.6
      vertex 33.4287 -23.1 2.6
      vertex 35.1351 -21.9966 2.6
    endloop
  endfacet
  facet normal 0 0 -1
    outer loop
      vertex 35.025 -21.5 2.6
      vertex 34.3646 -18.8787 2.6
      vertex 34.6 -18.7287 2.6
    endloop
  endfacet
  facet normal 0 0 -1
    outer loop
      vertex 33.2998 -22.8524 2.6
      vertex 35.1351 -21.9966 2.6
      vertex 33.4287 -23.1 2.6
    endloop
  endfacet
  facet normal 0 0 -1
    outer loop
      vertex 35.025 -21.5 2.6
      vertex 34.1431 -19.0487 2.6
      vertex 34.3646 -18.8787 2.6
    endloop
  endfacet
  facet normal -0 0 -1
    outer loop
      vertex 35.1351 -21.9966 2.6
      vertex 33.2998 -22.8524 2.6
      vertex 35.0959 -21.9019 2.6
    endloop
  endfacet
  facet normal 0 0 -1
    outer loop
      vertex 35.025 -21.5 2.6
      vertex 33.9373 -19.2373 2.6
      vertex 34.1431 -19.0487 2.6
    endloop
  endfacet
  facet normal 0 0 -1
    outer loop
      vertex 33.193 -22.5945 2.6
      vertex 35.0959 -21.9019 2.6
      vertex 33.2998 -22.8524 2.6
    endloop
  endfacet
  facet normal 0 0 -1
    outer loop
      vertex 35.025 -21.5 2.6
      vertex 33.7487 -19.4431 2.6
      vertex 33.9373 -19.2373 2.6
    endloop
  endfacet
  facet normal -0 0 -1
    outer loop
      vertex 35.0959 -21.9019 2.6
      vertex 33.193 -22.5945 2.6
      vertex 35.065 -21.8041 2.6
    endloop
  endfacet
  facet normal 0 0 -1
    outer loop
      vertex 35.025 -21.5 2.6
      vertex 33.5787 -19.6646 2.6
      vertex 33.7487 -19.4431 2.6
    endloop
  endfacet
  facet normal 0 0 -1
    outer loop
      vertex 33.109 -22.3282 2.6
      vertex 35.065 -21.8041 2.6
      vertex 33.193 -22.5945 2.6
    endloop
  endfacet
  facet normal 0 0 -1
    outer loop
      vertex 35.025 -21.5 2.6
      vertex 33.4287 -19.9 2.6
      vertex 33.5787 -19.6646 2.6
    endloop
  endfacet
  facet normal -0 0 -1
    outer loop
      vertex 35.065 -21.8041 2.6
      vertex 33.109 -22.3282 2.6
      vertex 35.0429 -21.704 2.6
    endloop
  endfacet
  facet normal 0 0 -1
    outer loop
      vertex 35.025 -21.5 2.6
      vertex 33.2998 -20.1476 2.6
      vertex 33.4287 -19.9 2.6
    endloop
  endfacet
  facet normal 0 0 -1
    outer loop
      vertex 33.0486 -22.0557 2.6
      vertex 35.0429 -21.704 2.6
      vertex 33.109 -22.3282 2.6
    endloop
  endfacet
  facet normal 0 0 -1
    outer loop
      vertex 35.025 -21.5 2.6
      vertex 33.193 -20.4055 2.6
      vertex 33.2998 -20.1476 2.6
    endloop
  endfacet
  facet normal -0 0 -1
    outer loop
      vertex 35.0429 -21.704 2.6
      vertex 33.0486 -22.0557 2.6
      vertex 35.0295 -21.6024 2.6
    endloop
  endfacet
  facet normal 0 0 -1
    outer loop
      vertex 35.025 -21.5 2.6
      vertex 33.109 -20.6718 2.6
      vertex 33.193 -20.4055 2.6
    endloop
  endfacet
  facet normal 0 0 -1
    outer loop
      vertex 33.0122 -21.7789 2.6
      vertex 35.0295 -21.6024 2.6
      vertex 33.0486 -22.0557 2.6
    endloop
  endfacet
  facet normal 0 0 -1
    outer loop
      vertex 35.025 -21.5 2.6
      vertex 33.0486 -20.9443 2.6
      vertex 33.109 -20.6718 2.6
    endloop
  endfacet
  facet normal 0 0 -1
    outer loop
      vertex 33 -21.5 2.6
      vertex 35.0295 -21.6024 2.6
      vertex 33.0122 -21.7789 2.6
    endloop
  endfacet
  facet normal 0 0 -1
    outer loop
      vertex 35.025 -21.5 2.6
      vertex 33.0122 -21.2211 2.6
      vertex 33.0486 -20.9443 2.6
    endloop
  endfacet
  facet normal 0 0 -1
    outer loop
      vertex 35.025 -21.5 2.6
      vertex 33 -21.5 2.6
      vertex 33.0122 -21.2211 2.6
    endloop
  endfacet
  facet normal 0 0 -1
    outer loop
      vertex 37.335 -21.1959 2.6
      vertex 39.291 -20.6718 2.6
      vertex 37.3571 -21.296 2.6
    endloop
  endfacet
  facet normal -0 0 -1
    outer loop
      vertex 38.8213 -19.6646 2.6
      vertex 37.1625 -20.826 2.6
      vertex 38.6513 -19.4431 2.6
    endloop
  endfacet
  facet normal 0 0 -1
    outer loop
      vertex 37.1001 -20.7447 2.6
      vertex 38.6513 -19.4431 2.6
      vertex 37.1625 -20.826 2.6
    endloop
  endfacet
  facet normal -0 0 -1
    outer loop
      vertex 38.6513 -19.4431 2.6
      vertex 37.1001 -20.7447 2.6
      vertex 38.4627 -19.2373 2.6
    endloop
  endfacet
  facet normal 0 0 -1
    outer loop
      vertex 37.0308 -20.6691 2.6
      vertex 38.4627 -19.2373 2.6
      vertex 37.1001 -20.7447 2.6
    endloop
  endfacet
  facet normal -0 0 -1
    outer loop
      vertex 38.4627 -19.2373 2.6
      vertex 37.0308 -20.6691 2.6
      vertex 38.2569 -19.0487 2.6
    endloop
  endfacet
  facet normal 0 0 -1
    outer loop
      vertex 36.9553 -20.5999 2.6
      vertex 38.2569 -19.0487 2.6
      vertex 37.0308 -20.6691 2.6
    endloop
  endfacet
  facet normal -0 0 -1
    outer loop
      vertex 38.2569 -19.0487 2.6
      vertex 36.9553 -20.5999 2.6
      vertex 38.0354 -18.8787 2.6
    endloop
  endfacet
  facet normal 0 0 -1
    outer loop
      vertex 36.874 -20.5375 2.6
      vertex 38.0354 -18.8787 2.6
      vertex 36.9553 -20.5999 2.6
    endloop
  endfacet
  facet normal -0 0 -1
    outer loop
      vertex 38.0354 -18.8787 2.6
      vertex 36.874 -20.5375 2.6
      vertex 37.8 -18.7287 2.6
    endloop
  endfacet
  facet normal 0 0 -1
    outer loop
      vertex 36.7875 -20.4824 2.6
      vertex 37.8 -18.7287 2.6
      vertex 36.874 -20.5375 2.6
    endloop
  endfacet
  facet normal -0 0 -1
    outer loop
      vertex 37.8 -18.7287 2.6
      vertex 36.7875 -20.4824 2.6
      vertex 37.5524 -18.5998 2.6
    endloop
  endfacet
  facet normal 0 0 -1
    outer loop
      vertex 36.6966 -20.4351 2.6
      vertex 37.5524 -18.5998 2.6
      vertex 36.7875 -20.4824 2.6
    endloop
  endfacet
  facet normal -0 0 -1
    outer loop
      vertex 37.5524 -18.5998 2.6
      vertex 36.6966 -20.4351 2.6
      vertex 37.2945 -18.493 2.6
    endloop
  endfacet
  facet normal 0 0 -1
    outer loop
      vertex 36.6019 -20.3959 2.6
      vertex 37.2945 -18.493 2.6
      vertex 36.6966 -20.4351 2.6
    endloop
  endfacet
  facet normal -0 0 -1
    outer loop
      vertex 37.2945 -18.493 2.6
      vertex 36.6019 -20.3959 2.6
      vertex 37.0282 -18.409 2.6
    endloop
  endfacet
  facet normal 0 0 -1
    outer loop
      vertex 36.5041 -20.365 2.6
      vertex 37.0282 -18.409 2.6
      vertex 36.6019 -20.3959 2.6
    endloop
  endfacet
  facet normal -0 0 -1
    outer loop
      vertex 37.0282 -18.409 2.6
      vertex 36.5041 -20.365 2.6
      vertex 36.7557 -18.3486 2.6
    endloop
  endfacet
  facet normal 0 0 -1
    outer loop
      vertex 36.404 -20.3428 2.6
      vertex 36.7557 -18.3486 2.6
      vertex 36.5041 -20.365 2.6
    endloop
  endfacet
  facet normal -0 0 -1
    outer loop
      vertex 36.7557 -18.3486 2.6
      vertex 36.404 -20.3428 2.6
      vertex 36.4789 -18.3122 2.6
    endloop
  endfacet
  facet normal 0 0 -1
    outer loop
      vertex 36.3024 -20.3295 2.6
      vertex 36.4789 -18.3122 2.6
      vertex 36.404 -20.3428 2.6
    endloop
  endfacet
  facet normal 0 0 -1
    outer loop
      vertex 36.2 -20.325 2.6
      vertex 36.4789 -18.3122 2.6
      vertex 36.3024 -20.3295 2.6
    endloop
  endfacet
  facet normal 0 0 -1
    outer loop
      vertex 36.2 -20.325 2.6
      vertex 36.2 -18.3 2.6
      vertex 36.4789 -18.3122 2.6
    endloop
  endfacet
  facet normal 0 0 -1
    outer loop
      vertex 36.0976 -20.3295 2.6
      vertex 36.2 -18.3 2.6
      vertex 36.2 -20.325 2.6
    endloop
  endfacet
  facet normal 0 0 -1
    outer loop
      vertex 35.9211 -18.3122 2.6
      vertex 36.0976 -20.3295 2.6
      vertex 35.996 -20.3428 2.6
    endloop
  endfacet
  facet normal 0 0 -1
    outer loop
      vertex 36.0976 -20.3295 2.6
      vertex 35.9211 -18.3122 2.6
      vertex 36.2 -18.3 2.6
    endloop
  endfacet
  facet normal 0 0 -1
    outer loop
      vertex 35.6443 -18.3486 2.6
      vertex 35.996 -20.3428 2.6
      vertex 35.8959 -20.365 2.6
    endloop
  endfacet
  facet normal 0 0 -1
    outer loop
      vertex 35.3718 -18.409 2.6
      vertex 35.8959 -20.365 2.6
      vertex 35.7981 -20.3959 2.6
    endloop
  endfacet
  facet normal 0 0 -1
    outer loop
      vertex 35.1055 -18.493 2.6
      vertex 35.7981 -20.3959 2.6
      vertex 35.7034 -20.4351 2.6
    endloop
  endfacet
  facet normal 0 0 -1
    outer loop
      vertex 35.996 -20.3428 2.6
      vertex 35.6443 -18.3486 2.6
      vertex 35.9211 -18.3122 2.6
    endloop
  endfacet
  facet normal 0 0 -1
    outer loop
      vertex 34.8476 -18.5998 2.6
      vertex 35.7034 -20.4351 2.6
      vertex 35.6125 -20.4824 2.6
    endloop
  endfacet
  facet normal 0 0 -1
    outer loop
      vertex 34.8476 -18.5998 2.6
      vertex 35.6125 -20.4824 2.6
      vertex 35.526 -20.5375 2.6
    endloop
  endfacet
  facet normal 0 0 -1
    outer loop
      vertex 34.8476 -18.5998 2.6
      vertex 35.526 -20.5375 2.6
      vertex 35.4447 -20.5999 2.6
    endloop
  endfacet
  facet normal 0 0 -1
    outer loop
      vertex 35.8959 -20.365 2.6
      vertex 35.3718 -18.409 2.6
      vertex 35.6443 -18.3486 2.6
    endloop
  endfacet
  facet normal 0 0 -1
    outer loop
      vertex 34.8476 -18.5998 2.6
      vertex 35.4447 -20.5999 2.6
      vertex 35.3691 -20.6691 2.6
    endloop
  endfacet
  facet normal 0 0 -1
    outer loop
      vertex 34.8476 -18.5998 2.6
      vertex 35.3691 -20.6691 2.6
      vertex 35.2999 -20.7447 2.6
    endloop
  endfacet
  facet normal 0 0 -1
    outer loop
      vertex 34.8476 -18.5998 2.6
      vertex 35.2999 -20.7447 2.6
      vertex 35.2375 -20.826 2.6
    endloop
  endfacet
  facet normal 0 0 -1
    outer loop
      vertex 34.8476 -18.5998 2.6
      vertex 35.2375 -20.826 2.6
      vertex 35.1824 -20.9125 2.6
    endloop
  endfacet
  facet normal 0 0 -1
    outer loop
      vertex 34.8476 -18.5998 2.6
      vertex 35.1824 -20.9125 2.6
      vertex 35.1351 -21.0034 2.6
    endloop
  endfacet
  facet normal 0 0 -1
    outer loop
      vertex 35.7981 -20.3959 2.6
      vertex 35.1055 -18.493 2.6
      vertex 35.3718 -18.409 2.6
    endloop
  endfacet
  facet normal 0 0 -1
    outer loop
      vertex 34.8476 -18.5998 2.6
      vertex 35.1351 -21.0034 2.6
      vertex 35.0959 -21.0981 2.6
    endloop
  endfacet
  facet normal 0 0 -1
    outer loop
      vertex 34.8476 -18.5998 2.6
      vertex 35.0959 -21.0981 2.6
      vertex 35.065 -21.1959 2.6
    endloop
  endfacet
  facet normal 0 0 -1
    outer loop
      vertex 34.8476 -18.5998 2.6
      vertex 35.065 -21.1959 2.6
      vertex 35.0429 -21.296 2.6
    endloop
  endfacet
  facet normal 0 0 -1
    outer loop
      vertex 34.8476 -18.5998 2.6
      vertex 35.0429 -21.296 2.6
      vertex 35.0295 -21.3976 2.6
    endloop
  endfacet
  facet normal 0 0 -1
    outer loop
      vertex 34.8476 -18.5998 2.6
      vertex 35.0295 -21.3976 2.6
      vertex 35.025 -21.5 2.6
    endloop
  endfacet
  facet normal 0 0 -1
    outer loop
      vertex 35.7034 -20.4351 2.6
      vertex 34.8476 -18.5998 2.6
      vertex 35.1055 -18.493 2.6
    endloop
  endfacet
  facet normal 0 0 -1
    outer loop
      vertex 36.1428 19.7514 2.6
      vertex 37.8 18.7287 2.6
      vertex 37.5524 18.5998 2.6
    endloop
  endfacet
  facet normal 0 0 -1
    outer loop
      vertex 36.1428 19.7514 2.6
      vertex 37.5524 18.5998 2.6
      vertex 37.2945 18.493 2.6
    endloop
  endfacet
  facet normal 0 0 -1
    outer loop
      vertex 36.1428 19.7514 2.6
      vertex 37.2945 18.493 2.6
      vertex 37.0282 18.409 2.6
    endloop
  endfacet
  facet normal 0 0 -1
    outer loop
      vertex 36.1428 19.7514 2.6
      vertex 37.0282 18.409 2.6
      vertex 36.7557 18.3486 2.6
    endloop
  endfacet
  facet normal 0 0 -1
    outer loop
      vertex 36.1428 19.7514 2.6
      vertex 36.7557 18.3486 2.6
      vertex 36.4789 18.3122 2.6
    endloop
  endfacet
  facet normal 0 0 -1
    outer loop
      vertex 36.1428 19.7514 2.6
      vertex 36.4789 18.3122 2.6
      vertex 36.2 18.3 2.6
    endloop
  endfacet
  facet normal 0 0 -1
    outer loop
      vertex 37.8 18.7287 2.6
      vertex 36.1428 19.7514 2.6
      vertex 37.9382 18.8168 2.6
    endloop
  endfacet
  facet normal 0 0 -1
    outer loop
      vertex 35.9211 18.3122 2.6
      vertex 36.1428 19.7514 2.6
      vertex 36.2 18.3 2.6
    endloop
  endfacet
  facet normal 0 0 -1
    outer loop
      vertex 35.6443 18.3486 2.6
      vertex 36.1428 19.7514 2.6
      vertex 35.9211 18.3122 2.6
    endloop
  endfacet
  facet normal 0 0 -1
    outer loop
      vertex 35.3718 18.409 2.6
      vertex 36.1428 19.7514 2.6
      vertex 35.6443 18.3486 2.6
    endloop
  endfacet
  facet normal 0 0 -1
    outer loop
      vertex 35.1055 18.493 2.6
      vertex 36.1428 19.7514 2.6
      vertex 35.3718 18.409 2.6
    endloop
  endfacet
  facet normal 0 0 -1
    outer loop
      vertex 34.8476 18.5998 2.6
      vertex 36.1428 19.7514 2.6
      vertex 35.1055 18.493 2.6
    endloop
  endfacet
  facet normal 0 0 -1
    outer loop
      vertex 34.6 18.7287 2.6
      vertex 36.1428 19.7514 2.6
      vertex 34.8476 18.5998 2.6
    endloop
  endfacet
  facet normal 0 0 -1
    outer loop
      vertex 34.3646 18.8787 2.6
      vertex 36.1428 19.7514 2.6
      vertex 34.6 18.7287 2.6
    endloop
  endfacet
  facet normal 0 0 -1
    outer loop
      vertex 34.3646 18.8787 2.6
      vertex 34.2085 20.5526 2.6
      vertex 36.1428 19.7514 2.6
    endloop
  endfacet
  facet normal 0 0 -1
    outer loop
      vertex 34.1431 19.0487 2.6
      vertex 34.2085 20.5526 2.6
      vertex 34.3646 18.8787 2.6
    endloop
  endfacet
  facet normal 0 0 -1
    outer loop
      vertex 33.9373 19.2373 2.6
      vertex 34.2085 20.5526 2.6
      vertex 34.1431 19.0487 2.6
    endloop
  endfacet
  facet normal 0 0 -1
    outer loop
      vertex 33.7487 19.4431 2.6
      vertex 34.2085 20.5526 2.6
      vertex 33.9373 19.2373 2.6
    endloop
  endfacet
  facet normal 0 0 -1
    outer loop
      vertex 33.5787 19.6646 2.6
      vertex 34.2085 20.5526 2.6
      vertex 33.7487 19.4431 2.6
    endloop
  endfacet
  facet normal 0 0 -1
    outer loop
      vertex 33.4287 19.9 2.6
      vertex 34.2085 20.5526 2.6
      vertex 33.5787 19.6646 2.6
    endloop
  endfacet
  facet normal 0 0 -1
    outer loop
      vertex 33.2998 20.1476 2.6
      vertex 34.2085 20.5526 2.6
      vertex 33.4287 19.9 2.6
    endloop
  endfacet
  facet normal 0 0 -1
    outer loop
      vertex 33.193 20.4055 2.6
      vertex 34.2085 20.5526 2.6
      vertex 33.2998 20.1476 2.6
    endloop
  endfacet
  facet normal 0 0 -1
    outer loop
      vertex 33.109 20.6718 2.6
      vertex 34.2085 20.5526 2.6
      vertex 33.193 20.4055 2.6
    endloop
  endfacet
  facet normal 0 0 -1
    outer loop
      vertex 34.2085 20.5526 2.6
      vertex 33.109 20.6718 2.6
      vertex 33.0548 20.9164 2.6
    endloop
  endfacet
  facet normal 0 0 -1
    outer loop
      vertex 25 21 2.6
      vertex 32.2117 21.1822 2.6
      vertex 32.7896 21 2.6
    endloop
  endfacet
  facet normal -0 0 -1
    outer loop
      vertex 32.2117 21.1822 2.6
      vertex 25 21 2.6
      vertex 30.1676 21.6354 2.6
    endloop
  endfacet
  facet normal -0 0 -1
    outer loop
      vertex 30.1676 21.6354 2.6
      vertex 25 21 2.6
      vertex 28.0917 21.9087 2.6
    endloop
  endfacet
  facet normal -0 0 -1
    outer loop
      vertex 28.0917 21.9087 2.6
      vertex 25 21 2.6
      vertex 26 22 2.6
    endloop
  endfacet
  facet normal 0 0 -1
    outer loop
      vertex 26 22 2.6
      vertex 25 21 2.6
      vertex 25 21.9563 2.6
    endloop
  endfacet
  facet normal -0.976293 0.216455 0
    outer loop
      vertex 49.1822 -8.21166 1.4
      vertex 49.6354 -6.16756 2.2
      vertex 49.6354 -6.16756 1.4
    endloop
  endfacet
  facet normal -0.976293 0.216455 0
    outer loop
      vertex 49.6354 -6.16756 2.2
      vertex 49.1822 -8.21166 1.4
      vertex 49.1822 -8.21166 2.2
    endloop
  endfacet
  facet normal 0 0 1
    outer loop
      vertex 35.8959 -20.365 1.4
      vertex 50 -2 1.4
      vertex 49.9087 0.0917377 1.4
    endloop
  endfacet
  facet normal 0 0 1
    outer loop
      vertex 35.8959 -20.365 1.4
      vertex 49.9087 0.0917377 1.4
      vertex 49.6354 2.16756 1.4
    endloop
  endfacet
  facet normal 0 0 1
    outer loop
      vertex 50 -2 1.4
      vertex 35.8959 -20.365 1.4
      vertex 49.9087 -4.09174 1.4
    endloop
  endfacet
  facet normal 0 0 1
    outer loop
      vertex 35.8959 -20.365 1.4
      vertex 49.6354 2.16756 1.4
      vertex 49.1822 4.21166 1.4
    endloop
  endfacet
  facet normal 0 0 1
    outer loop
      vertex 49.9087 -4.09174 1.4
      vertex 35.8959 -20.365 1.4
      vertex 49.6354 -6.16756 1.4
    endloop
  endfacet
  facet normal 0 0 1
    outer loop
      vertex 35.7981 -20.3959 1.4
      vertex 49.1822 4.21166 1.4
      vertex 48.5526 6.20848 1.4
    endloop
  endfacet
  facet normal 0 -0 1
    outer loop
      vertex 35.996 -20.3428 1.4
      vertex 49.6354 -6.16756 1.4
      vertex 35.8959 -20.365 1.4
    endloop
  endfacet
  facet normal 0 0 1
    outer loop
      vertex 35.7981 -20.3959 1.4
      vertex 48.5526 6.20848 1.4
      vertex 47.7514 8.14284 1.4
    endloop
  endfacet
  facet normal 0 0 1
    outer loop
      vertex 49.6354 -6.16756 1.4
      vertex 35.996 -20.3428 1.4
      vertex 49.1822 -8.21166 1.4
    endloop
  endfacet
  facet normal 0 0 1
    outer loop
      vertex 35.7981 -20.3959 1.4
      vertex 47.7514 8.14284 1.4
      vertex 46.7846 10 1.4
    endloop
  endfacet
  facet normal 0 -0 1
    outer loop
      vertex 36.0976 -20.3295 1.4
      vertex 48.5526 -10.2085 1.4
      vertex 35.996 -20.3428 1.4
    endloop
  endfacet
  facet normal 0 0 1
    outer loop
      vertex 35.7981 -20.3959 1.4
      vertex 46.7846 10 1.4
      vertex 45.6596 11.7658 1.4
    endloop
  endfacet
  facet normal 0 0 1
    outer loop
      vertex 48.5526 -10.2085 1.4
      vertex 36.0976 -20.3295 1.4
      vertex 47.7514 -12.1428 1.4
    endloop
  endfacet
  facet normal 0 0 1
    outer loop
      vertex 35.7981 -20.3959 1.4
      vertex 45.6596 11.7658 1.4
      vertex 44.3851 13.4269 1.4
    endloop
  endfacet
  facet normal 0 0 1
    outer loop
      vertex 47.7514 -12.1428 1.4
      vertex 36.0976 -20.3295 1.4
      vertex 46.7846 -14 1.4
    endloop
  endfacet
  facet normal 0 0 1
    outer loop
      vertex 35.7981 -20.3959 1.4
      vertex 44.3851 13.4269 1.4
      vertex 42.9706 14.9706 1.4
    endloop
  endfacet
  facet normal 0 0 1
    outer loop
      vertex 46.7846 -14 1.4
      vertex 36.2 -20.325 1.4
      vertex 45.6596 -15.7658 1.4
    endloop
  endfacet
  facet normal 0 0 1
    outer loop
      vertex 35.7981 -20.3959 1.4
      vertex 42.9706 14.9706 1.4
      vertex 41.4269 16.3851 1.4
    endloop
  endfacet
  facet normal 0 0 1
    outer loop
      vertex 45.6596 -15.7658 1.4
      vertex 36.3024 -20.3295 1.4
      vertex 44.3851 -17.4269 1.4
    endloop
  endfacet
  facet normal 0 0 1
    outer loop
      vertex 35.7981 -20.3959 1.4
      vertex 41.4269 16.3851 1.4
      vertex 39.7658 17.6596 1.4
    endloop
  endfacet
  facet normal 0 0 1
    outer loop
      vertex 44.3851 -17.4269 1.4
      vertex 36.5041 -20.365 1.4
      vertex 42.9706 -18.9706 1.4
    endloop
  endfacet
  facet normal 0 0 1
    outer loop
      vertex 35.7034 -20.4351 1.4
      vertex 39.7658 17.6596 1.4
      vertex 38 18.7846 1.4
    endloop
  endfacet
  facet normal 0 0 1
    outer loop
      vertex 42.9706 -18.9706 1.4
      vertex 36.7875 -20.4824 1.4
      vertex 41.4269 -20.3851 1.4
    endloop
  endfacet
  facet normal -0 -0 1
    outer loop
      vertex 37.335 -21.1959 1.4
      vertex 39.7658 -21.6596 1.4
      vertex 37.3041 -21.0981 1.4
    endloop
  endfacet
  facet normal -0 0 1
    outer loop
      vertex 37.3705 -21.6024 1.4
      vertex 39.7658 -21.6596 1.4
      vertex 37.375 -21.5 1.4
    endloop
  endfacet
  facet normal -0 -0 1
    outer loop
      vertex 37.375 -21.5 1.4
      vertex 39.7658 -21.6596 1.4
      vertex 37.3705 -21.3976 1.4
    endloop
  endfacet
  facet normal -0 -0 1
    outer loop
      vertex 37.3705 -21.3976 1.4
      vertex 39.7658 -21.6596 1.4
      vertex 37.3571 -21.296 1.4
    endloop
  endfacet
  facet normal -0 -0 1
    outer loop
      vertex 37.3571 -21.296 1.4
      vertex 39.7658 -21.6596 1.4
      vertex 37.335 -21.1959 1.4
    endloop
  endfacet
  facet normal 0 0 1
    outer loop
      vertex 39.7658 -21.6596 1.4
      vertex 37.2649 -21.0034 1.4
      vertex 37.3041 -21.0981 1.4
    endloop
  endfacet
  facet normal 0 0 1
    outer loop
      vertex 39.7658 -21.6596 1.4
      vertex 37.2176 -20.9125 1.4
      vertex 37.2649 -21.0034 1.4
    endloop
  endfacet
  facet normal 0 0 1
    outer loop
      vertex 39.7658 -21.6596 1.4
      vertex 37.1625 -20.826 1.4
      vertex 37.2176 -20.9125 1.4
    endloop
  endfacet
  facet normal 0 0 1
    outer loop
      vertex 39.7658 -21.6596 1.4
      vertex 37.1001 -20.7447 1.4
      vertex 37.1625 -20.826 1.4
    endloop
  endfacet
  facet normal 0 0 1
    outer loop
      vertex 41.4269 -20.3851 1.4
      vertex 37.1001 -20.7447 1.4
      vertex 39.7658 -21.6596 1.4
    endloop
  endfacet
  facet normal 0 -0 1
    outer loop
      vertex 37.1001 -20.7447 1.4
      vertex 41.4269 -20.3851 1.4
      vertex 37.0308 -20.6691 1.4
    endloop
  endfacet
  facet normal 0 -0 1
    outer loop
      vertex 37.0308 -20.6691 1.4
      vertex 41.4269 -20.3851 1.4
      vertex 36.9553 -20.5999 1.4
    endloop
  endfacet
  facet normal 0 -0 1
    outer loop
      vertex 36.9553 -20.5999 1.4
      vertex 41.4269 -20.3851 1.4
      vertex 36.874 -20.5375 1.4
    endloop
  endfacet
  facet normal 0 -0 1
    outer loop
      vertex 36.874 -20.5375 1.4
      vertex 41.4269 -20.3851 1.4
      vertex 36.7875 -20.4824 1.4
    endloop
  endfacet
  facet normal 0 -0 1
    outer loop
      vertex 36.7875 -20.4824 1.4
      vertex 42.9706 -18.9706 1.4
      vertex 36.6966 -20.4351 1.4
    endloop
  endfacet
  facet normal 0 -0 1
    outer loop
      vertex 36.6966 -20.4351 1.4
      vertex 42.9706 -18.9706 1.4
      vertex 36.6019 -20.3959 1.4
    endloop
  endfacet
  facet normal 0 -0 1
    outer loop
      vertex 36.6019 -20.3959 1.4
      vertex 42.9706 -18.9706 1.4
      vertex 36.5041 -20.365 1.4
    endloop
  endfacet
  facet normal 0 -0 1
    outer loop
      vertex 36.5041 -20.365 1.4
      vertex 44.3851 -17.4269 1.4
      vertex 36.404 -20.3428 1.4
    endloop
  endfacet
  facet normal 0 -0 1
    outer loop
      vertex 36.404 -20.3428 1.4
      vertex 44.3851 -17.4269 1.4
      vertex 36.3024 -20.3295 1.4
    endloop
  endfacet
  facet normal 0 0 1
    outer loop
      vertex 35.7034 -20.4351 1.4
      vertex 38 18.7846 1.4
      vertex 36.1428 19.7514 1.4
    endloop
  endfacet
  facet normal 0 -0 1
    outer loop
      vertex 36.3024 -20.3295 1.4
      vertex 45.6596 -15.7658 1.4
      vertex 36.2 -20.325 1.4
    endloop
  endfacet
  facet normal 0 -0 1
    outer loop
      vertex 36.2 -20.325 1.4
      vertex 46.7846 -14 1.4
      vertex 36.0976 -20.3295 1.4
    endloop
  endfacet
  facet normal 0 0 1
    outer loop
      vertex 49.1822 -8.21166 1.4
      vertex 35.996 -20.3428 1.4
      vertex 48.5526 -10.2085 1.4
    endloop
  endfacet
  facet normal 0 0 1
    outer loop
      vertex 49.1822 4.21166 1.4
      vertex 35.7981 -20.3959 1.4
      vertex 35.8959 -20.365 1.4
    endloop
  endfacet
  facet normal 0 0 1
    outer loop
      vertex 39.7658 17.6596 1.4
      vertex 35.7034 -20.4351 1.4
      vertex 35.7981 -20.3959 1.4
    endloop
  endfacet
  facet normal 0 0 1
    outer loop
      vertex 34.2085 20.5526 1.4
      vertex 35.7034 -20.4351 1.4
      vertex 36.1428 19.7514 1.4
    endloop
  endfacet
  facet normal 0 0 1
    outer loop
      vertex 32.2117 21.1822 1.4
      vertex 35.7034 -20.4351 1.4
      vertex 34.2085 20.5526 1.4
    endloop
  endfacet
  facet normal 0 0 1
    outer loop
      vertex 30.1676 21.6354 1.4
      vertex 35.7034 -20.4351 1.4
      vertex 32.2117 21.1822 1.4
    endloop
  endfacet
  facet normal 0 0 1
    outer loop
      vertex 28.0917 21.9087 1.4
      vertex 35.7034 -20.4351 1.4
      vertex 30.1676 21.6354 1.4
    endloop
  endfacet
  facet normal 0 0 1
    outer loop
      vertex 26 22 1.4
      vertex 35.7034 -20.4351 1.4
      vertex 28.0917 21.9087 1.4
    endloop
  endfacet
  facet normal -0 0 1
    outer loop
      vertex 23.9083 21.9087 1.4
      vertex 35.7034 -20.4351 1.4
      vertex 26 22 1.4
    endloop
  endfacet
  facet normal -0 0 1
    outer loop
      vertex 21.8324 21.6354 1.4
      vertex 35.7034 -20.4351 1.4
      vertex 23.9083 21.9087 1.4
    endloop
  endfacet
  facet normal -0 0 1
    outer loop
      vertex 19.7883 21.1822 1.4
      vertex 35.7034 -20.4351 1.4
      vertex 21.8324 21.6354 1.4
    endloop
  endfacet
  facet normal -0 0 1
    outer loop
      vertex 17.7915 20.5526 1.4
      vertex 35.7034 -20.4351 1.4
      vertex 19.7883 21.1822 1.4
    endloop
  endfacet
  facet normal 0 0 1
    outer loop
      vertex 35.7034 -20.4351 1.4
      vertex 17.7915 20.5526 1.4
      vertex 35.6125 -20.4824 1.4
    endloop
  endfacet
  facet normal -0 0 1
    outer loop
      vertex 15.8572 19.7514 1.4
      vertex 35.6125 -20.4824 1.4
      vertex 17.7915 20.5526 1.4
    endloop
  endfacet
  facet normal -0 0 1
    outer loop
      vertex 14 18.7846 1.4
      vertex 35.6125 -20.4824 1.4
      vertex 15.8572 19.7514 1.4
    endloop
  endfacet
  facet normal -0 0 1
    outer loop
      vertex 12.2342 17.6596 1.4
      vertex 35.6125 -20.4824 1.4
      vertex 14 18.7846 1.4
    endloop
  endfacet
  facet normal -0 0 1
    outer loop
      vertex 10.5731 16.3851 1.4
      vertex 35.6125 -20.4824 1.4
      vertex 12.2342 17.6596 1.4
    endloop
  endfacet
  facet normal 0 0 1
    outer loop
      vertex 39.7658 -21.6596 1.4
      vertex 37.3705 -21.6024 1.4
      vertex 38 -22.7846 1.4
    endloop
  endfacet
  facet normal -0 0 1
    outer loop
      vertex 37.3571 -21.704 1.4
      vertex 38 -22.7846 1.4
      vertex 37.3705 -21.6024 1.4
    endloop
  endfacet
  facet normal -0 0 1
    outer loop
      vertex 37.335 -21.8041 1.4
      vertex 38 -22.7846 1.4
      vertex 37.3571 -21.704 1.4
    endloop
  endfacet
  facet normal -0 0 1
    outer loop
      vertex 37.3041 -21.9019 1.4
      vertex 38 -22.7846 1.4
      vertex 37.335 -21.8041 1.4
    endloop
  endfacet
  facet normal -0 0 1
    outer loop
      vertex 37.2649 -21.9966 1.4
      vertex 38 -22.7846 1.4
      vertex 37.3041 -21.9019 1.4
    endloop
  endfacet
  facet normal -0 0 1
    outer loop
      vertex 37.2176 -22.0875 1.4
      vertex 38 -22.7846 1.4
      vertex 37.2649 -21.9966 1.4
    endloop
  endfacet
  facet normal -0 0 1
    outer loop
      vertex 37.1625 -22.174 1.4
      vertex 38 -22.7846 1.4
      vertex 37.2176 -22.0875 1.4
    endloop
  endfacet
  facet normal -0 0 1
    outer loop
      vertex 37.1001 -22.2553 1.4
      vertex 38 -22.7846 1.4
      vertex 37.1625 -22.174 1.4
    endloop
  endfacet
  facet normal -0 0 1
    outer loop
      vertex 37.0308 -22.3308 1.4
      vertex 38 -22.7846 1.4
      vertex 37.1001 -22.2553 1.4
    endloop
  endfacet
  facet normal -0 0 1
    outer loop
      vertex 36.9553 -22.4001 1.4
      vertex 38 -22.7846 1.4
      vertex 37.0308 -22.3308 1.4
    endloop
  endfacet
  facet normal -0 0 1
    outer loop
      vertex 36.874 -22.4625 1.4
      vertex 38 -22.7846 1.4
      vertex 36.9553 -22.4001 1.4
    endloop
  endfacet
  facet normal -0 0 1
    outer loop
      vertex 36.7875 -22.5176 1.4
      vertex 38 -22.7846 1.4
      vertex 36.874 -22.4625 1.4
    endloop
  endfacet
  facet normal -0 0 1
    outer loop
      vertex 36.6966 -22.5649 1.4
      vertex 38 -22.7846 1.4
      vertex 36.7875 -22.5176 1.4
    endloop
  endfacet
  facet normal 0 0 1
    outer loop
      vertex 36.1428 -23.7514 1.4
      vertex 36.6966 -22.5649 1.4
      vertex 36.6019 -22.6041 1.4
    endloop
  endfacet
  facet normal 0 0 1
    outer loop
      vertex 36.1428 -23.7514 1.4
      vertex 36.6019 -22.6041 1.4
      vertex 36.5041 -22.635 1.4
    endloop
  endfacet
  facet normal 0 0 1
    outer loop
      vertex 36.1428 -23.7514 1.4
      vertex 36.5041 -22.635 1.4
      vertex 36.404 -22.6571 1.4
    endloop
  endfacet
  facet normal 0 0 1
    outer loop
      vertex 36.1428 -23.7514 1.4
      vertex 36.404 -22.6571 1.4
      vertex 36.3024 -22.6705 1.4
    endloop
  endfacet
  facet normal 0 0 1
    outer loop
      vertex 36.1428 -23.7514 1.4
      vertex 36.3024 -22.6705 1.4
      vertex 36.2 -22.675 1.4
    endloop
  endfacet
  facet normal 0 0 1
    outer loop
      vertex 36.6966 -22.5649 1.4
      vertex 36.1428 -23.7514 1.4
      vertex 38 -22.7846 1.4
    endloop
  endfacet
  facet normal 0 0 1
    outer loop
      vertex 36.0976 -22.6705 1.4
      vertex 36.1428 -23.7514 1.4
      vertex 36.2 -22.675 1.4
    endloop
  endfacet
  facet normal 0 0 1
    outer loop
      vertex 35.996 -22.6571 1.4
      vertex 36.1428 -23.7514 1.4
      vertex 36.0976 -22.6705 1.4
    endloop
  endfacet
  facet normal 0 0 1
    outer loop
      vertex 35.8959 -22.635 1.4
      vertex 36.1428 -23.7514 1.4
      vertex 35.996 -22.6571 1.4
    endloop
  endfacet
  facet normal 0 0 1
    outer loop
      vertex 35.7981 -22.6041 1.4
      vertex 36.1428 -23.7514 1.4
      vertex 35.8959 -22.635 1.4
    endloop
  endfacet
  facet normal 0 0 1
    outer loop
      vertex 35.7034 -22.5649 1.4
      vertex 36.1428 -23.7514 1.4
      vertex 35.7981 -22.6041 1.4
    endloop
  endfacet
  facet normal 0 0 1
    outer loop
      vertex 35.6125 -22.5176 1.4
      vertex 36.1428 -23.7514 1.4
      vertex 35.7034 -22.5649 1.4
    endloop
  endfacet
  facet normal 0 0 1
    outer loop
      vertex 34.2085 -24.5526 1.4
      vertex 35.6125 -22.5176 1.4
      vertex 35.526 -22.4625 1.4
    endloop
  endfacet
  facet normal 0 0 1
    outer loop
      vertex 34.2085 -24.5526 1.4
      vertex 35.526 -22.4625 1.4
      vertex 35.4447 -22.4001 1.4
    endloop
  endfacet
  facet normal 0 0 1
    outer loop
      vertex 34.2085 -24.5526 1.4
      vertex 35.4447 -22.4001 1.4
      vertex 35.3691 -22.3308 1.4
    endloop
  endfacet
  facet normal 0 0 1
    outer loop
      vertex 34.2085 -24.5526 1.4
      vertex 35.3691 -22.3308 1.4
      vertex 35.2999 -22.2553 1.4
    endloop
  endfacet
  facet normal 0 0 1
    outer loop
      vertex 34.2085 -24.5526 1.4
      vertex 35.2999 -22.2553 1.4
      vertex 35.2375 -22.174 1.4
    endloop
  endfacet
  facet normal 0 0 1
    outer loop
      vertex 34.2085 -24.5526 1.4
      vertex 35.2375 -22.174 1.4
      vertex 35.1824 -22.0875 1.4
    endloop
  endfacet
  facet normal 0 0 1
    outer loop
      vertex 35.6125 -22.5176 1.4
      vertex 34.2085 -24.5526 1.4
      vertex 36.1428 -23.7514 1.4
    endloop
  endfacet
  facet normal 0 0 1
    outer loop
      vertex 35.1351 -21.9966 1.4
      vertex 34.2085 -24.5526 1.4
      vertex 35.1824 -22.0875 1.4
    endloop
  endfacet
  facet normal 0 0 1
    outer loop
      vertex 35.0959 -21.9019 1.4
      vertex 34.2085 -24.5526 1.4
      vertex 35.1351 -21.9966 1.4
    endloop
  endfacet
  facet normal 0 0 1
    outer loop
      vertex 35.065 -21.8041 1.4
      vertex 34.2085 -24.5526 1.4
      vertex 35.0959 -21.9019 1.4
    endloop
  endfacet
  facet normal 0 0 1
    outer loop
      vertex 32.2117 -25.1822 1.4
      vertex 35.065 -21.8041 1.4
      vertex 35.0429 -21.704 1.4
    endloop
  endfacet
  facet normal 0 0 1
    outer loop
      vertex 32.2117 -25.1822 1.4
      vertex 35.0429 -21.704 1.4
      vertex 35.0295 -21.6024 1.4
    endloop
  endfacet
  facet normal 0 0 1
    outer loop
      vertex 32.2117 -25.1822 1.4
      vertex 35.0295 -21.6024 1.4
      vertex 35.025 -21.5 1.4
    endloop
  endfacet
  facet normal -0 0 1
    outer loop
      vertex 9.02944 14.9706 1.4
      vertex 35.6125 -20.4824 1.4
      vertex 10.5731 16.3851 1.4
    endloop
  endfacet
  facet normal -0 0 1
    outer loop
      vertex 7.61493 13.4269 1.4
      vertex 35.6125 -20.4824 1.4
      vertex 9.02944 14.9706 1.4
    endloop
  endfacet
  facet normal 0 0 1
    outer loop
      vertex 35.065 -21.8041 1.4
      vertex 32.2117 -25.1822 1.4
      vertex 34.2085 -24.5526 1.4
    endloop
  endfacet
  facet normal -0 0 1
    outer loop
      vertex 6.34035 11.7658 1.4
      vertex 35.6125 -20.4824 1.4
      vertex 7.61493 13.4269 1.4
    endloop
  endfacet
  facet normal 0 0 1
    outer loop
      vertex 35.0295 -21.3976 1.4
      vertex 32.2117 -25.1822 1.4
      vertex 35.025 -21.5 1.4
    endloop
  endfacet
  facet normal -0 0 1
    outer loop
      vertex 5.21539 10 1.4
      vertex 35.6125 -20.4824 1.4
      vertex 6.34035 11.7658 1.4
    endloop
  endfacet
  facet normal 0 -0 1
    outer loop
      vertex 32.2117 -25.1822 1.4
      vertex 35.0295 -21.3976 1.4
      vertex 30.1676 -25.6354 1.4
    endloop
  endfacet
  facet normal -0 0 1
    outer loop
      vertex 4.24861 8.14284 1.4
      vertex 35.6125 -20.4824 1.4
      vertex 5.21539 10 1.4
    endloop
  endfacet
  facet normal 0 0 1
    outer loop
      vertex 35.0429 -21.296 1.4
      vertex 30.1676 -25.6354 1.4
      vertex 35.0295 -21.3976 1.4
    endloop
  endfacet
  facet normal -0 0 1
    outer loop
      vertex 3.44738 6.20848 1.4
      vertex 35.6125 -20.4824 1.4
      vertex 4.24861 8.14284 1.4
    endloop
  endfacet
  facet normal 0 0 1
    outer loop
      vertex 35.065 -21.1959 1.4
      vertex 30.1676 -25.6354 1.4
      vertex 35.0429 -21.296 1.4
    endloop
  endfacet
  facet normal -0 0 1
    outer loop
      vertex 2.81778 4.21166 1.4
      vertex 35.6125 -20.4824 1.4
      vertex 3.44738 6.20848 1.4
    endloop
  endfacet
  facet normal 0 0 1
    outer loop
      vertex 35.0959 -21.0981 1.4
      vertex 30.1676 -25.6354 1.4
      vertex 35.065 -21.1959 1.4
    endloop
  endfacet
  facet normal -0 0 1
    outer loop
      vertex 2.36461 2.16756 1.4
      vertex 35.6125 -20.4824 1.4
      vertex 2.81778 4.21166 1.4
    endloop
  endfacet
  facet normal 0 -0 1
    outer loop
      vertex 30.1676 -25.6354 1.4
      vertex 35.0959 -21.0981 1.4
      vertex 28.0917 -25.9087 1.4
    endloop
  endfacet
  facet normal -0 0 1
    outer loop
      vertex 2.09133 0.0917377 1.4
      vertex 35.6125 -20.4824 1.4
      vertex 2.36461 2.16756 1.4
    endloop
  endfacet
  facet normal 0 0 1
    outer loop
      vertex 35.1351 -21.0034 1.4
      vertex 28.0917 -25.9087 1.4
      vertex 35.0959 -21.0981 1.4
    endloop
  endfacet
  facet normal 0 0 1
    outer loop
      vertex 35.6125 -20.4824 1.4
      vertex 2.09133 0.0917377 1.4
      vertex 35.526 -20.5375 1.4
    endloop
  endfacet
  facet normal 0 0 1
    outer loop
      vertex 35.1824 -20.9125 1.4
      vertex 28.0917 -25.9087 1.4
      vertex 35.1351 -21.0034 1.4
    endloop
  endfacet
  facet normal -0 0 1
    outer loop
      vertex 2.09133 -4.09174 1.4
      vertex 35.526 -20.5375 1.4
      vertex 2.09133 0.0917377 1.4
    endloop
  endfacet
  facet normal 0 -0 1
    outer loop
      vertex 28.0917 -25.9087 1.4
      vertex 35.1824 -20.9125 1.4
      vertex 26 -26 1.4
    endloop
  endfacet
  facet normal -0 -0 1
    outer loop
      vertex 2.36461 -6.16756 1.4
      vertex 35.526 -20.5375 1.4
      vertex 2.09133 -4.09174 1.4
    endloop
  endfacet
  facet normal 0 0 1
    outer loop
      vertex 35.2375 -20.826 1.4
      vertex 26 -26 1.4
      vertex 35.1824 -20.9125 1.4
    endloop
  endfacet
  facet normal -0 -0 1
    outer loop
      vertex 2.81778 -8.21166 1.4
      vertex 35.526 -20.5375 1.4
      vertex 2.36461 -6.16756 1.4
    endloop
  endfacet
  facet normal 0 -0 1
    outer loop
      vertex 26 -26 1.4
      vertex 35.2375 -20.826 1.4
      vertex 23.9083 -25.9087 1.4
    endloop
  endfacet
  facet normal -0 -0 1
    outer loop
      vertex 3.44738 -10.2085 1.4
      vertex 35.526 -20.5375 1.4
      vertex 2.81778 -8.21166 1.4
    endloop
  endfacet
  facet normal 0 0 1
    outer loop
      vertex 35.2999 -20.7447 1.4
      vertex 23.9083 -25.9087 1.4
      vertex 35.2375 -20.826 1.4
    endloop
  endfacet
  facet normal -0 -0 1
    outer loop
      vertex 4.24861 -12.1428 1.4
      vertex 35.526 -20.5375 1.4
      vertex 3.44738 -10.2085 1.4
    endloop
  endfacet
  facet normal 0 -0 1
    outer loop
      vertex 23.9083 -25.9087 1.4
      vertex 35.2999 -20.7447 1.4
      vertex 21.8324 -25.6354 1.4
    endloop
  endfacet
  facet normal -0 -0 1
    outer loop
      vertex 5.21539 -14 1.4
      vertex 35.526 -20.5375 1.4
      vertex 4.24861 -12.1428 1.4
    endloop
  endfacet
  facet normal 0 -0 1
    outer loop
      vertex 21.8324 -25.6354 1.4
      vertex 35.2999 -20.7447 1.4
      vertex 19.7883 -25.1822 1.4
    endloop
  endfacet
  facet normal -0 -0 1
    outer loop
      vertex 6.34035 -15.7658 1.4
      vertex 35.526 -20.5375 1.4
      vertex 5.21539 -14 1.4
    endloop
  endfacet
  facet normal 0 0 1
    outer loop
      vertex 35.3691 -20.6691 1.4
      vertex 19.7883 -25.1822 1.4
      vertex 35.2999 -20.7447 1.4
    endloop
  endfacet
  facet normal -0 -0 1
    outer loop
      vertex 7.61493 -17.4269 1.4
      vertex 35.526 -20.5375 1.4
      vertex 6.34035 -15.7658 1.4
    endloop
  endfacet
  facet normal 0 -0 1
    outer loop
      vertex 19.7883 -25.1822 1.4
      vertex 35.3691 -20.6691 1.4
      vertex 17.7915 -24.5526 1.4
    endloop
  endfacet
  facet normal 0 0 1
    outer loop
      vertex 35.526 -20.5375 1.4
      vertex 7.61493 -17.4269 1.4
      vertex 35.4447 -20.5999 1.4
    endloop
  endfacet
  facet normal 0 -0 1
    outer loop
      vertex 17.7915 -24.5526 1.4
      vertex 35.3691 -20.6691 1.4
      vertex 15.8572 -23.7514 1.4
    endloop
  endfacet
  facet normal -0 -0 1
    outer loop
      vertex 9.02944 -18.9706 1.4
      vertex 35.4447 -20.5999 1.4
      vertex 7.61493 -17.4269 1.4
    endloop
  endfacet
  facet normal 0 -0 1
    outer loop
      vertex 15.8572 -23.7514 1.4
      vertex 35.3691 -20.6691 1.4
      vertex 14 -22.7846 1.4
    endloop
  endfacet
  facet normal -0 -0 1
    outer loop
      vertex 10.5731 -20.3851 1.4
      vertex 35.4447 -20.5999 1.4
      vertex 9.02944 -18.9706 1.4
    endloop
  endfacet
  facet normal 0 0 1
    outer loop
      vertex 35.4447 -20.5999 1.4
      vertex 14 -22.7846 1.4
      vertex 35.3691 -20.6691 1.4
    endloop
  endfacet
  facet normal 0 -0 1
    outer loop
      vertex 12.2342 -21.6596 1.4
      vertex 35.4447 -20.5999 1.4
      vertex 10.5731 -20.3851 1.4
    endloop
  endfacet
  facet normal 0 -0 1
    outer loop
      vertex 14 -22.7846 1.4
      vertex 35.4447 -20.5999 1.4
      vertex 12.2342 -21.6596 1.4
    endloop
  endfacet
  facet normal 0 -0 1
    outer loop
      vertex 2.09133 -4.09174 1.4
      vertex 2.09133 0.0917377 1.4
      vertex 2 -2 1.4
    endloop
  endfacet
  facet normal 0.300711 -0.953715 0
    outer loop
      vertex 17.7915 20.5526 1.4
      vertex 19.7883 21.1822 2.2
      vertex 17.7915 20.5526 2.2
    endloop
  endfacet
  facet normal 0.300711 -0.953715 0
    outer loop
      vertex 19.7883 21.1822 2.2
      vertex 17.7915 20.5526 1.4
      vertex 19.7883 21.1822 1.4
    endloop
  endfacet
  facet normal -0.843378 -0.53732 0
    outer loop
      vertex 46.7846 10 1.4
      vertex 45.6596 11.7658 2.2
      vertex 45.6596 11.7658 1.4
    endloop
  endfacet
  facet normal -0.843378 -0.53732 0
    outer loop
      vertex 45.6596 11.7658 2.2
      vertex 46.7846 10 1.4
      vertex 46.7846 10 2.2
    endloop
  endfacet
  facet normal -0.608729 -0.793378 0
    outer loop
      vertex 39.7658 17.6596 1.4
      vertex 41.4269 16.3851 2.2
      vertex 39.7658 17.6596 2.2
    endloop
  endfacet
  facet normal -0.608729 -0.793378 -0
    outer loop
      vertex 41.4269 16.3851 2.2
      vertex 39.7658 17.6596 1.4
      vertex 41.4269 16.3851 1.4
    endloop
  endfacet
  facet normal -0.382678 -0.923882 0
    outer loop
      vertex 34.2085 20.5526 1.4
      vertex 36.1428 19.7514 2.6
      vertex 34.2085 20.5526 2.6
    endloop
  endfacet
  facet normal -0.382678 -0.923882 -0
    outer loop
      vertex 36.1428 19.7514 2.6
      vertex 34.2085 20.5526 1.4
      vertex 36.1428 19.7514 1.4
    endloop
  endfacet
  facet normal -0.608729 0.793378 0
    outer loop
      vertex 41.4269 -20.3851 1.4
      vertex 39.7658 -21.6596 2.2
      vertex 41.4269 -20.3851 2.2
    endloop
  endfacet
  facet normal -0.608729 0.793378 0
    outer loop
      vertex 39.7658 -21.6596 2.2
      vertex 41.4269 -20.3851 1.4
      vertex 39.7658 -21.6596 1.4
    endloop
  endfacet
  facet normal 0.999048 0.0436207 0
    outer loop
      vertex 2.09133 -4.09174 2.2
      vertex 2 -2 1.4
      vertex 2 -2 2.2
    endloop
  endfacet
  facet normal 0.999048 0.0436207 0
    outer loop
      vertex 2 -2 1.4
      vertex 2.09133 -4.09174 2.2
      vertex 2.09133 -4.09174 1.4
    endloop
  endfacet
  facet normal 0.608729 0.793378 -0
    outer loop
      vertex 12.2342 -21.6596 1.4
      vertex 10.5731 -20.3851 2.2
      vertex 12.2342 -21.6596 2.2
    endloop
  endfacet
  facet normal 0.608729 0.793378 0
    outer loop
      vertex 10.5731 -20.3851 2.2
      vertex 12.2342 -21.6596 1.4
      vertex 10.5731 -20.3851 1.4
    endloop
  endfacet
  facet normal 0.0435603 -0.999051 0
    outer loop
      vertex 23.9083 21.9087 2.2
      vertex 23.9083 21.9087 1.4
      vertex 25 21.9563 2.2
    endloop
  endfacet
  facet normal 0.0436583 -0.999047 0
    outer loop
      vertex 25 21.9563 2.2
      vertex 26 22 2.6
      vertex 25 21.9563 2.6
    endloop
  endfacet
  facet normal 0.0436072 -0.999049 -6.40555e-05
    outer loop
      vertex 26 22 1.4
      vertex 25 21.9563 2.2
      vertex 23.9083 21.9087 1.4
    endloop
  endfacet
  facet normal 0.0436583 -0.999047 0
    outer loop
      vertex 25 21.9563 2.2
      vertex 26 22 1.4
      vertex 26 22 2.6
    endloop
  endfacet
  facet normal -0.461738 -0.887016 0
    outer loop
      vertex 36.1428 19.7514 2.6
      vertex 37.9382 18.8168 2.2
      vertex 37.9382 18.8168 2.6
    endloop
  endfacet
  facet normal -0.461738 -0.887016 0
    outer loop
      vertex 36.1428 19.7514 1.4
      vertex 37.9382 18.8168 2.2
      vertex 36.1428 19.7514 2.6
    endloop
  endfacet
  facet normal -0.46175 -0.88701 3.19996e-05
    outer loop
      vertex 38 18.7846 1.4
      vertex 37.9382 18.8168 2.2
      vertex 36.1428 19.7514 1.4
    endloop
  endfacet
  facet normal -0.462076 -0.886841 0
    outer loop
      vertex 37.9382 18.8168 2.2
      vertex 38 18.7846 1.4
      vertex 38 18.7846 2.2
    endloop
  endfacet
  facet normal 0.79336 -0.608753 0
    outer loop
      vertex 6.34035 11.7658 2.2
      vertex 7.61493 13.4269 1.4
      vertex 7.61493 13.4269 2.2
    endloop
  endfacet
  facet normal 0.79336 -0.608753 0
    outer loop
      vertex 7.61493 13.4269 1.4
      vertex 6.34035 11.7658 2.2
      vertex 6.34035 11.7658 1.4
    endloop
  endfacet
  facet normal 0.608729 -0.793378 0
    outer loop
      vertex 10.5731 16.3851 1.4
      vertex 12.2342 17.6596 2.2
      vertex 10.5731 16.3851 2.2
    endloop
  endfacet
  facet normal 0.608729 -0.793378 0
    outer loop
      vertex 12.2342 17.6596 2.2
      vertex 10.5731 16.3851 1.4
      vertex 12.2342 17.6596 1.4
    endloop
  endfacet
  facet normal 0.675589 -0.737278 0
    outer loop
      vertex 9.02944 14.9706 1.4
      vertex 10.5731 16.3851 2.2
      vertex 9.02944 14.9706 2.2
    endloop
  endfacet
  facet normal 0.675589 -0.737278 0
    outer loop
      vertex 10.5731 16.3851 2.2
      vertex 9.02944 14.9706 1.4
      vertex 10.5731 16.3851 1.4
    endloop
  endfacet
  facet normal -0.999049 0.0436064 0
    outer loop
      vertex 49.9087 -4.09174 1.4
      vertex 50 -2 2.2
      vertex 50 -2 1.4
    endloop
  endfacet
  facet normal -0.999049 0.0436064 0
    outer loop
      vertex 50 -2 2.2
      vertex 49.9087 -4.09174 1.4
      vertex 49.9087 -4.09174 2.2
    endloop
  endfacet
  facet normal 0.216455 0.976293 -0
    outer loop
      vertex 21.8324 -25.6354 1.4
      vertex 19.7883 -25.1822 2.2
      vertex 21.8324 -25.6354 2.2
    endloop
  endfacet
  facet normal 0.216455 0.976293 0
    outer loop
      vertex 19.7883 -25.1822 2.2
      vertex 21.8324 -25.6354 1.4
      vertex 19.7883 -25.1822 1.4
    endloop
  endfacet
  facet normal 0.976296 0.216441 0
    outer loop
      vertex 2.81778 -8.21166 2.2
      vertex 2.36461 -6.16756 1.4
      vertex 2.36461 -6.16756 2.2
    endloop
  endfacet
  facet normal 0.976296 0.216441 0
    outer loop
      vertex 2.36461 -6.16756 1.4
      vertex 2.81778 -8.21166 2.2
      vertex 2.81778 -8.21166 1.4
    endloop
  endfacet
  facet normal -0.923886 -0.382668 0
    outer loop
      vertex 48.5526 6.20848 1.4
      vertex 47.7514 8.14284 2.2
      vertex 47.7514 8.14284 1.4
    endloop
  endfacet
  facet normal -0.923886 -0.382668 0
    outer loop
      vertex 47.7514 8.14284 2.2
      vertex 48.5526 6.20848 1.4
      vertex 48.5526 6.20848 2.2
    endloop
  endfacet
  facet normal -0.537455 0.843292 0
    outer loop
      vertex 39.7658 -21.6596 2.2
      vertex 39.7658 -21.6596 1.4
      vertex 39.3704 -21.9116 2.2
    endloop
  endfacet
  facet normal -0.537282 0.843403 0
    outer loop
      vertex 39.3704 -21.9116 2.2
      vertex 38 -22.7846 2.6
      vertex 39.3704 -21.9116 2.6
    endloop
  endfacet
  facet normal -0.53732 0.843378 9.34938e-05
    outer loop
      vertex 38 -22.7846 1.4
      vertex 39.3704 -21.9116 2.2
      vertex 39.7658 -21.6596 1.4
    endloop
  endfacet
  facet normal -0.537282 0.843403 0
    outer loop
      vertex 39.3704 -21.9116 2.2
      vertex 38 -22.7846 1.4
      vertex 38 -22.7846 2.6
    endloop
  endfacet
  facet normal -0.382663 0.923888 0
    outer loop
      vertex 36.1428 -23.7514 2.6
      vertex 34.7275 -24.3376 2.2
      vertex 34.7275 -24.3376 2.6
    endloop
  endfacet
  facet normal -0.382663 0.923888 0
    outer loop
      vertex 36.1428 -23.7514 1.4
      vertex 34.7275 -24.3376 2.2
      vertex 36.1428 -23.7514 2.6
    endloop
  endfacet
  facet normal -0.382678 0.923882 -3.08669e-05
    outer loop
      vertex 34.2085 -24.5526 1.4
      vertex 34.7275 -24.3376 2.2
      vertex 36.1428 -23.7514 1.4
    endloop
  endfacet
  facet normal -0.382719 0.923865 0
    outer loop
      vertex 34.7275 -24.3376 2.2
      vertex 34.2085 -24.5526 1.4
      vertex 34.2085 -24.5526 2.2
    endloop
  endfacet
  facet normal 0.46175 0.88701 -0
    outer loop
      vertex 15.8572 -23.7514 1.4
      vertex 14 -22.7846 2.2
      vertex 15.8572 -23.7514 2.2
    endloop
  endfacet
  facet normal 0.46175 0.88701 0
    outer loop
      vertex 14 -22.7846 2.2
      vertex 15.8572 -23.7514 1.4
      vertex 14 -22.7846 1.4
    endloop
  endfacet
  facet normal 0.46175 -0.88701 0
    outer loop
      vertex 14 18.7846 1.4
      vertex 15.8572 19.7514 2.2
      vertex 14 18.7846 2.2
    endloop
  endfacet
  facet normal 0.46175 -0.88701 0
    outer loop
      vertex 15.8572 19.7514 2.2
      vertex 14 18.7846 1.4
      vertex 15.8572 19.7514 1.4
    endloop
  endfacet
  facet normal 0.53732 0.843378 -0
    outer loop
      vertex 14 -22.7846 1.4
      vertex 12.2342 -21.6596 2.2
      vertex 14 -22.7846 2.2
    endloop
  endfacet
  facet normal 0.53732 0.843378 0
    outer loop
      vertex 12.2342 -21.6596 2.2
      vertex 14 -22.7846 1.4
      vertex 12.2342 -21.6596 1.4
    endloop
  endfacet
  facet normal 0.887014 0.461742 0
    outer loop
      vertex 5.21539 -14 2.2
      vertex 4.24861 -12.1428 1.4
      vertex 4.24861 -12.1428 2.2
    endloop
  endfacet
  facet normal 0.887014 0.461742 0
    outer loop
      vertex 4.24861 -12.1428 1.4
      vertex 5.21539 -14 2.2
      vertex 5.21539 -14 1.4
    endloop
  endfacet
  facet normal 0.130527 -0.991445 0
    outer loop
      vertex 21.8324 21.6354 1.4
      vertex 23.9083 21.9087 2.2
      vertex 21.8324 21.6354 2.2
    endloop
  endfacet
  facet normal 0.130527 -0.991445 0
    outer loop
      vertex 23.9083 21.9087 2.2
      vertex 21.8324 21.6354 1.4
      vertex 23.9083 21.9087 1.4
    endloop
  endfacet
  facet normal 0.382678 -0.923882 0
    outer loop
      vertex 15.8572 19.7514 1.4
      vertex 17.7915 20.5526 2.2
      vertex 15.8572 19.7514 2.2
    endloop
  endfacet
  facet normal 0.382678 -0.923882 0
    outer loop
      vertex 17.7915 20.5526 2.2
      vertex 15.8572 19.7514 1.4
      vertex 17.7915 20.5526 1.4
    endloop
  endfacet
  facet normal -0.887006 -0.461758 0
    outer loop
      vertex 47.7514 8.14284 1.4
      vertex 46.7846 10 2.2
      vertex 46.7846 10 1.4
    endloop
  endfacet
  facet normal -0.887006 -0.461758 0
    outer loop
      vertex 46.7846 10 2.2
      vertex 47.7514 8.14284 1.4
      vertex 47.7514 8.14284 2.2
    endloop
  endfacet
  facet normal 0.737285 0.675582 0
    outer loop
      vertex 9.02944 -18.9706 2.2
      vertex 7.61493 -17.4269 1.4
      vertex 7.61493 -17.4269 2.2
    endloop
  endfacet
  facet normal 0.737285 0.675582 0
    outer loop
      vertex 7.61493 -17.4269 1.4
      vertex 9.02944 -18.9706 2.2
      vertex 9.02944 -18.9706 1.4
    endloop
  endfacet
  facet normal 0.923877 0.38269 0
    outer loop
      vertex 4.24861 -12.1428 2.2
      vertex 3.44738 -10.2085 1.4
      vertex 3.44738 -10.2085 2.2
    endloop
  endfacet
  facet normal 0.923877 0.38269 0
    outer loop
      vertex 3.44738 -10.2085 1.4
      vertex 4.24861 -12.1428 2.2
      vertex 4.24861 -12.1428 1.4
    endloop
  endfacet
  facet normal -0.953717 0.300705 0
    outer loop
      vertex 48.5526 -10.2085 1.4
      vertex 49.1822 -8.21166 2.2
      vertex 49.1822 -8.21166 1.4
    endloop
  endfacet
  facet normal -0.953717 0.300705 0
    outer loop
      vertex 49.1822 -8.21166 2.2
      vertex 48.5526 -10.2085 1.4
      vertex 48.5526 -10.2085 2.2
    endloop
  endfacet
  facet normal -0.88701 0.46175 0
    outer loop
      vertex 46.7846 -14 1.4
      vertex 47.7514 -12.1428 2.2
      vertex 47.7514 -12.1428 1.4
    endloop
  endfacet
  facet normal -0.88701 0.46175 0
    outer loop
      vertex 47.7514 -12.1428 2.2
      vertex 46.7846 -14 1.4
      vertex 46.7846 -14 2.2
    endloop
  endfacet
  facet normal 0.843387 0.537307 0
    outer loop
      vertex 6.34035 -15.7658 2.2
      vertex 5.21539 -14 1.4
      vertex 5.21539 -14 2.2
    endloop
  endfacet
  facet normal 0.843387 0.537307 0
    outer loop
      vertex 5.21539 -14 1.4
      vertex 6.34035 -15.7658 2.2
      vertex 6.34035 -15.7658 1.4
    endloop
  endfacet
  facet normal 0.737285 -0.675582 0
    outer loop
      vertex 7.61493 13.4269 2.2
      vertex 9.02944 14.9706 1.4
      vertex 9.02944 14.9706 2.2
    endloop
  endfacet
  facet normal 0.737285 -0.675582 0
    outer loop
      vertex 9.02944 14.9706 1.4
      vertex 7.61493 13.4269 2.2
      vertex 7.61493 13.4269 1.4
    endloop
  endfacet
  facet normal 0.991445 -0.130523 0
    outer loop
      vertex 2.09133 0.0917377 2.2
      vertex 2.36461 2.16756 1.4
      vertex 2.36461 2.16756 2.2
    endloop
  endfacet
  facet normal 0.991445 -0.130523 0
    outer loop
      vertex 2.36461 2.16756 1.4
      vertex 2.09133 0.0917377 2.2
      vertex 2.09133 0.0917377 1.4
    endloop
  endfacet
  facet normal -0.0436072 0.999049 0
    outer loop
      vertex 28.0917 -25.9087 1.4
      vertex 26 -26 2.2
      vertex 28.0917 -25.9087 2.2
    endloop
  endfacet
  facet normal -0.0436072 0.999049 0
    outer loop
      vertex 26 -26 2.2
      vertex 28.0917 -25.9087 1.4
      vertex 26 -26 1.4
    endloop
  endfacet
  facet normal 0.953717 0.300705 0
    outer loop
      vertex 3.44738 -10.2085 2.2
      vertex 2.81778 -8.21166 1.4
      vertex 2.81778 -8.21166 2.2
    endloop
  endfacet
  facet normal 0.953717 0.300705 0
    outer loop
      vertex 2.81778 -8.21166 1.4
      vertex 3.44738 -10.2085 2.2
      vertex 3.44738 -10.2085 1.4
    endloop
  endfacet
  facet normal -0.923882 0.382678 0
    outer loop
      vertex 47.7514 -12.1428 1.4
      vertex 48.5526 -10.2085 2.2
      vertex 48.5526 -10.2085 1.4
    endloop
  endfacet
  facet normal -0.923882 0.382678 0
    outer loop
      vertex 48.5526 -10.2085 2.2
      vertex 47.7514 -12.1428 1.4
      vertex 47.7514 -12.1428 2.2
    endloop
  endfacet
  facet normal 0.991445 0.130523 0
    outer loop
      vertex 2.36461 -6.16756 2.2
      vertex 2.09133 -4.09174 1.4
      vertex 2.09133 -4.09174 2.2
    endloop
  endfacet
  facet normal 0.991445 0.130523 0
    outer loop
      vertex 2.09133 -4.09174 1.4
      vertex 2.36461 -6.16756 2.2
      vertex 2.36461 -6.16756 1.4
    endloop
  endfacet
  facet normal -0.216455 0.976293 0
    outer loop
      vertex 32.2117 -25.1822 1.4
      vertex 30.1676 -25.6354 2.2
      vertex 32.2117 -25.1822 2.2
    endloop
  endfacet
  facet normal -0.216455 0.976293 0
    outer loop
      vertex 30.1676 -25.6354 2.2
      vertex 32.2117 -25.1822 1.4
      vertex 30.1676 -25.6354 1.4
    endloop
  endfacet
  facet normal -0.130527 0.991445 0
    outer loop
      vertex 30.1676 -25.6354 1.4
      vertex 28.0917 -25.9087 2.2
      vertex 30.1676 -25.6354 2.2
    endloop
  endfacet
  facet normal -0.130527 0.991445 0
    outer loop
      vertex 28.0917 -25.9087 2.2
      vertex 30.1676 -25.6354 1.4
      vertex 28.0917 -25.9087 1.4
    endloop
  endfacet
  facet normal 0.953716 -0.300708 0
    outer loop
      vertex 2.81778 4.21166 2.2
      vertex 3.44738 6.20848 1.4
      vertex 3.44738 6.20848 2.2
    endloop
  endfacet
  facet normal 0.953716 -0.300708 0
    outer loop
      vertex 3.44738 6.20848 1.4
      vertex 2.81778 4.21166 2.2
      vertex 2.81778 4.21166 1.4
    endloop
  endfacet
  facet normal -0.67558 -0.737287 0
    outer loop
      vertex 41.4269 16.3851 1.4
      vertex 42.9706 14.9706 2.2
      vertex 41.4269 16.3851 2.2
    endloop
  endfacet
  facet normal -0.67558 -0.737287 -0
    outer loop
      vertex 42.9706 14.9706 2.2
      vertex 41.4269 16.3851 1.4
      vertex 42.9706 14.9706 1.4
    endloop
  endfacet
  facet normal 0.382678 0.923882 -0
    outer loop
      vertex 17.7915 -24.5526 1.4
      vertex 15.8572 -23.7514 2.2
      vertex 17.7915 -24.5526 2.2
    endloop
  endfacet
  facet normal 0.382678 0.923882 0
    outer loop
      vertex 15.8572 -23.7514 2.2
      vertex 17.7915 -24.5526 1.4
      vertex 15.8572 -23.7514 1.4
    endloop
  endfacet
  facet normal -0.46175 0.88701 0
    outer loop
      vertex 38 -22.7846 1.4
      vertex 36.1428 -23.7514 2.6
      vertex 38 -22.7846 2.6
    endloop
  endfacet
  facet normal -0.46175 0.88701 0
    outer loop
      vertex 36.1428 -23.7514 2.6
      vertex 38 -22.7846 1.4
      vertex 36.1428 -23.7514 1.4
    endloop
  endfacet
  facet normal -0.843378 0.53732 0
    outer loop
      vertex 45.6596 -15.7658 1.4
      vertex 46.7846 -14 2.2
      vertex 46.7846 -14 1.4
    endloop
  endfacet
  facet normal -0.843378 0.53732 0
    outer loop
      vertex 46.7846 -14 2.2
      vertex 45.6596 -15.7658 1.4
      vertex 45.6596 -15.7658 2.2
    endloop
  endfacet
  facet normal -0.216455 -0.976293 0
    outer loop
      vertex 30.1676 21.6354 1.4
      vertex 32.2117 21.1822 2.6
      vertex 30.1676 21.6354 2.6
    endloop
  endfacet
  facet normal -0.216455 -0.976293 -0
    outer loop
      vertex 32.2117 21.1822 2.6
      vertex 30.1676 21.6354 1.4
      vertex 32.2117 21.1822 1.4
    endloop
  endfacet
  facet normal 0.53732 -0.843378 0
    outer loop
      vertex 12.2342 17.6596 1.4
      vertex 14 18.7846 2.2
      vertex 12.2342 17.6596 2.2
    endloop
  endfacet
  facet normal 0.53732 -0.843378 0
    outer loop
      vertex 14 18.7846 2.2
      vertex 12.2342 17.6596 1.4
      vertex 14 18.7846 1.4
    endloop
  endfacet
  facet normal 0.0436072 0.999049 -0
    outer loop
      vertex 26 -26 1.4
      vertex 23.9083 -25.9087 2.2
      vertex 26 -26 2.2
    endloop
  endfacet
  facet normal 0.0436072 0.999049 0
    outer loop
      vertex 23.9083 -25.9087 2.2
      vertex 26 -26 1.4
      vertex 23.9083 -25.9087 1.4
    endloop
  endfacet
  facet normal 0.79336 0.608753 0
    outer loop
      vertex 7.61493 -17.4269 2.2
      vertex 6.34035 -15.7658 1.4
      vertex 6.34035 -15.7658 2.2
    endloop
  endfacet
  facet normal 0.79336 0.608753 0
    outer loop
      vertex 6.34035 -15.7658 1.4
      vertex 7.61493 -17.4269 2.2
      vertex 7.61493 -17.4269 1.4
    endloop
  endfacet
  facet normal -0.300689 -0.953722 0
    outer loop
      vertex 32.2117 21.1822 2.6
      vertex 32.7896 21 2.2
      vertex 32.7896 21 2.6
    endloop
  endfacet
  facet normal -0.300649 -0.953735 -3.14675e-05
    outer loop
      vertex 32.7896 21 2.2
      vertex 32.2117 21.1822 1.4
      vertex 33.0548 20.9164 2.2
    endloop
  endfacet
  facet normal -0.300689 -0.953722 0
    outer loop
      vertex 32.2117 21.1822 1.4
      vertex 32.7896 21 2.2
      vertex 32.2117 21.1822 2.6
    endloop
  endfacet
  facet normal -0.300736 -0.953708 0
    outer loop
      vertex 33.0548 20.9164 2.2
      vertex 34.2085 20.5526 2.6
      vertex 33.0548 20.9164 2.6
    endloop
  endfacet
  facet normal -0.300711 -0.953715 3.95949e-05
    outer loop
      vertex 34.2085 20.5526 1.4
      vertex 33.0548 20.9164 2.2
      vertex 32.2117 21.1822 1.4
    endloop
  endfacet
  facet normal -0.300736 -0.953708 0
    outer loop
      vertex 33.0548 20.9164 2.2
      vertex 34.2085 20.5526 1.4
      vertex 34.2085 20.5526 2.6
    endloop
  endfacet
  facet normal 0.843387 -0.537307 0
    outer loop
      vertex 5.21539 10 2.2
      vertex 6.34035 11.7658 1.4
      vertex 6.34035 11.7658 2.2
    endloop
  endfacet
  facet normal 0.843387 -0.537307 0
    outer loop
      vertex 6.34035 11.7658 1.4
      vertex 5.21539 10 2.2
      vertex 5.21539 10 1.4
    endloop
  endfacet
  facet normal 0.130527 0.991445 -0
    outer loop
      vertex 23.9083 -25.9087 1.4
      vertex 21.8324 -25.6354 2.2
      vertex 23.9083 -25.9087 2.2
    endloop
  endfacet
  facet normal 0.130527 0.991445 0
    outer loop
      vertex 21.8324 -25.6354 2.2
      vertex 23.9083 -25.9087 1.4
      vertex 21.8324 -25.6354 1.4
    endloop
  endfacet
  facet normal -0.737287 -0.67558 0
    outer loop
      vertex 44.3851 13.4269 1.4
      vertex 42.9706 14.9706 2.2
      vertex 42.9706 14.9706 1.4
    endloop
  endfacet
  facet normal -0.737287 -0.67558 0
    outer loop
      vertex 42.9706 14.9706 2.2
      vertex 44.3851 13.4269 1.4
      vertex 44.3851 13.4269 2.2
    endloop
  endfacet
endsolid OpenSCAD_Model
